source,destination,dataflow,mechanism,classification,evidence
firefly.core.explorer,firefly.core.api,"Queries messages, operations and network state",In-process calls / Go,Architecture flow inferred from documented responsibilities,https://github.com/hyperledger-firefly/ui/tree/658bae40220f124e0e20182cc48b231473e754c5/src;https://github.com/hyperledger-firefly/firefly/tree/9d20f3081c9074d5b012427e5572ebc03da8d95d/internal/apiserver
firefly.core.api,firefly.core.auth,Passes request credentials for authorization,In-process calls / Go,Architecture flow inferred from documented responsibilities,https://github.com/hyperledger-firefly/firefly/tree/9d20f3081c9074d5b012427e5572ebc03da8d95d/internal/apiserver;https://github.com/hyperledger-firefly/common/tree/b91a1eb645e5bc39c54ed20ad0e917cff7d15d2e/pkg/auth
firefly.core.api,firefly.core.namespaces,Resolves the requested namespace,In-process calls / Go,Architecture flow inferred from documented responsibilities,https://github.com/hyperledger-firefly/firefly/tree/9d20f3081c9074d5b012427e5572ebc03da8d95d/internal/apiserver;https://github.com/hyperledger-firefly/firefly/tree/9d20f3081c9074d5b012427e5572ebc03da8d95d/internal/namespace
firefly.core.namespaces,firefly.core.orchestrator,Initializes namespace resources and plugins,In-process calls / Go,Architecture flow inferred from documented responsibilities,https://github.com/hyperledger-firefly/firefly/tree/9d20f3081c9074d5b012427e5572ebc03da8d95d/internal/namespace;https://github.com/hyperledger-firefly/firefly/tree/9d20f3081c9074d5b012427e5572ebc03da8d95d/internal/orchestrator
firefly.core.api,firefly.core.orchestrator,Submits validated commands and queries,In-process calls / Go,Architecture flow inferred from documented responsibilities,https://github.com/hyperledger-firefly/firefly/tree/9d20f3081c9074d5b012427e5572ebc03da8d95d/internal/apiserver;https://github.com/hyperledger-firefly/firefly/tree/9d20f3081c9074d5b012427e5572ebc03da8d95d/internal/orchestrator
firefly.core.orchestrator,firefly.core.syncasync,Waits for asynchronous request completion,In-process calls / Go,Architecture flow inferred from documented responsibilities,https://github.com/hyperledger-firefly/firefly/tree/9d20f3081c9074d5b012427e5572ebc03da8d95d/internal/orchestrator;https://github.com/hyperledger-firefly/firefly/tree/9d20f3081c9074d5b012427e5572ebc03da8d95d/internal/syncasync
firefly.core.orchestrator,firefly.core.identity,Resolves signing identities,In-process calls / Go,Architecture flow inferred from documented responsibilities,https://github.com/hyperledger-firefly/firefly/tree/9d20f3081c9074d5b012427e5572ebc03da8d95d/internal/orchestrator;https://github.com/hyperledger-firefly/firefly/tree/9d20f3081c9074d5b012427e5572ebc03da8d95d/internal/identity
firefly.core.identity,firefly.core.identityplugin,Initializes the configured onchain placeholder,In-process calls / Go,Architecture flow inferred from documented responsibilities,https://github.com/hyperledger-firefly/firefly/tree/9d20f3081c9074d5b012427e5572ebc03da8d95d/internal/identity;https://github.com/hyperledger-firefly/firefly/tree/9d20f3081c9074d5b012427e5572ebc03da8d95d/internal/identity/tbd
firefly.core.identity,firefly.core.networkmap,Looks up members and node endpoints,In-process calls / Go,Architecture flow inferred from documented responsibilities,https://github.com/hyperledger-firefly/firefly/tree/9d20f3081c9074d5b012427e5572ebc03da8d95d/internal/identity;https://github.com/hyperledger-firefly/firefly/tree/9d20f3081c9074d5b012427e5572ebc03da8d95d/internal/networkmap
firefly.core.networkmap,firefly.core.definitions,Registers shared member definitions,In-process calls / Go,Architecture flow inferred from documented responsibilities,https://github.com/hyperledger-firefly/firefly/tree/9d20f3081c9074d5b012427e5572ebc03da8d95d/internal/networkmap;https://github.com/hyperledger-firefly/firefly/tree/9d20f3081c9074d5b012427e5572ebc03da8d95d/internal/definitions
firefly.core.definitions,firefly.core.broadcast,Publishes network definitions,In-process calls / Go,Architecture flow inferred from documented responsibilities,https://github.com/hyperledger-firefly/firefly/tree/9d20f3081c9074d5b012427e5572ebc03da8d95d/internal/definitions;https://github.com/hyperledger-firefly/firefly/tree/9d20f3081c9074d5b012427e5572ebc03da8d95d/internal/broadcast
firefly.core.orchestrator,firefly.core.multiparty,Submits consortium network actions,In-process calls / Go,Architecture flow inferred from documented responsibilities,https://github.com/hyperledger-firefly/firefly/tree/9d20f3081c9074d5b012427e5572ebc03da8d95d/internal/orchestrator;https://github.com/hyperledger-firefly/firefly/tree/9d20f3081c9074d5b012427e5572ebc03da8d95d/internal/multiparty
firefly.core.multiparty,firefly.core.blockchain,Submits contract pinning transactions,In-process calls / Go,Architecture flow inferred from documented responsibilities,https://github.com/hyperledger-firefly/firefly/tree/9d20f3081c9074d5b012427e5572ebc03da8d95d/internal/multiparty;https://github.com/hyperledger-firefly/firefly/tree/9d20f3081c9074d5b012427e5572ebc03da8d95d/internal/blockchain
firefly.core.orchestrator,firefly.core.data,Submits payloads and datatype definitions,In-process calls / Go,Architecture flow inferred from documented responsibilities,https://github.com/hyperledger-firefly/firefly/tree/9d20f3081c9074d5b012427e5572ebc03da8d95d/internal/orchestrator;https://github.com/hyperledger-firefly/firefly/tree/9d20f3081c9074d5b012427e5572ebc03da8d95d/internal/data
firefly.core.data,firefly.core.schema,Validates structured payloads,In-process calls / Go,Architecture flow inferred from documented responsibilities,https://github.com/hyperledger-firefly/firefly/tree/9d20f3081c9074d5b012427e5572ebc03da8d95d/internal/data
firefly.core.data,firefly.core.database,Persists payload metadata and hashes,In-process calls / Go,Architecture flow inferred from documented responsibilities,https://github.com/hyperledger-firefly/firefly/tree/9d20f3081c9074d5b012427e5572ebc03da8d95d/internal/data;https://github.com/hyperledger-firefly/firefly/tree/9d20f3081c9074d5b012427e5572ebc03da8d95d/internal/database
firefly.core.orchestrator,firefly.core.batch,Queues outbound messages,In-process calls / Go,Architecture flow inferred from documented responsibilities,https://github.com/hyperledger-firefly/firefly/tree/9d20f3081c9074d5b012427e5572ebc03da8d95d/internal/orchestrator;https://github.com/hyperledger-firefly/firefly/tree/9d20f3081c9074d5b012427e5572ebc03da8d95d/internal/batch
firefly.core.batch,firefly.core.batchprocessor,Assigns messages to recoverable batches,In-process calls / Go,Architecture flow inferred from documented responsibilities,https://github.com/hyperledger-firefly/firefly/tree/9d20f3081c9074d5b012427e5572ebc03da8d95d/internal/batch
firefly.core.batchprocessor,firefly.core.data,Loads payloads for batch assembly,In-process calls / Go,Architecture flow inferred from documented responsibilities,https://github.com/hyperledger-firefly/firefly/tree/9d20f3081c9074d5b012427e5572ebc03da8d95d/internal/batch;https://github.com/hyperledger-firefly/firefly/tree/9d20f3081c9074d5b012427e5572ebc03da8d95d/internal/data
firefly.core.batchprocessor,firefly.core.broadcast,Dispatches broadcast batches,In-process calls / Go,Architecture flow inferred from documented responsibilities,https://github.com/hyperledger-firefly/firefly/tree/9d20f3081c9074d5b012427e5572ebc03da8d95d/internal/batch;https://github.com/hyperledger-firefly/firefly/tree/9d20f3081c9074d5b012427e5572ebc03da8d95d/internal/broadcast
firefly.core.batchprocessor,firefly.core.private,Dispatches recipient-scoped batches,In-process calls / Go,Architecture flow inferred from documented responsibilities,https://github.com/hyperledger-firefly/firefly/tree/9d20f3081c9074d5b012427e5572ebc03da8d95d/internal/batch;https://github.com/hyperledger-firefly/firefly/tree/9d20f3081c9074d5b012427e5572ebc03da8d95d/internal/privatemessaging
firefly.core.broadcast,firefly.core.sharedstorage,Uploads broadcast payloads,In-process calls / Go,Architecture flow inferred from documented responsibilities,https://github.com/hyperledger-firefly/firefly/tree/9d20f3081c9074d5b012427e5572ebc03da8d95d/internal/broadcast;https://github.com/hyperledger-firefly/firefly/tree/9d20f3081c9074d5b012427e5572ebc03da8d95d/internal/sharedstorage
firefly.core.broadcast,firefly.core.multiparty,Pins batch hashes on the ledger,In-process calls / Go,Architecture flow inferred from documented responsibilities,https://github.com/hyperledger-firefly/firefly/tree/9d20f3081c9074d5b012427e5572ebc03da8d95d/internal/broadcast;https://github.com/hyperledger-firefly/firefly/tree/9d20f3081c9074d5b012427e5572ebc03da8d95d/internal/multiparty
firefly.core.private,firefly.core.dataexchange,Sends private payloads to recipient nodes,In-process calls / Go,Architecture flow inferred from documented responsibilities,https://github.com/hyperledger-firefly/firefly/tree/9d20f3081c9074d5b012427e5572ebc03da8d95d/internal/privatemessaging;https://github.com/hyperledger-firefly/firefly/tree/9d20f3081c9074d5b012427e5572ebc03da8d95d/internal/dataexchange
firefly.core.private,firefly.core.multiparty,Pins private batch hashes when requested,In-process calls / Go,Architecture flow inferred from documented responsibilities,https://github.com/hyperledger-firefly/firefly/tree/9d20f3081c9074d5b012427e5572ebc03da8d95d/internal/privatemessaging;https://github.com/hyperledger-firefly/firefly/tree/9d20f3081c9074d5b012427e5572ebc03da8d95d/internal/multiparty
firefly.core.private,firefly.core.identity,Resolves group recipients and endpoints,In-process calls / Go,Architecture flow inferred from documented responsibilities,https://github.com/hyperledger-firefly/firefly/tree/9d20f3081c9074d5b012427e5572ebc03da8d95d/internal/privatemessaging;https://github.com/hyperledger-firefly/firefly/tree/9d20f3081c9074d5b012427e5572ebc03da8d95d/internal/identity
firefly.core.orchestrator,firefly.core.contracts,Submits contract queries and invocations,In-process calls / Go,Architecture flow inferred from documented responsibilities,https://github.com/hyperledger-firefly/firefly/tree/9d20f3081c9074d5b012427e5572ebc03da8d95d/internal/orchestrator;https://github.com/hyperledger-firefly/firefly/tree/9d20f3081c9074d5b012427e5572ebc03da8d95d/internal/contracts
firefly.core.orchestrator,firefly.core.assets,Submits token pool and transfer requests,In-process calls / Go,Architecture flow inferred from documented responsibilities,https://github.com/hyperledger-firefly/firefly/tree/9d20f3081c9074d5b012427e5572ebc03da8d95d/internal/orchestrator;https://github.com/hyperledger-firefly/firefly/tree/9d20f3081c9074d5b012427e5572ebc03da8d95d/internal/assets
firefly.core.contracts,firefly.core.blockchain,Submits ABI-backed calls and listeners,In-process calls / Go,Architecture flow inferred from documented responsibilities,https://github.com/hyperledger-firefly/firefly/tree/9d20f3081c9074d5b012427e5572ebc03da8d95d/internal/contracts;https://github.com/hyperledger-firefly/firefly/tree/9d20f3081c9074d5b012427e5572ebc03da8d95d/internal/blockchain
firefly.core.assets,firefly.core.tokens,Requests standard token operations,In-process calls / Go,Architecture flow inferred from documented responsibilities,https://github.com/hyperledger-firefly/firefly/tree/9d20f3081c9074d5b012427e5572ebc03da8d95d/internal/assets;https://github.com/hyperledger-firefly/firefly/tree/9d20f3081c9074d5b012427e5572ebc03da8d95d/internal/tokens
firefly.core.assets,firefly.core.contracts,Resolves token contract interfaces,In-process calls / Go,Architecture flow inferred from documented responsibilities,https://github.com/hyperledger-firefly/firefly/tree/9d20f3081c9074d5b012427e5572ebc03da8d95d/internal/assets;https://github.com/hyperledger-firefly/firefly/tree/9d20f3081c9074d5b012427e5572ebc03da8d95d/internal/contracts
firefly.core.contracts,firefly.core.operations,Tracks contract operation completion,In-process calls / Go,Architecture flow inferred from documented responsibilities,https://github.com/hyperledger-firefly/firefly/tree/9d20f3081c9074d5b012427e5572ebc03da8d95d/internal/contracts;https://github.com/hyperledger-firefly/firefly/tree/9d20f3081c9074d5b012427e5572ebc03da8d95d/internal/operations
firefly.core.assets,firefly.core.operations,Tracks token operation completion,In-process calls / Go,Architecture flow inferred from documented responsibilities,https://github.com/hyperledger-firefly/firefly/tree/9d20f3081c9074d5b012427e5572ebc03da8d95d/internal/assets;https://github.com/hyperledger-firefly/firefly/tree/9d20f3081c9074d5b012427e5572ebc03da8d95d/internal/operations
firefly.core.operations,firefly.core.txhelper,Correlates operation and transaction identifiers,In-process calls / Go,Architecture flow inferred from documented responsibilities,https://github.com/hyperledger-firefly/firefly/tree/9d20f3081c9074d5b012427e5572ebc03da8d95d/internal/operations;https://github.com/hyperledger-firefly/firefly/tree/9d20f3081c9074d5b012427e5572ebc03da8d95d/internal/txcommon
firefly.core.txhelper,firefly.core.txwriter,Queues transaction records for persistence,In-process calls / Go,Architecture flow inferred from documented responsibilities,https://github.com/hyperledger-firefly/firefly/tree/9d20f3081c9074d5b012427e5572ebc03da8d95d/internal/txcommon;https://github.com/hyperledger-firefly/firefly/tree/9d20f3081c9074d5b012427e5572ebc03da8d95d/internal/txwriter
firefly.core.txwriter,firefly.core.database,Flushes transaction records,In-process calls / Go,Architecture flow inferred from documented responsibilities,https://github.com/hyperledger-firefly/firefly/tree/9d20f3081c9074d5b012427e5572ebc03da8d95d/internal/txwriter;https://github.com/hyperledger-firefly/firefly/tree/9d20f3081c9074d5b012427e5572ebc03da8d95d/internal/database
firefly.core.operations,firefly.core.database,Persists operation state and retries,In-process calls / Go,Architecture flow inferred from documented responsibilities,https://github.com/hyperledger-firefly/firefly/tree/9d20f3081c9074d5b012427e5572ebc03da8d95d/internal/operations;https://github.com/hyperledger-firefly/firefly/tree/9d20f3081c9074d5b012427e5572ebc03da8d95d/internal/database
firefly.core.blockchain,firefly.core.aggregator,Delivers confirmed ledger events,In-process calls / Go,Architecture flow inferred from documented responsibilities,https://github.com/hyperledger-firefly/firefly/tree/9d20f3081c9074d5b012427e5572ebc03da8d95d/internal/blockchain;https://github.com/hyperledger-firefly/firefly/tree/9d20f3081c9074d5b012427e5572ebc03da8d95d/internal/events/aggregator.go
firefly.core.dataexchange,firefly.core.aggregator,Delivers received payload notifications,In-process calls / Go,Architecture flow inferred from documented responsibilities,https://github.com/hyperledger-firefly/firefly/tree/9d20f3081c9074d5b012427e5572ebc03da8d95d/internal/dataexchange;https://github.com/hyperledger-firefly/firefly/tree/9d20f3081c9074d5b012427e5572ebc03da8d95d/internal/events/aggregator.go
firefly.core.tokens,firefly.core.aggregator,Delivers token creation and transfer events,In-process calls / Go,Architecture flow inferred from documented responsibilities,https://github.com/hyperledger-firefly/firefly/tree/9d20f3081c9074d5b012427e5572ebc03da8d95d/internal/tokens;https://github.com/hyperledger-firefly/firefly/tree/9d20f3081c9074d5b012427e5572ebc03da8d95d/internal/events/aggregator.go
firefly.core.aggregator,firefly.core.download,Requests missing shared data,In-process calls / Go,Architecture flow inferred from documented responsibilities,https://github.com/hyperledger-firefly/firefly/tree/9d20f3081c9074d5b012427e5572ebc03da8d95d/internal/events/aggregator.go;https://github.com/hyperledger-firefly/firefly/tree/9d20f3081c9074d5b012427e5572ebc03da8d95d/internal/shareddownload
firefly.core.download,firefly.core.sharedstorage,Fetches content-addressed batches and blobs,In-process calls / Go,Architecture flow inferred from documented responsibilities,https://github.com/hyperledger-firefly/firefly/tree/9d20f3081c9074d5b012427e5572ebc03da8d95d/internal/shareddownload;https://github.com/hyperledger-firefly/firefly/tree/9d20f3081c9074d5b012427e5572ebc03da8d95d/internal/sharedstorage
firefly.core.download,firefly.core.data,Validates downloaded data and stores metadata,In-process calls / Go,Architecture flow inferred from documented responsibilities,https://github.com/hyperledger-firefly/firefly/tree/9d20f3081c9074d5b012427e5572ebc03da8d95d/internal/shareddownload;https://github.com/hyperledger-firefly/firefly/tree/9d20f3081c9074d5b012427e5572ebc03da8d95d/internal/data
firefly.core.aggregator,firefly.core.database,Persists sequenced events and message state,In-process calls / Go,Architecture flow inferred from documented responsibilities,https://github.com/hyperledger-firefly/firefly/tree/9d20f3081c9074d5b012427e5572ebc03da8d95d/internal/events/aggregator.go;https://github.com/hyperledger-firefly/firefly/tree/9d20f3081c9074d5b012427e5572ebc03da8d95d/internal/database
firefly.core.aggregator,firefly.core.subscriptions,Publishes locally ordered events,In-process calls / Go,Architecture flow inferred from documented responsibilities,https://github.com/hyperledger-firefly/firefly/tree/9d20f3081c9074d5b012427e5572ebc03da8d95d/internal/events/aggregator.go;https://github.com/hyperledger-firefly/firefly/tree/9d20f3081c9074d5b012427e5572ebc03da8d95d/internal/events/subscription_manager.go
firefly.core.subscriptions,firefly.core.database,Persists subscriptions and acknowledged offsets,In-process calls / Go,Architecture flow inferred from documented responsibilities,https://github.com/hyperledger-firefly/firefly/tree/9d20f3081c9074d5b012427e5572ebc03da8d95d/internal/events/subscription_manager.go;https://github.com/hyperledger-firefly/firefly/tree/9d20f3081c9074d5b012427e5572ebc03da8d95d/internal/database
firefly.core.subscriptions,firefly.core.dispatcher,Dispatches filtered event batches,In-process calls / Go,Architecture flow inferred from documented responsibilities,https://github.com/hyperledger-firefly/firefly/tree/9d20f3081c9074d5b012427e5572ebc03da8d95d/internal/events/subscription_manager.go;https://github.com/hyperledger-firefly/firefly/tree/9d20f3081c9074d5b012427e5572ebc03da8d95d/internal/events/event_dispatcher.go
firefly.core.dispatcher,firefly.core.eventplugin,Delivers events via configured transports,In-process calls / Go,Architecture flow inferred from documented responsibilities,https://github.com/hyperledger-firefly/firefly/tree/9d20f3081c9074d5b012427e5572ebc03da8d95d/internal/events/event_dispatcher.go;https://github.com/hyperledger-firefly/firefly/tree/9d20f3081c9074d5b012427e5572ebc03da8d95d/internal/events
firefly.core.dispatcher,firefly.core.syncasync,Completes waiting requests,In-process calls / Go,Architecture flow inferred from documented responsibilities,https://github.com/hyperledger-firefly/firefly/tree/9d20f3081c9074d5b012427e5572ebc03da8d95d/internal/events/event_dispatcher.go;https://github.com/hyperledger-firefly/firefly/tree/9d20f3081c9074d5b012427e5572ebc03da8d95d/internal/syncasync
firefly.core.namespaces,firefly.core.spievents,Publishes namespace lifecycle changes,In-process calls / Go,Architecture flow inferred from documented responsibilities,https://github.com/hyperledger-firefly/firefly/tree/9d20f3081c9074d5b012427e5572ebc03da8d95d/internal/namespace;https://github.com/hyperledger-firefly/firefly/tree/9d20f3081c9074d5b012427e5572ebc03da8d95d/internal/spievents
firefly.core.spievents,firefly.core.eventplugin,Publishes system notifications,In-process calls / Go,Architecture flow inferred from documented responsibilities,https://github.com/hyperledger-firefly/firefly/tree/9d20f3081c9074d5b012427e5572ebc03da8d95d/internal/spievents;https://github.com/hyperledger-firefly/firefly/tree/9d20f3081c9074d5b012427e5572ebc03da8d95d/internal/events
firefly.core.data,firefly.core.cache,Caches reusable data and schema lookups,In-process calls / Go,Architecture flow inferred from documented responsibilities,https://github.com/hyperledger-firefly/firefly/tree/9d20f3081c9074d5b012427e5572ebc03da8d95d/internal/data;https://github.com/hyperledger-firefly/firefly/tree/9d20f3081c9074d5b012427e5572ebc03da8d95d/internal/cache
firefly.core.contracts,firefly.core.cache,Caches contract definitions,In-process calls / Go,Architecture flow inferred from documented responsibilities,https://github.com/hyperledger-firefly/firefly/tree/9d20f3081c9074d5b012427e5572ebc03da8d95d/internal/contracts;https://github.com/hyperledger-firefly/firefly/tree/9d20f3081c9074d5b012427e5572ebc03da8d95d/internal/cache
firefly.core.orchestrator,firefly.core.metrics,Records API and subsystem measurements,In-process calls / Go,Architecture flow inferred from documented responsibilities,https://github.com/hyperledger-firefly/firefly/tree/9d20f3081c9074d5b012427e5572ebc03da8d95d/internal/orchestrator;https://github.com/hyperledger-firefly/firefly/tree/9d20f3081c9074d5b012427e5572ebc03da8d95d/internal/metrics
firefly.core.operations,firefly.core.metrics,Records operation outcomes,In-process calls / Go,Architecture flow inferred from documented responsibilities,https://github.com/hyperledger-firefly/firefly/tree/9d20f3081c9074d5b012427e5572ebc03da8d95d/internal/operations;https://github.com/hyperledger-firefly/firefly/tree/9d20f3081c9074d5b012427e5572ebc03da8d95d/internal/metrics
firefly.evm.api,firefly.evm.manager,Submits transaction and stream requests,In-process calls / Go,Architecture flow inferred from documented responsibilities,https://github.com/hyperledger-firefly/evmconnect/tree/6e12bb4c050677780cf5dd975a926923868b0cb8/cmd/evmconnect.go;https://github.com/hyperledger-firefly/transaction-manager/tree/5915cbc4e0e30dea25068b770dadbcc8bdfa9321/pkg/fftm
firefly.evm.manager,firefly.evm.handler,Schedules managed transaction processing,In-process calls / Go,Architecture flow inferred from documented responsibilities,https://github.com/hyperledger-firefly/transaction-manager/tree/5915cbc4e0e30dea25068b770dadbcc8bdfa9321/pkg/fftm;https://github.com/hyperledger-firefly/transaction-manager/tree/5915cbc4e0e30dea25068b770dadbcc8bdfa9321/pkg/txhandler
firefly.evm.handler,firefly.evm.nonce,Allocates the next sender nonce,In-process calls / Go,Architecture flow inferred from documented responsibilities,https://github.com/hyperledger-firefly/transaction-manager/tree/5915cbc4e0e30dea25068b770dadbcc8bdfa9321/pkg/txhandler;https://github.com/hyperledger-firefly/transaction-manager/tree/5915cbc4e0e30dea25068b770dadbcc8bdfa9321/internal/persistence
firefly.evm.nonce,firefly.evm.persistence,Persists sender transaction ordering,In-process calls / Go,Architecture flow inferred from documented responsibilities,https://github.com/hyperledger-firefly/transaction-manager/tree/5915cbc4e0e30dea25068b770dadbcc8bdfa9321/internal/persistence
firefly.evm.handler,firefly.evm.abi,Prepares calls and encoded transactions,In-process calls / Go,Architecture flow inferred from documented responsibilities,https://github.com/hyperledger-firefly/transaction-manager/tree/5915cbc4e0e30dea25068b770dadbcc8bdfa9321/pkg/txhandler;https://github.com/hyperledger-firefly/evmconnect/tree/6e12bb4c050677780cf5dd975a926923868b0cb8/internal/ethereum
firefly.evm.abi,firefly.evm.rpc,Issues Ethereum JSON-RPC requests,In-process calls / Go,Architecture flow inferred from documented responsibilities,https://github.com/hyperledger-firefly/evmconnect/tree/6e12bb4c050677780cf5dd975a926923868b0cb8/internal/ethereum;https://github.com/hyperledger-firefly/evmconnect/tree/6e12bb4c050677780cf5dd975a926923868b0cb8/pkg/ethrpc
firefly.evm.handler,firefly.evm.receipts,Tracks submitted transaction receipts,In-process calls / Go,Architecture flow inferred from documented responsibilities,https://github.com/hyperledger-firefly/transaction-manager/tree/5915cbc4e0e30dea25068b770dadbcc8bdfa9321/pkg/txhandler;https://github.com/hyperledger-firefly/transaction-manager/tree/5915cbc4e0e30dea25068b770dadbcc8bdfa9321/pkg/fftm
firefly.evm.receipts,firefly.evm.rpc,Queries transaction receipt status,In-process calls / Go,Architecture flow inferred from documented responsibilities,https://github.com/hyperledger-firefly/transaction-manager/tree/5915cbc4e0e30dea25068b770dadbcc8bdfa9321/pkg/fftm;https://github.com/hyperledger-firefly/evmconnect/tree/6e12bb4c050677780cf5dd975a926923868b0cb8/pkg/ethrpc
firefly.evm.rpc,firefly.evm.blocks,Returns block and filter responses,In-process calls / Go,Architecture flow inferred from documented responsibilities,https://github.com/hyperledger-firefly/evmconnect/tree/6e12bb4c050677780cf5dd975a926923868b0cb8/pkg/ethrpc;https://github.com/hyperledger-firefly/evmconnect/tree/6e12bb4c050677780cf5dd975a926923868b0cb8/pkg/ethblocklistener
firefly.evm.blocks,firefly.evm.confirmations,Publishes chain head updates,In-process calls / Go,Architecture flow inferred from documented responsibilities,https://github.com/hyperledger-firefly/evmconnect/tree/6e12bb4c050677780cf5dd975a926923868b0cb8/pkg/ethblocklistener;https://github.com/hyperledger-firefly/transaction-manager/tree/5915cbc4e0e30dea25068b770dadbcc8bdfa9321/internal/confirmations
firefly.evm.receipts,firefly.evm.confirmations,Submits receipts for confirmation,In-process calls / Go,Architecture flow inferred from documented responsibilities,https://github.com/hyperledger-firefly/transaction-manager/tree/5915cbc4e0e30dea25068b770dadbcc8bdfa9321/pkg/fftm;https://github.com/hyperledger-firefly/transaction-manager/tree/5915cbc4e0e30dea25068b770dadbcc8bdfa9321/internal/confirmations
firefly.evm.confirmations,firefly.evm.streams,Releases confirmed blockchain events,In-process calls / Go,Architecture flow inferred from documented responsibilities,https://github.com/hyperledger-firefly/transaction-manager/tree/5915cbc4e0e30dea25068b770dadbcc8bdfa9321/internal/confirmations;https://github.com/hyperledger-firefly/transaction-manager/tree/5915cbc4e0e30dea25068b770dadbcc8bdfa9321/internal/events
firefly.evm.manager,firefly.evm.streams,Configures listeners and stream lifecycle,In-process calls / Go,Architecture flow inferred from documented responsibilities,https://github.com/hyperledger-firefly/transaction-manager/tree/5915cbc4e0e30dea25068b770dadbcc8bdfa9321/pkg/fftm;https://github.com/hyperledger-firefly/transaction-manager/tree/5915cbc4e0e30dea25068b770dadbcc8bdfa9321/internal/events
firefly.evm.streams,firefly.evm.delivery,Delivers ordered event batches,In-process calls / Go,Architecture flow inferred from documented responsibilities,https://github.com/hyperledger-firefly/transaction-manager/tree/5915cbc4e0e30dea25068b770dadbcc8bdfa9321/internal/events;https://github.com/hyperledger-firefly/transaction-manager/tree/5915cbc4e0e30dea25068b770dadbcc8bdfa9321/internal/ws
firefly.evm.delivery,firefly.evm.streams,Acknowledges consumed batches,In-process calls / Go,Architecture flow inferred from documented responsibilities,https://github.com/hyperledger-firefly/transaction-manager/tree/5915cbc4e0e30dea25068b770dadbcc8bdfa9321/internal/ws;https://github.com/hyperledger-firefly/transaction-manager/tree/5915cbc4e0e30dea25068b770dadbcc8bdfa9321/internal/events
firefly.evm.streams,firefly.evm.persistence,Persists acknowledged checkpoints,In-process calls / Go,Architecture flow inferred from documented responsibilities,https://github.com/hyperledger-firefly/transaction-manager/tree/5915cbc4e0e30dea25068b770dadbcc8bdfa9321/internal/events;https://github.com/hyperledger-firefly/transaction-manager/tree/5915cbc4e0e30dea25068b770dadbcc8bdfa9321/internal/persistence
firefly.evm.manager,firefly.evm.persistence,Persists transaction lifecycle state,In-process calls / Go,Architecture flow inferred from documented responsibilities,https://github.com/hyperledger-firefly/transaction-manager/tree/5915cbc4e0e30dea25068b770dadbcc8bdfa9321/pkg/fftm;https://github.com/hyperledger-firefly/transaction-manager/tree/5915cbc4e0e30dea25068b770dadbcc8bdfa9321/internal/persistence
firefly.signer.proxy,firefly.signer.wallet,Resolves requested signing accounts,In-process calls / Go,Architecture flow inferred from documented responsibilities,https://github.com/hyperledger-firefly/signer/tree/cfafd71fb4d2c3061a946f6466269877c3f04d9d/internal/rpcserver;https://github.com/hyperledger-firefly/signer/tree/cfafd71fb4d2c3061a946f6466269877c3f04d9d/pkg/fswallet
firefly.signer.wallet,firefly.signer.keystore,Decrypts selected key material,In-process calls / Go,Architecture flow inferred from documented responsibilities,https://github.com/hyperledger-firefly/signer/tree/cfafd71fb4d2c3061a946f6466269877c3f04d9d/pkg/fswallet;https://github.com/hyperledger-firefly/signer/tree/cfafd71fb4d2c3061a946f6466269877c3f04d9d/pkg/keystorev3
firefly.signer.proxy,firefly.signer.signing,Submits transactions for signing,In-process calls / Go,Architecture flow inferred from documented responsibilities,https://github.com/hyperledger-firefly/signer/tree/cfafd71fb4d2c3061a946f6466269877c3f04d9d/internal/rpcserver;https://github.com/hyperledger-firefly/signer/tree/cfafd71fb4d2c3061a946f6466269877c3f04d9d/pkg/ethsigner
firefly.signer.signing,firefly.signer.wallet,Retrieves the selected signing key,In-process calls / Go,Architecture flow inferred from documented responsibilities,https://github.com/hyperledger-firefly/signer/tree/cfafd71fb4d2c3061a946f6466269877c3f04d9d/pkg/ethsigner;https://github.com/hyperledger-firefly/signer/tree/cfafd71fb4d2c3061a946f6466269877c3f04d9d/pkg/fswallet
firefly.signer.signing,firefly.signer.backend,Submits signed raw transactions,In-process calls / Go,Architecture flow inferred from documented responsibilities,https://github.com/hyperledger-firefly/signer/tree/cfafd71fb4d2c3061a946f6466269877c3f04d9d/pkg/ethsigner;https://github.com/hyperledger-firefly/signer/tree/cfafd71fb4d2c3061a946f6466269877c3f04d9d/pkg/rpcbackend
firefly.signer.proxy,firefly.signer.backend,Forwards unmodified RPC read requests,In-process calls / Go,Architecture flow inferred from documented responsibilities,https://github.com/hyperledger-firefly/signer/tree/cfafd71fb4d2c3061a946f6466269877c3f04d9d/internal/rpcserver;https://github.com/hyperledger-firefly/signer/tree/cfafd71fb4d2c3061a946f6466269877c3f04d9d/pkg/rpcbackend
firefly.dx.api,firefly.dx.peers,Updates peer endpoints and certificates,In-process calls / TypeScript,Architecture flow inferred from documented responsibilities,https://github.com/hyperledger-firefly/dataexchange-https/tree/b6a212d531da1ff1c24e762e7156e2593c73d052/src/routers/api.ts;https://github.com/hyperledger-firefly/dataexchange-https/tree/b6a212d531da1ff1c24e762e7156e2593c73d052/src/lib
firefly.dx.api,firefly.dx.messages,Submits recipient-scoped messages,In-process calls / TypeScript,Architecture flow inferred from documented responsibilities,https://github.com/hyperledger-firefly/dataexchange-https/tree/b6a212d531da1ff1c24e762e7156e2593c73d052/src/routers/api.ts;https://github.com/hyperledger-firefly/dataexchange-https/tree/b6a212d531da1ff1c24e762e7156e2593c73d052/src/handlers/messages.ts
firefly.dx.api,firefly.dx.blobs,Uploads private binary content,In-process calls / TypeScript,Architecture flow inferred from documented responsibilities,https://github.com/hyperledger-firefly/dataexchange-https/tree/b6a212d531da1ff1c24e762e7156e2593c73d052/src/routers/api.ts;https://github.com/hyperledger-firefly/dataexchange-https/tree/b6a212d531da1ff1c24e762e7156e2593c73d052/src/handlers/blobs.ts
firefly.dx.messages,firefly.dx.peers,Resolves destination and trust material,In-process calls / TypeScript,Architecture flow inferred from documented responsibilities,https://github.com/hyperledger-firefly/dataexchange-https/tree/b6a212d531da1ff1c24e762e7156e2593c73d052/src/handlers/messages.ts;https://github.com/hyperledger-firefly/dataexchange-https/tree/b6a212d531da1ff1c24e762e7156e2593c73d052/src/lib
firefly.dx.messages,firefly.dx.p2p,Transfers private message envelopes,In-process calls / TypeScript,Architecture flow inferred from documented responsibilities,https://github.com/hyperledger-firefly/dataexchange-https/tree/b6a212d531da1ff1c24e762e7156e2593c73d052/src/handlers/messages.ts;https://github.com/hyperledger-firefly/dataexchange-https/tree/b6a212d531da1ff1c24e762e7156e2593c73d052/src/routers/p2p.ts
firefly.dx.blobs,firefly.dx.p2p,Transfers encrypted blob streams,In-process calls / TypeScript,Architecture flow inferred from documented responsibilities,https://github.com/hyperledger-firefly/dataexchange-https/tree/b6a212d531da1ff1c24e762e7156e2593c73d052/src/handlers/blobs.ts;https://github.com/hyperledger-firefly/dataexchange-https/tree/b6a212d531da1ff1c24e762e7156e2593c73d052/src/routers/p2p.ts
firefly.dx.p2p,firefly.dx.messages,Delivers authenticated inbound messages,In-process calls / TypeScript,Architecture flow inferred from documented responsibilities,https://github.com/hyperledger-firefly/dataexchange-https/tree/b6a212d531da1ff1c24e762e7156e2593c73d052/src/routers/p2p.ts;https://github.com/hyperledger-firefly/dataexchange-https/tree/b6a212d531da1ff1c24e762e7156e2593c73d052/src/handlers/messages.ts
firefly.dx.p2p,firefly.dx.blobs,Stores authenticated inbound blobs,In-process calls / TypeScript,Architecture flow inferred from documented responsibilities,https://github.com/hyperledger-firefly/dataexchange-https/tree/b6a212d531da1ff1c24e762e7156e2593c73d052/src/routers/p2p.ts;https://github.com/hyperledger-firefly/dataexchange-https/tree/b6a212d531da1ff1c24e762e7156e2593c73d052/src/handlers/blobs.ts
firefly.dx.messages,firefly.dx.events,Enqueues message delivery results,In-process calls / TypeScript,Architecture flow inferred from documented responsibilities,https://github.com/hyperledger-firefly/dataexchange-https/tree/b6a212d531da1ff1c24e762e7156e2593c73d052/src/handlers/messages.ts;https://github.com/hyperledger-firefly/dataexchange-https/tree/b6a212d531da1ff1c24e762e7156e2593c73d052/src/handlers/events.ts
firefly.dx.blobs,firefly.dx.events,Enqueues blob delivery results,In-process calls / TypeScript,Architecture flow inferred from documented responsibilities,https://github.com/hyperledger-firefly/dataexchange-https/tree/b6a212d531da1ff1c24e762e7156e2593c73d052/src/handlers/blobs.ts;https://github.com/hyperledger-firefly/dataexchange-https/tree/b6a212d531da1ff1c24e762e7156e2593c73d052/src/handlers/events.ts
firefly.dx.events,firefly.dx.api,Delivers notifications and receives acknowledgements,In-process calls / TypeScript,Architecture flow inferred from documented responsibilities,https://github.com/hyperledger-firefly/dataexchange-https/tree/b6a212d531da1ff1c24e762e7156e2593c73d052/src/handlers/events.ts;https://github.com/hyperledger-firefly/dataexchange-https/tree/b6a212d531da1ff1c24e762e7156e2593c73d052/src/routers/api.ts
firefly.erc20.api,firefly.erc20.service,Submits standard token operations,In-process calls / TypeScript,Architecture flow inferred from documented responsibilities,https://github.com/hyperledger-firefly/tokens-erc20-erc721/tree/7993b308284a396950587b5206370f7f254073d9/src/tokens/tokens.controller.ts;https://github.com/hyperledger-firefly/tokens-erc20-erc721/tree/7993b308284a396950587b5206370f7f254073d9/src/tokens/tokens.service.ts
firefly.erc20.service,firefly.erc20.mapper,Encodes token contract calls,In-process calls / TypeScript,Architecture flow inferred from documented responsibilities,https://github.com/hyperledger-firefly/tokens-erc20-erc721/tree/7993b308284a396950587b5206370f7f254073d9/src/tokens/tokens.service.ts;https://github.com/hyperledger-firefly/tokens-erc20-erc721/tree/7993b308284a396950587b5206370f7f254073d9/src/tokens
firefly.erc20.mapper,firefly.erc20.blockchain,Passes encoded contract requests,In-process calls / TypeScript,Architecture flow inferred from documented responsibilities,https://github.com/hyperledger-firefly/tokens-erc20-erc721/tree/7993b308284a396950587b5206370f7f254073d9/src/tokens;https://github.com/hyperledger-firefly/tokens-erc20-erc721/tree/7993b308284a396950587b5206370f7f254073d9/src/tokens/blockchain.service.ts
firefly.erc20.blockchain,firefly.erc20.stream,Registers contract event listeners,In-process calls / TypeScript,Architecture flow inferred from documented responsibilities,https://github.com/hyperledger-firefly/tokens-erc20-erc721/tree/7993b308284a396950587b5206370f7f254073d9/src/tokens/blockchain.service.ts;https://github.com/hyperledger-firefly/tokens-erc20-erc721/tree/7993b308284a396950587b5206370f7f254073d9/src/event-stream
firefly.erc20.stream,firefly.erc20.listener,Delivers token contract logs,In-process calls / TypeScript,Architecture flow inferred from documented responsibilities,https://github.com/hyperledger-firefly/tokens-erc20-erc721/tree/7993b308284a396950587b5206370f7f254073d9/src/event-stream;https://github.com/hyperledger-firefly/tokens-erc20-erc721/tree/7993b308284a396950587b5206370f7f254073d9/src/tokens/tokens.listener.ts
firefly.erc20.listener,firefly.erc20.service,Updates token pool state,In-process calls / TypeScript,Architecture flow inferred from documented responsibilities,https://github.com/hyperledger-firefly/tokens-erc20-erc721/tree/7993b308284a396950587b5206370f7f254073d9/src/tokens/tokens.listener.ts;https://github.com/hyperledger-firefly/tokens-erc20-erc721/tree/7993b308284a396950587b5206370f7f254073d9/src/tokens/tokens.service.ts
firefly.erc20.listener,firefly.erc20.proxy,Publishes normalized token events,In-process calls / TypeScript,Architecture flow inferred from documented responsibilities,https://github.com/hyperledger-firefly/tokens-erc20-erc721/tree/7993b308284a396950587b5206370f7f254073d9/src/tokens/tokens.listener.ts;https://github.com/hyperledger-firefly/tokens-erc20-erc721/tree/7993b308284a396950587b5206370f7f254073d9/src/eventstream-proxy
firefly.erc20.proxy,firefly.erc20.stream,Acknowledges consumed event batches,In-process calls / TypeScript,Architecture flow inferred from documented responsibilities,https://github.com/hyperledger-firefly/tokens-erc20-erc721/tree/7993b308284a396950587b5206370f7f254073d9/src/eventstream-proxy;https://github.com/hyperledger-firefly/tokens-erc20-erc721/tree/7993b308284a396950587b5206370f7f254073d9/src/event-stream
firefly.erc1155.api,firefly.erc1155.service,Submits standard token operations,In-process calls / TypeScript,Architecture flow inferred from documented responsibilities,https://github.com/hyperledger-firefly/tokens-erc1155/tree/0355a0eb11fd12e311829a41bcbfea6148e52469/src/tokens/tokens.controller.ts;https://github.com/hyperledger-firefly/tokens-erc1155/tree/0355a0eb11fd12e311829a41bcbfea6148e52469/src/tokens/tokens.service.ts
firefly.erc1155.service,firefly.erc1155.mapper,Encodes token contract calls,In-process calls / TypeScript,Architecture flow inferred from documented responsibilities,https://github.com/hyperledger-firefly/tokens-erc1155/tree/0355a0eb11fd12e311829a41bcbfea6148e52469/src/tokens/tokens.service.ts;https://github.com/hyperledger-firefly/tokens-erc1155/tree/0355a0eb11fd12e311829a41bcbfea6148e52469/src/tokens
firefly.erc1155.mapper,firefly.erc1155.blockchain,Passes encoded contract requests,In-process calls / TypeScript,Architecture flow inferred from documented responsibilities,https://github.com/hyperledger-firefly/tokens-erc1155/tree/0355a0eb11fd12e311829a41bcbfea6148e52469/src/tokens;https://github.com/hyperledger-firefly/tokens-erc1155/tree/0355a0eb11fd12e311829a41bcbfea6148e52469/src/tokens/blockchain.service.ts
firefly.erc1155.blockchain,firefly.erc1155.stream,Registers contract event listeners,In-process calls / TypeScript,Architecture flow inferred from documented responsibilities,https://github.com/hyperledger-firefly/tokens-erc1155/tree/0355a0eb11fd12e311829a41bcbfea6148e52469/src/tokens/blockchain.service.ts;https://github.com/hyperledger-firefly/tokens-erc1155/tree/0355a0eb11fd12e311829a41bcbfea6148e52469/src/event-stream
firefly.erc1155.stream,firefly.erc1155.listener,Delivers token contract logs,In-process calls / TypeScript,Architecture flow inferred from documented responsibilities,https://github.com/hyperledger-firefly/tokens-erc1155/tree/0355a0eb11fd12e311829a41bcbfea6148e52469/src/event-stream;https://github.com/hyperledger-firefly/tokens-erc1155/tree/0355a0eb11fd12e311829a41bcbfea6148e52469/src/tokens/tokens.listener.ts
firefly.erc1155.listener,firefly.erc1155.service,Updates token pool state,In-process calls / TypeScript,Architecture flow inferred from documented responsibilities,https://github.com/hyperledger-firefly/tokens-erc1155/tree/0355a0eb11fd12e311829a41bcbfea6148e52469/src/tokens/tokens.listener.ts;https://github.com/hyperledger-firefly/tokens-erc1155/tree/0355a0eb11fd12e311829a41bcbfea6148e52469/src/tokens/tokens.service.ts
firefly.erc1155.listener,firefly.erc1155.proxy,Publishes normalized token events,In-process calls / TypeScript,Architecture flow inferred from documented responsibilities,https://github.com/hyperledger-firefly/tokens-erc1155/tree/0355a0eb11fd12e311829a41bcbfea6148e52469/src/tokens/tokens.listener.ts;https://github.com/hyperledger-firefly/tokens-erc1155/tree/0355a0eb11fd12e311829a41bcbfea6148e52469/src/eventstream-proxy
firefly.erc1155.proxy,firefly.erc1155.stream,Acknowledges consumed event batches,In-process calls / TypeScript,Architecture flow inferred from documented responsibilities,https://github.com/hyperledger-firefly/tokens-erc1155/tree/0355a0eb11fd12e311829a41bcbfea6148e52469/src/eventstream-proxy;https://github.com/hyperledger-firefly/tokens-erc1155/tree/0355a0eb11fd12e311829a41bcbfea6148e52469/src/event-stream
firefly.core,firefly.evm,"Submits contract calls, pins and listeners",HTTP REST / JSON,Architecture flow inferred from documented responsibilities,https://github.com/hyperledger-firefly/firefly/tree/9d20f3081c9074d5b012427e5572ebc03da8d95d/internal/orchestrator;https://github.com/hyperledger-firefly/evmconnect/tree/6e12bb4c050677780cf5dd975a926923868b0cb8/cmd/evmconnect.go
firefly.evm,firefly.core,Streams confirmed events and transaction results,WebSocket / JSON,Architecture flow inferred from documented responsibilities,https://github.com/hyperledger-firefly/evmconnect/tree/6e12bb4c050677780cf5dd975a926923868b0cb8/cmd/evmconnect.go;https://github.com/hyperledger-firefly/firefly/tree/9d20f3081c9074d5b012427e5572ebc03da8d95d/internal/orchestrator
firefly.core,firefly.dx,"Submits private messages, blobs and peer configuration",HTTP REST / JSON + binary,Architecture flow inferred from documented responsibilities,https://github.com/hyperledger-firefly/firefly/tree/9d20f3081c9074d5b012427e5572ebc03da8d95d/internal/orchestrator;https://github.com/hyperledger-firefly/dataexchange-https/tree/b6a212d531da1ff1c24e762e7156e2593c73d052/src
firefly.dx,firefly.core,Delivers transfer notifications and awaits ACKs,WebSocket / JSON,Architecture flow inferred from documented responsibilities,https://github.com/hyperledger-firefly/dataexchange-https/tree/b6a212d531da1ff1c24e762e7156e2593c73d052/src;https://github.com/hyperledger-firefly/firefly/tree/9d20f3081c9074d5b012427e5572ebc03da8d95d/internal/orchestrator
firefly.core,firefly.erc20,Submits ERC-20 and ERC-721 operations,HTTP REST / JSON,Architecture flow inferred from documented responsibilities,https://github.com/hyperledger-firefly/firefly/tree/9d20f3081c9074d5b012427e5572ebc03da8d95d/internal/orchestrator;https://github.com/hyperledger-firefly/tokens-erc20-erc721/tree/7993b308284a396950587b5206370f7f254073d9/src
firefly.core,firefly.erc1155,Submits ERC-1155 operations,HTTP REST / JSON,Architecture flow inferred from documented responsibilities,https://github.com/hyperledger-firefly/firefly/tree/9d20f3081c9074d5b012427e5572ebc03da8d95d/internal/orchestrator;https://github.com/hyperledger-firefly/tokens-erc1155/tree/0355a0eb11fd12e311829a41bcbfea6148e52469/src
firefly.erc20,firefly.core,Delivers normalized token events,WebSocket / JSON,Architecture flow inferred from documented responsibilities,https://github.com/hyperledger-firefly/tokens-erc20-erc721/tree/7993b308284a396950587b5206370f7f254073d9/src;https://github.com/hyperledger-firefly/firefly/tree/9d20f3081c9074d5b012427e5572ebc03da8d95d/internal/orchestrator
firefly.erc1155,firefly.core,Delivers normalized token events,WebSocket / JSON,Architecture flow inferred from documented responsibilities,https://github.com/hyperledger-firefly/tokens-erc1155/tree/0355a0eb11fd12e311829a41bcbfea6148e52469/src;https://github.com/hyperledger-firefly/firefly/tree/9d20f3081c9074d5b012427e5572ebc03da8d95d/internal/orchestrator
firefly.erc20,firefly.evm,Submits contract calls and consumes event streams,HTTP REST + WebSocket,Architecture flow inferred from documented responsibilities,https://github.com/hyperledger-firefly/tokens-erc20-erc721/tree/7993b308284a396950587b5206370f7f254073d9/src;https://github.com/hyperledger-firefly/evmconnect/tree/6e12bb4c050677780cf5dd975a926923868b0cb8/cmd/evmconnect.go
firefly.erc1155,firefly.evm,Submits contract calls and consumes event streams,HTTP REST + WebSocket,Architecture flow inferred from documented responsibilities,https://github.com/hyperledger-firefly/tokens-erc1155/tree/0355a0eb11fd12e311829a41bcbfea6148e52469/src;https://github.com/hyperledger-firefly/evmconnect/tree/6e12bb4c050677780cf5dd975a926923868b0cb8/cmd/evmconnect.go
firefly.evm,firefly.signer,Submits Ethereum calls and unsigned transactions,HTTP JSON-RPC,Architecture flow inferred from documented responsibilities,https://github.com/hyperledger-firefly/evmconnect/tree/6e12bb4c050677780cf5dd975a926923868b0cb8/cmd/evmconnect.go;https://github.com/hyperledger-firefly/signer/tree/cfafd71fb4d2c3061a946f6466269877c3f04d9d/internal/rpcserver
firefly.core,firefly.pg,Reads and writes the private Core database,PostgreSQL wire / TLS,Architecture flow inferred from documented responsibilities,https://github.com/hyperledger-firefly/firefly/tree/9d20f3081c9074d5b012427e5572ebc03da8d95d/internal/orchestrator;https://cloudnative-pg.io/docs/1.28/replication/
firefly.evm,firefly.pg,Reads and writes the separate FFTM database,PostgreSQL wire / TLS,Architecture flow inferred from documented responsibilities,https://github.com/hyperledger-firefly/evmconnect/tree/6e12bb4c050677780cf5dd975a926923868b0cb8/cmd/evmconnect.go;https://cloudnative-pg.io/docs/1.28/replication/
firefly.pg,firefly.pgReplica,Streams WAL and awaits one synchronous standby,PostgreSQL replication / TLS,Architecture flow inferred from documented responsibilities,https://cloudnative-pg.io/docs/1.28/replication/
firefly.core,firefly.ipfs,Adds shared content and retrieves CIDs,IPFS HTTP RPC / gateway,Architecture flow inferred from documented responsibilities,https://github.com/hyperledger-firefly/firefly/tree/9d20f3081c9074d5b012427e5572ebc03da8d95d/internal/orchestrator;https://docs.ipfs.tech/concepts/how-ipfs-works/
firefly.dx,firefly.blobs,Reads and writes private blobs and peer records,Filesystem I/O,Architecture flow inferred from documented responsibilities,https://github.com/hyperledger-firefly/dataexchange-https/tree/b6a212d531da1ff1c24e762e7156e2593c73d052/src;https://github.com/hyperledger-firefly/dataexchange-https/tree/b6a212d531da1ff1c24e762e7156e2593c73d052/src/handlers/blobs.ts
firefly.ipfs,firefly.ipfsRepo,"Reads and writes Kubo keys, pins and blocks",Filesystem I/O,Architecture flow inferred from documented responsibilities,https://docs.ipfs.tech/concepts/how-ipfs-works/
firefly.signer,firefly.secrets,Loads member signing keystore files,Read-only projected files,Architecture flow inferred from documented responsibilities,https://github.com/hyperledger-firefly/signer/tree/cfafd71fb4d2c3061a946f6466269877c3f04d9d/internal/rpcserver;https://github.com/hyperledger-firefly/signer/tree/cfafd71fb4d2c3061a946f6466269877c3f04d9d/pkg/fswallet
firefly.dx,firefly.secrets,Loads member mTLS certificate and key,Read-only projected files,Architecture flow inferred from documented responsibilities,https://github.com/hyperledger-firefly/dataexchange-https/tree/b6a212d531da1ff1c24e762e7156e2593c73d052/src;https://github.com/hyperledger-firefly/signer/tree/cfafd71fb4d2c3061a946f6466269877c3f04d9d/pkg/fswallet
firefly.core,firefly.secrets,Loads namespace and plugin configuration,Read-only projected files,Architecture flow inferred from documented responsibilities,https://github.com/hyperledger-firefly/firefly/tree/9d20f3081c9074d5b012427e5572ebc03da8d95d/internal/orchestrator;https://github.com/hyperledger-firefly/signer/tree/cfafd71fb4d2c3061a946f6466269877c3f04d9d/pkg/fswallet
firefly.evm,firefly.secrets,Loads connector endpoints and credentials,Read-only projected files,Architecture flow inferred from documented responsibilities,https://github.com/hyperledger-firefly/evmconnect/tree/6e12bb4c050677780cf5dd975a926923868b0cb8/cmd/evmconnect.go;https://github.com/hyperledger-firefly/signer/tree/cfafd71fb4d2c3061a946f6466269877c3f04d9d/pkg/fswallet
firefly.core.blockchain,firefly.evm,Submits blockchain operations,HTTP REST / JSON,Architecture flow inferred from documented responsibilities,https://github.com/hyperledger-firefly/firefly/tree/9d20f3081c9074d5b012427e5572ebc03da8d95d/internal/blockchain;https://github.com/hyperledger-firefly/evmconnect/tree/6e12bb4c050677780cf5dd975a926923868b0cb8/cmd/evmconnect.go
firefly.evm.delivery,firefly.core,Delivers confirmed event batches,WebSocket / JSON,Architecture flow inferred from documented responsibilities,https://github.com/hyperledger-firefly/transaction-manager/tree/5915cbc4e0e30dea25068b770dadbcc8bdfa9321/internal/ws;https://github.com/hyperledger-firefly/firefly/tree/9d20f3081c9074d5b012427e5572ebc03da8d95d/internal/orchestrator
firefly.core.database,firefly.pg,Persists Core resources and offsets,PostgreSQL wire / TLS,Architecture flow inferred from documented responsibilities,https://github.com/hyperledger-firefly/firefly/tree/9d20f3081c9074d5b012427e5572ebc03da8d95d/internal/database;https://cloudnative-pg.io/docs/1.28/replication/
firefly.core.dataexchange,firefly.dx,Exchanges private data and notifications,HTTP + WebSocket,Architecture flow inferred from documented responsibilities,https://github.com/hyperledger-firefly/firefly/tree/9d20f3081c9074d5b012427e5572ebc03da8d95d/internal/dataexchange;https://github.com/hyperledger-firefly/dataexchange-https/tree/b6a212d531da1ff1c24e762e7156e2593c73d052/src
firefly.core.sharedstorage,firefly.ipfs,Publishes and retrieves CIDs,IPFS HTTP RPC,Architecture flow inferred from documented responsibilities,https://github.com/hyperledger-firefly/firefly/tree/9d20f3081c9074d5b012427e5572ebc03da8d95d/internal/sharedstorage;https://docs.ipfs.tech/concepts/how-ipfs-works/
firefly.core.tokens,firefly.erc20,Submits ERC-20 and ERC-721 operations,HTTP REST / JSON,Architecture flow inferred from documented responsibilities,https://github.com/hyperledger-firefly/firefly/tree/9d20f3081c9074d5b012427e5572ebc03da8d95d/internal/tokens;https://github.com/hyperledger-firefly/tokens-erc20-erc721/tree/7993b308284a396950587b5206370f7f254073d9/src
firefly.core.tokens,firefly.erc1155,Submits ERC-1155 operations,HTTP REST / JSON,Architecture flow inferred from documented responsibilities,https://github.com/hyperledger-firefly/firefly/tree/9d20f3081c9074d5b012427e5572ebc03da8d95d/internal/tokens;https://github.com/hyperledger-firefly/tokens-erc1155/tree/0355a0eb11fd12e311829a41bcbfea6148e52469/src
firefly.evm.persistence,firefly.pg,Persists FFTM transactions and checkpoints,PostgreSQL wire / TLS,Architecture flow inferred from documented responsibilities,https://github.com/hyperledger-firefly/transaction-manager/tree/5915cbc4e0e30dea25068b770dadbcc8bdfa9321/internal/persistence;https://cloudnative-pg.io/docs/1.28/replication/
firefly.evm.rpc,firefly.signer,Forwards transactions and read calls,HTTP JSON-RPC,Architecture flow inferred from documented responsibilities,https://github.com/hyperledger-firefly/evmconnect/tree/6e12bb4c050677780cf5dd975a926923868b0cb8/pkg/ethrpc;https://github.com/hyperledger-firefly/signer/tree/cfafd71fb4d2c3061a946f6466269877c3f04d9d/internal/rpcserver
firefly.signer.wallet,firefly.secrets,Loads encrypted account keystores,Read-only projected files,Architecture flow inferred from documented responsibilities,https://github.com/hyperledger-firefly/signer/tree/cfafd71fb4d2c3061a946f6466269877c3f04d9d/pkg/fswallet
firefly.dx.blobs,firefly.blobs,Stores durable private blobs,Filesystem I/O,Architecture flow inferred from documented responsibilities,https://github.com/hyperledger-firefly/dataexchange-https/tree/b6a212d531da1ff1c24e762e7156e2593c73d052/src/handlers/blobs.ts
firefly.dx.peers,firefly.blobs,Persists endpoints and peer certificates,Filesystem I/O,Architecture flow inferred from documented responsibilities,https://github.com/hyperledger-firefly/dataexchange-https/tree/b6a212d531da1ff1c24e762e7156e2593c73d052/src/lib;https://github.com/hyperledger-firefly/dataexchange-https/tree/b6a212d531da1ff1c24e762e7156e2593c73d052/src/handlers/blobs.ts
firefly.dx.p2p,firefly.secrets,Loads the member mTLS identity,Read-only projected files,Architecture flow inferred from documented responsibilities,https://github.com/hyperledger-firefly/dataexchange-https/tree/b6a212d531da1ff1c24e762e7156e2593c73d052/src/routers/p2p.ts;https://github.com/hyperledger-firefly/signer/tree/cfafd71fb4d2c3061a946f6466269877c3f04d9d/pkg/fswallet
firefly.erc20.blockchain,firefly.evm,Submits contract calls and listeners,HTTP REST / JSON,Architecture flow inferred from documented responsibilities,https://github.com/hyperledger-firefly/tokens-erc20-erc721/tree/7993b308284a396950587b5206370f7f254073d9/src/tokens/blockchain.service.ts;https://github.com/hyperledger-firefly/evmconnect/tree/6e12bb4c050677780cf5dd975a926923868b0cb8/cmd/evmconnect.go
firefly.evm,firefly.erc20.stream,Streams confirmed token logs,WebSocket / JSON,Architecture flow inferred from documented responsibilities,https://github.com/hyperledger-firefly/evmconnect/tree/6e12bb4c050677780cf5dd975a926923868b0cb8/cmd/evmconnect.go;https://github.com/hyperledger-firefly/tokens-erc20-erc721/tree/7993b308284a396950587b5206370f7f254073d9/src/event-stream
firefly.erc20.proxy,firefly.core,Delivers token events and receives ACKs,WebSocket / JSON,Architecture flow inferred from documented responsibilities,https://github.com/hyperledger-firefly/tokens-erc20-erc721/tree/7993b308284a396950587b5206370f7f254073d9/src/eventstream-proxy;https://github.com/hyperledger-firefly/firefly/tree/9d20f3081c9074d5b012427e5572ebc03da8d95d/internal/orchestrator
firefly.erc1155.blockchain,firefly.evm,Submits contract calls and listeners,HTTP REST / JSON,Architecture flow inferred from documented responsibilities,https://github.com/hyperledger-firefly/tokens-erc1155/tree/0355a0eb11fd12e311829a41bcbfea6148e52469/src/tokens/blockchain.service.ts;https://github.com/hyperledger-firefly/evmconnect/tree/6e12bb4c050677780cf5dd975a926923868b0cb8/cmd/evmconnect.go
firefly.evm,firefly.erc1155.stream,Streams confirmed token logs,WebSocket / JSON,Architecture flow inferred from documented responsibilities,https://github.com/hyperledger-firefly/evmconnect/tree/6e12bb4c050677780cf5dd975a926923868b0cb8/cmd/evmconnect.go;https://github.com/hyperledger-firefly/tokens-erc1155/tree/0355a0eb11fd12e311829a41bcbfea6148e52469/src/event-stream
firefly.erc1155.proxy,firefly.core,Delivers token events and receives ACKs,WebSocket / JSON,Architecture flow inferred from documented responsibilities,https://github.com/hyperledger-firefly/tokens-erc1155/tree/0355a0eb11fd12e311829a41bcbfea6148e52469/src/eventstream-proxy;https://github.com/hyperledger-firefly/firefly/tree/9d20f3081c9074d5b012427e5572ebc03da8d95d/internal/orchestrator
besu.node.rpc,besu.node.permissioning,Checks transaction sender admission,In-process calls / Java,Architecture flow inferred from documented responsibilities,https://github.com/besu-eth/besu/tree/7e05c2342404d27bd06a992e336c5e0c86a5d8d1/ethereum/api;https://github.com/besu-eth/besu/tree/7e05c2342404d27bd06a992e336c5e0c86a5d8d1/ethereum/permissioning
besu.node.rpc,besu.node.txpool,Submits signed transactions,In-process calls / Java,Architecture flow inferred from documented responsibilities,https://github.com/besu-eth/besu/tree/7e05c2342404d27bd06a992e336c5e0c86a5d8d1/ethereum/api;https://github.com/besu-eth/besu/tree/7e05c2342404d27bd06a992e336c5e0c86a5d8d1/ethereum/eth
besu.node.rpc,besu.node.worldstate,Queries account and contract state,In-process calls / Java,Architecture flow inferred from documented responsibilities,https://github.com/besu-eth/besu/tree/7e05c2342404d27bd06a992e336c5e0c86a5d8d1/ethereum/api;https://github.com/besu-eth/besu/tree/7e05c2342404d27bd06a992e336c5e0c86a5d8d1/ethereum/core/src/main/java/org/hyperledger/besu/ethereum/worldstate
besu.node.rpc,besu.node.blockprocessor,Reads receipts and contract logs,In-process calls / Java,Architecture flow inferred from documented responsibilities,https://github.com/besu-eth/besu/tree/7e05c2342404d27bd06a992e336c5e0c86a5d8d1/ethereum/api;https://github.com/besu-eth/besu/tree/7e05c2342404d27bd06a992e336c5e0c86a5d8d1/ethereum/core
besu.node.discovery,besu.node.p2p,Provides discovered peer endpoints,In-process calls / Java,Architecture flow inferred from documented responsibilities,https://github.com/besu-eth/besu/tree/7e05c2342404d27bd06a992e336c5e0c86a5d8d1/ethereum/p2p
besu.node.p2p,besu.node.permissioning,Checks connecting node admission,In-process calls / Java,Architecture flow inferred from documented responsibilities,https://github.com/besu-eth/besu/tree/7e05c2342404d27bd06a992e336c5e0c86a5d8d1/ethereum/p2p;https://github.com/besu-eth/besu/tree/7e05c2342404d27bd06a992e336c5e0c86a5d8d1/ethereum/permissioning
besu.node.p2p,besu.node.txpool,Gossips pending transactions,In-process calls / Java,Architecture flow inferred from documented responsibilities,https://github.com/besu-eth/besu/tree/7e05c2342404d27bd06a992e336c5e0c86a5d8d1/ethereum/p2p;https://github.com/besu-eth/besu/tree/7e05c2342404d27bd06a992e336c5e0c86a5d8d1/ethereum/eth
besu.node.p2p,besu.node.sync,Delivers requested blocks and state,In-process calls / Java,Architecture flow inferred from documented responsibilities,https://github.com/besu-eth/besu/tree/7e05c2342404d27bd06a992e336c5e0c86a5d8d1/ethereum/p2p;https://github.com/besu-eth/besu/tree/7e05c2342404d27bd06a992e336c5e0c86a5d8d1/ethereum/eth
besu.node.p2p,besu.node.qbft,Delivers consensus protocol messages,In-process calls / Java,Architecture flow inferred from documented responsibilities,https://github.com/besu-eth/besu/tree/7e05c2342404d27bd06a992e336c5e0c86a5d8d1/ethereum/p2p;https://github.com/besu-eth/besu/tree/7e05c2342404d27bd06a992e336c5e0c86a5d8d1/consensus/qbft
besu.node.sync,besu.node.blockprocessor,Submits downloaded blocks for validation,In-process calls / Java,Architecture flow inferred from documented responsibilities,https://github.com/besu-eth/besu/tree/7e05c2342404d27bd06a992e336c5e0c86a5d8d1/ethereum/eth;https://github.com/besu-eth/besu/tree/7e05c2342404d27bd06a992e336c5e0c86a5d8d1/ethereum/core
besu.node.txpool,besu.node.qbft,Supplies transactions for proposed blocks,In-process calls / Java,Architecture flow inferred from documented responsibilities,https://github.com/besu-eth/besu/tree/7e05c2342404d27bd06a992e336c5e0c86a5d8d1/ethereum/eth;https://github.com/besu-eth/besu/tree/7e05c2342404d27bd06a992e336c5e0c86a5d8d1/consensus/qbft
besu.node.qbft,besu.node.keys,Signs proposals and consensus votes,In-process calls / Java,Architecture flow inferred from documented responsibilities,https://github.com/besu-eth/besu/tree/7e05c2342404d27bd06a992e336c5e0c86a5d8d1/consensus/qbft;https://github.com/besu-eth/besu/tree/7e05c2342404d27bd06a992e336c5e0c86a5d8d1/crypto/plugin-api/src/main/java/org/hyperledger/besu/plugin/services/securitymodule
besu.node.qbft,besu.node.blockprocessor,Commits quorum-approved blocks,In-process calls / Java,Architecture flow inferred from documented responsibilities,https://github.com/besu-eth/besu/tree/7e05c2342404d27bd06a992e336c5e0c86a5d8d1/consensus/qbft;https://github.com/besu-eth/besu/tree/7e05c2342404d27bd06a992e336c5e0c86a5d8d1/ethereum/core
besu.node.blockprocessor,besu.node.evm,Executes transactions and validates results,In-process calls / Java,Architecture flow inferred from documented responsibilities,https://github.com/besu-eth/besu/tree/7e05c2342404d27bd06a992e336c5e0c86a5d8d1/ethereum/core;https://github.com/besu-eth/besu/tree/7e05c2342404d27bd06a992e336c5e0c86a5d8d1/evm
besu.node.evm,besu.node.worldstate,Reads and updates contract and account state,EVM execution,Architecture flow inferred from documented responsibilities,https://github.com/besu-eth/besu/tree/7e05c2342404d27bd06a992e336c5e0c86a5d8d1/evm;https://github.com/besu-eth/besu/tree/7e05c2342404d27bd06a992e336c5e0c86a5d8d1/ethereum/core/src/main/java/org/hyperledger/besu/ethereum/worldstate
besu.node.worldstate,besu.node.storage,Persists world-state updates,In-process calls / Java,Architecture flow inferred from documented responsibilities,https://github.com/besu-eth/besu/tree/7e05c2342404d27bd06a992e336c5e0c86a5d8d1/ethereum/core/src/main/java/org/hyperledger/besu/ethereum/worldstate;https://github.com/besu-eth/besu/tree/7e05c2342404d27bd06a992e336c5e0c86a5d8d1/plugins/rocksdb
besu.node.blockprocessor,besu.node.storage,"Persists blocks, receipts and logs",In-process calls / Java,Architecture flow inferred from documented responsibilities,https://github.com/besu-eth/besu/tree/7e05c2342404d27bd06a992e336c5e0c86a5d8d1/ethereum/core;https://github.com/besu-eth/besu/tree/7e05c2342404d27bd06a992e336c5e0c86a5d8d1/plugins/rocksdb
besu.node.evm,besu.node.fireflycontract,Executes batch pinning calls,EVM execution,Architecture flow inferred from documented responsibilities,https://github.com/besu-eth/besu/tree/7e05c2342404d27bd06a992e336c5e0c86a5d8d1/evm;https://github.com/hyperledger-firefly/firefly/tree/9d20f3081c9074d5b012427e5572ebc03da8d95d/smart_contracts/ethereum/solidity_firefly/contracts/Firefly.sol
besu.node.evm,besu.node.tokencontracts,Executes standard token operations,EVM execution,Architecture flow inferred from documented responsibilities,https://github.com/besu-eth/besu/tree/7e05c2342404d27bd06a992e336c5e0c86a5d8d1/evm;https://github.com/hyperledger-firefly/tokens-erc20-erc721/tree/7993b308284a396950587b5206370f7f254073d9/src/abi
besu.node.evm,besu.node.businesscontracts,Executes application business calls,EVM execution,Architecture flow inferred from documented responsibilities,https://github.com/besu-eth/besu/tree/7e05c2342404d27bd06a992e336c5e0c86a5d8d1/evm;https://hyperledger-firefly.github.io/firefly/head/architecture/node_component_architecture/
besu.node.fireflycontract,besu.node.worldstate,Writes pinning state and log results,In-process calls / Java,Architecture flow inferred from documented responsibilities,https://github.com/hyperledger-firefly/firefly/tree/9d20f3081c9074d5b012427e5572ebc03da8d95d/smart_contracts/ethereum/solidity_firefly/contracts/Firefly.sol;https://github.com/besu-eth/besu/tree/7e05c2342404d27bd06a992e336c5e0c86a5d8d1/ethereum/core/src/main/java/org/hyperledger/besu/ethereum/worldstate
besu.node.tokencontracts,besu.node.worldstate,Writes token balances and log results,In-process calls / Java,Architecture flow inferred from documented responsibilities,https://github.com/hyperledger-firefly/tokens-erc20-erc721/tree/7993b308284a396950587b5206370f7f254073d9/src/abi;https://github.com/besu-eth/besu/tree/7e05c2342404d27bd06a992e336c5e0c86a5d8d1/ethereum/core/src/main/java/org/hyperledger/besu/ethereum/worldstate
besu.node.businesscontracts,besu.node.worldstate,Writes application state and log results,In-process calls / Java,Architecture flow inferred from documented responsibilities,https://hyperledger-firefly.github.io/firefly/head/architecture/node_component_architecture/;https://github.com/besu-eth/besu/tree/7e05c2342404d27bd06a992e336c5e0c86a5d8d1/ethereum/core/src/main/java/org/hyperledger/besu/ethereum/worldstate
besu.node.qbft,besu.node.metrics,Records rounds and committed block measurements,In-process calls / Java,Architecture flow inferred from documented responsibilities,https://github.com/besu-eth/besu/tree/7e05c2342404d27bd06a992e336c5e0c86a5d8d1/consensus/qbft;https://github.com/besu-eth/besu/tree/7e05c2342404d27bd06a992e336c5e0c86a5d8d1/metrics
besu.node.p2p,besu.node.metrics,Records peer connectivity measurements,In-process calls / Java,Architecture flow inferred from documented responsibilities,https://github.com/besu-eth/besu/tree/7e05c2342404d27bd06a992e336c5e0c86a5d8d1/ethereum/p2p;https://github.com/besu-eth/besu/tree/7e05c2342404d27bd06a992e336c5e0c86a5d8d1/metrics
besu.node.p2p,besu.node.keys,Authenticates node transport identity,In-process calls / Java,Architecture flow inferred from documented responsibilities,https://github.com/besu-eth/besu/tree/7e05c2342404d27bd06a992e336c5e0c86a5d8d1/ethereum/p2p;https://github.com/besu-eth/besu/tree/7e05c2342404d27bd06a992e336c5e0c86a5d8d1/crypto/plugin-api/src/main/java/org/hyperledger/besu/plugin/services/securitymodule
besu.node,besu.node,"Gossips transactions, blocks and QBFT peer messages",DevP2P / TCP,Architecture flow inferred from documented responsibilities,https://github.com/besu-eth/besu/tree/7e05c2342404d27bd06a992e336c5e0c86a5d8d1
firefly,besu,Submits transactions and consumes finalized events,Ethereum JSON-RPC + events,Architecture flow inferred from documented responsibilities,https://github.com/hyperledger-firefly/firefly/tree/9d20f3081c9074d5b012427e5572ebc03da8d95d;https://github.com/besu-eth/besu/tree/7e05c2342404d27bd06a992e336c5e0c86a5d8d1
operator,firefly,Inspects and administers member state,HTTPS / Explorer + Admin API,Architecture flow inferred from documented responsibilities,https://hyperledger-firefly.github.io/firefly/head/architecture/node_component_architecture/;https://github.com/hyperledger-firefly/firefly/tree/9d20f3081c9074d5b012427e5572ebc03da8d95d
firefly.signer,besu.node,Submits signed transactions and queries RPC nodes,HTTP JSON-RPC,Architecture flow inferred from documented responsibilities,https://github.com/hyperledger-firefly/signer/tree/cfafd71fb4d2c3061a946f6466269877c3f04d9d/internal/rpcserver;https://github.com/besu-eth/besu/tree/7e05c2342404d27bd06a992e336c5e0c86a5d8d1
firefly.signer.backend,besu.node,Submits raw transactions and reads to RPC nodes,HTTP JSON-RPC,Architecture flow inferred from documented responsibilities,https://github.com/hyperledger-firefly/signer/tree/cfafd71fb4d2c3061a946f6466269877c3f04d9d/pkg/rpcbackend;https://github.com/besu-eth/besu/tree/7e05c2342404d27bd06a992e336c5e0c86a5d8d1
firefly.dx,firefly.dx,Transfers private envelopes and blobs to peers; receives ACKs,HTTPS / mutual TLS,Architecture flow inferred from documented responsibilities,https://github.com/hyperledger-firefly/dataexchange-https/tree/b6a212d531da1ff1c24e762e7156e2593c73d052/src
firefly.ipfs,firefly.ipfs,Retrieves shared content blocks from peers by CID,IPFS / libp2p,Architecture flow inferred from documented responsibilities,https://docs.ipfs.tech/concepts/how-ipfs-works/
business,apps.client,Submits business actions,HTTPS,Architecture flow inferred from documented responsibilities,https://hyperledger-firefly.github.io/firefly/head/architecture/node_component_architecture/
apps.client,firefly.core,Submits member-scoped commands and queries,HTTPS / REST,Architecture flow inferred from documented responsibilities,https://hyperledger-firefly.github.io/firefly/head/architecture/node_component_architecture/;https://github.com/hyperledger-firefly/firefly/tree/9d20f3081c9074d5b012427e5572ebc03da8d95d/internal/orchestrator
firefly.core,apps.client,Delivers subscribed events and accepts ACKs,WebSocket / webhook / HTTPS,Architecture flow inferred from documented responsibilities,https://github.com/hyperledger-firefly/firefly/tree/9d20f3081c9074d5b012427e5572ebc03da8d95d/internal/orchestrator;https://hyperledger-firefly.github.io/firefly/head/architecture/node_component_architecture/
apps.client,firefly.core.api,Submits API commands and queries,HTTPS / REST,Architecture flow inferred from documented responsibilities,https://hyperledger-firefly.github.io/firefly/head/architecture/node_component_architecture/;https://github.com/hyperledger-firefly/firefly/tree/9d20f3081c9074d5b012427e5572ebc03da8d95d/internal/apiserver
firefly.core.eventplugin,apps.client,Delivers events through configured transports,WebSocket / webhook / HTTPS,Architecture flow inferred from documented responsibilities,https://github.com/hyperledger-firefly/firefly/tree/9d20f3081c9074d5b012427e5572ebc03da8d95d/internal/events;https://hyperledger-firefly.github.io/firefly/head/architecture/node_component_architecture/
apps,firefly,Submits member requests and consumes events,HTTPS + WebSocket,Architecture flow inferred from documented responsibilities,https://hyperledger-firefly.github.io/firefly/head/architecture/node_component_architecture/;https://github.com/hyperledger-firefly/firefly/tree/9d20f3081c9074d5b012427e5572ebc03da8d95d
business,apps,Submits consortium business actions,HTTPS,Architecture flow inferred from documented responsibilities,https://hyperledger-firefly.github.io/firefly/head/architecture/node_component_architecture/
tools.sandbox.frontend,tools.sandbox.backend,Submits selected sample actions,HTTP / JSON,Architecture flow inferred from documented responsibilities,https://github.com/hyperledger-firefly/sandbox/tree/ef7f240b8acf9c79c8fdf5a8bccb73e9de482069/ui/src;https://github.com/hyperledger-firefly/sandbox/tree/ef7f240b8acf9c79c8fdf5a8bccb73e9de482069/server/src
tools.sandbox.backend,tools.sandbox.sdk,Submits SDK requests,In-process calls / TypeScript,Architecture flow inferred from documented responsibilities,https://github.com/hyperledger-firefly/sandbox/tree/ef7f240b8acf9c79c8fdf5a8bccb73e9de482069/server/src;https://github.com/hyperledger-firefly/sdk-nodejs/tree/c4e813bc611ff2c6222ff84adf1cceabfd929172/lib/firefly.ts
tools.sandbox.sdk,firefly.core,Invokes member APIs and consumes events,HTTPS + WebSocket,Architecture flow inferred from documented responsibilities,https://github.com/hyperledger-firefly/sdk-nodejs/tree/c4e813bc611ff2c6222ff84adf1cceabfd929172/lib/firefly.ts;https://github.com/hyperledger-firefly/firefly/tree/9d20f3081c9074d5b012427e5572ebc03da8d95d/internal/orchestrator
tools.sandbox,firefly.core,Exercises APIs and subscriptions,HTTPS + WebSocket,Architecture flow inferred from documented responsibilities,https://github.com/hyperledger-firefly/sandbox/tree/ef7f240b8acf9c79c8fdf5a8bccb73e9de482069;https://github.com/hyperledger-firefly/firefly/tree/9d20f3081c9074d5b012427e5572ebc03da8d95d/internal/orchestrator
tools.cli,firefly.core,Registers and inspects development stacks,HTTP / Admin API,Architecture flow inferred from documented responsibilities,https://github.com/hyperledger-firefly/cli/tree/9b868d3326ba4fbadd01c74a36c7e5a92a8c2609/README.md;https://github.com/hyperledger-firefly/firefly/tree/9d20f3081c9074d5b012427e5572ebc03da8d95d/internal/orchestrator
developer,tools,Develops and tests integrations,CLI + HTTPS,Architecture flow inferred from documented responsibilities,https://hyperledger-firefly.github.io/firefly/head/architecture/node_component_architecture/;https://github.com/hyperledger-firefly/firefly/tree/9d20f3081c9074d5b012427e5572ebc03da8d95d/doc-site/docs/overview/key_components/tools.md
developer,tools.cli,Creates local test stacks,Local process invocation,Architecture flow inferred from documented responsibilities,https://hyperledger-firefly.github.io/firefly/head/architecture/node_component_architecture/;https://github.com/hyperledger-firefly/cli/tree/9b868d3326ba4fbadd01c74a36c7e5a92a8c2609/README.md
developer,tools.sandbox,Exercises sample workflows,HTTPS,Architecture flow inferred from documented responsibilities,https://hyperledger-firefly.github.io/firefly/head/architecture/node_component_architecture/;https://github.com/hyperledger-firefly/sandbox/tree/ef7f240b8acf9c79c8fdf5a8bccb73e9de482069
tools,firefly,Exercises the selected member API,HTTPS + WebSocket,Architecture flow inferred from documented responsibilities,https://github.com/hyperledger-firefly/firefly/tree/9d20f3081c9074d5b012427e5572ebc03da8d95d/doc-site/docs/overview/key_components/tools.md;https://github.com/hyperledger-firefly/firefly/tree/9d20f3081c9074d5b012427e5572ebc03da8d95d
operator,ops,Monitors availability and coordinates recovery,HTTPS,Architecture flow inferred from documented responsibilities,https://hyperledger-firefly.github.io/firefly/head/architecture/node_component_architecture/
operator,ops.grafana,Reviews quorum and recovery measurements,HTTPS,Architecture flow inferred from documented responsibilities,https://hyperledger-firefly.github.io/firefly/head/architecture/node_component_architecture/
ops.grafana,ops.prometheus,Queries operational time series,HTTP / PromQL,Architecture flow inferred from documented responsibilities,https://hyperledger-firefly.github.io/firefly/head/architecture/node_component_architecture/
ops,firefly,Routes API requests and observes health,HTTPS + metrics,Architecture flow inferred from documented responsibilities,https://hyperledger-firefly.github.io/firefly/head/architecture/node_component_architecture/;https://github.com/hyperledger-firefly/firefly/tree/9d20f3081c9074d5b012427e5572ebc03da8d95d
ops.gateway,firefly.core,Routes authenticated API requests,HTTPS / REST + WebSocket,Architecture flow inferred from documented responsibilities,https://hyperledger-firefly.github.io/firefly/head/architecture/node_component_architecture/;https://github.com/hyperledger-firefly/firefly/tree/9d20f3081c9074d5b012427e5572ebc03da8d95d/internal/orchestrator
ops.gateway,firefly.dx,Passes peer TLS sessions without terminating mTLS,TCP / TLS passthrough,Architecture flow inferred from documented responsibilities,https://hyperledger-firefly.github.io/firefly/head/architecture/node_component_architecture/;https://github.com/hyperledger-firefly/dataexchange-https/tree/b6a212d531da1ff1c24e762e7156e2593c73d052/src
ops.cnpg,firefly.pg,Reconciles primary role and health,Kubernetes API / operator control,Architecture flow inferred from documented responsibilities,https://cloudnative-pg.io/docs/1.28/replication/
ops.cnpg,firefly.pgReplica,Reconciles replication and failover candidates,Kubernetes API / operator control,Architecture flow inferred from documented responsibilities,https://cloudnative-pg.io/docs/1.28/replication/
ops.prometheus,firefly.core,Scrapes member runtime measurements,HTTP / Prometheus metrics,Architecture flow inferred from documented responsibilities,https://hyperledger-firefly.github.io/firefly/head/architecture/node_component_architecture/;https://github.com/hyperledger-firefly/firefly/tree/9d20f3081c9074d5b012427e5572ebc03da8d95d/internal/orchestrator
ops.prometheus,besu.node,"Scrapes peer, block and consensus measurements",HTTP / Prometheus metrics,Architecture flow inferred from documented responsibilities,https://hyperledger-firefly.github.io/firefly/head/architecture/node_component_architecture/;https://github.com/besu-eth/besu/tree/7e05c2342404d27bd06a992e336c5e0c86a5d8d1
ops,besu,Observes peer and quorum health,HTTP / metrics,Architecture flow inferred from documented responsibilities,https://hyperledger-firefly.github.io/firefly/head/architecture/node_component_architecture/;https://github.com/besu-eth/besu/tree/7e05c2342404d27bd06a992e336c5e0c86a5d8d1
firefly.core.namespaces,firefly.core.config,Loads namespace configuration and plugin selections,In-process calls / Go,Architecture flow inferred from documented responsibilities,https://github.com/hyperledger-firefly/firefly/tree/9d20f3081c9074d5b012427e5572ebc03da8d95d/internal/namespace;https://github.com/hyperledger-firefly/firefly/tree/9d20f3081c9074d5b012427e5572ebc03da8d95d/internal/coreconfig
firefly.core.auth,firefly.core.basicAuth,Verifies configured Basic credentials,In-process calls / Go,Architecture flow inferred from documented responsibilities,https://github.com/hyperledger-firefly/common/tree/b91a1eb645e5bc39c54ed20ad0e917cff7d15d2e/pkg/auth;https://github.com/hyperledger-firefly/common/tree/b91a1eb645e5bc39c54ed20ad0e917cff7d15d2e/pkg/auth/basic
firefly.core.blockchain,firefly.core.ethereum,Dispatches EVM operations when configured,In-process calls / Go,Architecture flow inferred from documented responsibilities,https://github.com/hyperledger-firefly/firefly/tree/9d20f3081c9074d5b012427e5572ebc03da8d95d/internal/blockchain;https://github.com/hyperledger-firefly/firefly/tree/9d20f3081c9074d5b012427e5572ebc03da8d95d/internal/blockchain/ethereum
firefly.core.blockchain,firefly.core.fabricAdapter,Dispatches Fabric operations when configured,In-process calls / Go,Architecture flow inferred from documented responsibilities,https://github.com/hyperledger-firefly/firefly/tree/9d20f3081c9074d5b012427e5572ebc03da8d95d/internal/blockchain;https://github.com/hyperledger-firefly/firefly/tree/9d20f3081c9074d5b012427e5572ebc03da8d95d/internal/blockchain/fabric
firefly.core.blockchain,firefly.core.tezosAdapter,Dispatches Tezos operations when configured,In-process calls / Go,Architecture flow inferred from documented responsibilities,https://github.com/hyperledger-firefly/firefly/tree/9d20f3081c9074d5b012427e5572ebc03da8d95d/internal/blockchain;https://github.com/hyperledger-firefly/firefly/tree/9d20f3081c9074d5b012427e5572ebc03da8d95d/internal/blockchain/tezos
firefly.core.blockchain,firefly.core.cardanoAdapter,Dispatches Cardano operations when configured,In-process calls / Go,Architecture flow inferred from documented responsibilities,https://github.com/hyperledger-firefly/firefly/tree/9d20f3081c9074d5b012427e5572ebc03da8d95d/internal/blockchain;https://github.com/hyperledger-firefly/firefly/tree/9d20f3081c9074d5b012427e5572ebc03da8d95d/internal/blockchain/cardano
firefly.core.database,firefly.core.postgres,Dispatches PostgreSQL persistence when configured,In-process calls / Go,Architecture flow inferred from documented responsibilities,https://github.com/hyperledger-firefly/firefly/tree/9d20f3081c9074d5b012427e5572ebc03da8d95d/internal/database;https://github.com/hyperledger-firefly/firefly/tree/9d20f3081c9074d5b012427e5572ebc03da8d95d/internal/database/postgres
firefly.core.database,firefly.core.sqlite,Dispatches embedded SQLite persistence when configured,In-process calls / Go,Architecture flow inferred from documented responsibilities,https://github.com/hyperledger-firefly/firefly/tree/9d20f3081c9074d5b012427e5572ebc03da8d95d/internal/database;https://github.com/hyperledger-firefly/firefly/tree/9d20f3081c9074d5b012427e5572ebc03da8d95d/internal/database/sqlite3
firefly.core.postgres,firefly.core.sql,Executes PostgreSQL resource queries and transactions,In-process calls / Go,Architecture flow inferred from documented responsibilities,https://github.com/hyperledger-firefly/firefly/tree/9d20f3081c9074d5b012427e5572ebc03da8d95d/internal/database/postgres;https://github.com/hyperledger-firefly/firefly/tree/9d20f3081c9074d5b012427e5572ebc03da8d95d/internal/database/sqlcommon
firefly.core.sqlite,firefly.core.sql,Executes SQLite resource queries and transactions,In-process calls / Go,Architecture flow inferred from documented responsibilities,https://github.com/hyperledger-firefly/firefly/tree/9d20f3081c9074d5b012427e5572ebc03da8d95d/internal/database/sqlite3;https://github.com/hyperledger-firefly/firefly/tree/9d20f3081c9074d5b012427e5572ebc03da8d95d/internal/database/sqlcommon
firefly.core.dataexchange,firefly.core.ffdx,Dispatches private data-transfer operations,In-process calls / Go,Architecture flow inferred from documented responsibilities,https://github.com/hyperledger-firefly/firefly/tree/9d20f3081c9074d5b012427e5572ebc03da8d95d/internal/dataexchange;https://github.com/hyperledger-firefly/firefly/tree/9d20f3081c9074d5b012427e5572ebc03da8d95d/internal/dataexchange/ffdx
firefly.core.sharedstorage,firefly.core.ipfs,Dispatches shared-content operations,In-process calls / Go,Architecture flow inferred from documented responsibilities,https://github.com/hyperledger-firefly/firefly/tree/9d20f3081c9074d5b012427e5572ebc03da8d95d/internal/sharedstorage;https://github.com/hyperledger-firefly/firefly/tree/9d20f3081c9074d5b012427e5572ebc03da8d95d/internal/sharedstorage/ipfs
firefly.core.tokens,firefly.core.fftokens,Dispatches standard token operations,In-process calls / Go,Architecture flow inferred from documented responsibilities,https://github.com/hyperledger-firefly/firefly/tree/9d20f3081c9074d5b012427e5572ebc03da8d95d/internal/tokens;https://github.com/hyperledger-firefly/firefly/tree/9d20f3081c9074d5b012427e5572ebc03da8d95d/internal/tokens/fftokens
firefly.core.eventplugin,firefly.core.websockets,Delivers WebSocket subscription batches,In-process calls / Go,Architecture flow inferred from documented responsibilities,https://github.com/hyperledger-firefly/firefly/tree/9d20f3081c9074d5b012427e5572ebc03da8d95d/internal/events;https://github.com/hyperledger-firefly/firefly/tree/9d20f3081c9074d5b012427e5572ebc03da8d95d/internal/events/websockets
firefly.core.eventplugin,firefly.core.webhooks,Delivers webhook subscription batches,In-process calls / Go,Architecture flow inferred from documented responsibilities,https://github.com/hyperledger-firefly/firefly/tree/9d20f3081c9074d5b012427e5572ebc03da8d95d/internal/events;https://github.com/hyperledger-firefly/firefly/tree/9d20f3081c9074d5b012427e5572ebc03da8d95d/internal/events/webhooks
firefly.core.eventplugin,firefly.core.systemEvents,Delivers internal subscription batches,In-process calls / Go,Architecture flow inferred from documented responsibilities,https://github.com/hyperledger-firefly/firefly/tree/9d20f3081c9074d5b012427e5572ebc03da8d95d/internal/events;https://github.com/hyperledger-firefly/firefly/tree/9d20f3081c9074d5b012427e5572ebc03da8d95d/internal/events/system
firefly.core.systemEvents,firefly.core.aggregator,Routes internal subscription notifications,In-process calls / Go,Architecture flow inferred from documented responsibilities,https://github.com/hyperledger-firefly/firefly/tree/9d20f3081c9074d5b012427e5572ebc03da8d95d/internal/events/system;https://github.com/hyperledger-firefly/firefly/tree/9d20f3081c9074d5b012427e5572ebc03da8d95d/internal/events/aggregator.go
firefly.core.ethereum,firefly.evm,"Submits EVM calls, transactions and listeners",HTTP REST / JSON,Architecture flow inferred from documented responsibilities,https://github.com/hyperledger-firefly/firefly/tree/9d20f3081c9074d5b012427e5572ebc03da8d95d/internal/blockchain/ethereum;https://github.com/hyperledger-firefly/evmconnect/tree/6e12bb4c050677780cf5dd975a926923868b0cb8/cmd/evmconnect.go
firefly.core.postgres,firefly.pg,Reads and writes the Core SQL database,PostgreSQL wire protocol,Architecture flow inferred from documented responsibilities,https://github.com/hyperledger-firefly/firefly/tree/9d20f3081c9074d5b012427e5572ebc03da8d95d/internal/database/postgres;https://cloudnative-pg.io/docs/1.28/replication/
firefly.core.ffdx,firefly.dx,"Transfers messages, blobs and peer configuration",HTTP REST + WebSocket,Architecture flow inferred from documented responsibilities,https://github.com/hyperledger-firefly/firefly/tree/9d20f3081c9074d5b012427e5572ebc03da8d95d/internal/dataexchange/ffdx;https://github.com/hyperledger-firefly/dataexchange-https/tree/b6a212d531da1ff1c24e762e7156e2593c73d052/src
firefly.core.ipfs,firefly.ipfs,Publishes and retrieves shared CIDs,IPFS HTTP RPC,Architecture flow inferred from documented responsibilities,https://github.com/hyperledger-firefly/firefly/tree/9d20f3081c9074d5b012427e5572ebc03da8d95d/internal/sharedstorage/ipfs;https://docs.ipfs.tech/concepts/how-ipfs-works/
firefly.core.fftokens,firefly.erc20,Submits ERC-20 and ERC-721 operations,HTTP REST + WebSocket,Architecture flow inferred from documented responsibilities,https://github.com/hyperledger-firefly/firefly/tree/9d20f3081c9074d5b012427e5572ebc03da8d95d/internal/tokens/fftokens;https://github.com/hyperledger-firefly/tokens-erc20-erc721/tree/7993b308284a396950587b5206370f7f254073d9/src
firefly.core.fftokens,firefly.erc1155,Submits ERC-1155 operations,HTTP REST + WebSocket,Architecture flow inferred from documented responsibilities,https://github.com/hyperledger-firefly/firefly/tree/9d20f3081c9074d5b012427e5572ebc03da8d95d/internal/tokens/fftokens;https://github.com/hyperledger-firefly/tokens-erc1155/tree/0355a0eb11fd12e311829a41bcbfea6148e52469/src
firefly.core.websockets,apps.client,Delivers subscribed event batches,WebSocket / JSON,Architecture flow inferred from documented responsibilities,https://github.com/hyperledger-firefly/firefly/tree/9d20f3081c9074d5b012427e5572ebc03da8d95d/internal/events/websockets;https://hyperledger-firefly.github.io/firefly/head/architecture/node_component_architecture/
firefly.core.webhooks,apps.client,Delivers subscribed event batches,HTTP POST / JSON,Architecture flow inferred from documented responsibilities,https://github.com/hyperledger-firefly/firefly/tree/9d20f3081c9074d5b012427e5572ebc03da8d95d/internal/events/webhooks;https://hyperledger-firefly.github.io/firefly/head/architecture/node_component_architecture/
apps.client,firefly.core.websockets,Acknowledges consumed event batches,WebSocket / JSON,Architecture flow inferred from documented responsibilities,https://hyperledger-firefly.github.io/firefly/head/architecture/node_component_architecture/;https://github.com/hyperledger-firefly/firefly/tree/9d20f3081c9074d5b012427e5572ebc03da8d95d/internal/events/websockets
firefly.core,firefly.sqlite,Persists Core state when SQLite is selected,Embedded SQLite / filesystem,Architecture flow inferred from documented responsibilities,https://github.com/hyperledger-firefly/firefly/tree/9d20f3081c9074d5b012427e5572ebc03da8d95d/internal/orchestrator;https://github.com/hyperledger-firefly/firefly/tree/9d20f3081c9074d5b012427e5572ebc03da8d95d/internal/database/sqlite3
firefly.core.sqlite,firefly.sqlite,Reads and writes embedded database pages,SQLite API / filesystem,Architecture flow inferred from documented responsibilities,https://github.com/hyperledger-firefly/firefly/tree/9d20f3081c9074d5b012427e5572ebc03da8d95d/internal/database/sqlite3
firefly.evm,firefly.leveldb,Persists transaction state when LevelDB is selected,Embedded LevelDB / filesystem,Architecture flow inferred from documented responsibilities,https://github.com/hyperledger-firefly/evmconnect/tree/6e12bb4c050677780cf5dd975a926923868b0cb8/cmd/evmconnect.go;https://github.com/hyperledger-firefly/transaction-manager/tree/5915cbc4e0e30dea25068b770dadbcc8bdfa9321/internal/persistence/leveldb
firefly.evm.persistence,firefly.evm.postgres,Writes state through the selected PostgreSQL backend,In-process calls / Go,Architecture flow inferred from documented responsibilities,https://github.com/hyperledger-firefly/transaction-manager/tree/5915cbc4e0e30dea25068b770dadbcc8bdfa9321/internal/persistence;https://github.com/hyperledger-firefly/transaction-manager/tree/5915cbc4e0e30dea25068b770dadbcc8bdfa9321/internal/persistence/postgres
firefly.evm.persistence,firefly.evm.leveldb,Writes state through the selected LevelDB backend,In-process calls / Go,Architecture flow inferred from documented responsibilities,https://github.com/hyperledger-firefly/transaction-manager/tree/5915cbc4e0e30dea25068b770dadbcc8bdfa9321/internal/persistence;https://github.com/hyperledger-firefly/transaction-manager/tree/5915cbc4e0e30dea25068b770dadbcc8bdfa9321/internal/persistence/leveldb
firefly.evm.blocks,firefly.evm.blocklistener,Supplies blockchain head notifications,In-process calls / Go,Architecture flow inferred from documented responsibilities,https://github.com/hyperledger-firefly/evmconnect/tree/6e12bb4c050677780cf5dd975a926923868b0cb8/pkg/ethblocklistener;https://github.com/hyperledger-firefly/transaction-manager/tree/5915cbc4e0e30dea25068b770dadbcc8bdfa9321/internal/blocklistener
firefly.evm.blocklistener,firefly.evm.confirmations,Updates tracked canonical block history,In-process calls / Go,Architecture flow inferred from documented responsibilities,https://github.com/hyperledger-firefly/transaction-manager/tree/5915cbc4e0e30dea25068b770dadbcc8bdfa9321/internal/blocklistener;https://github.com/hyperledger-firefly/transaction-manager/tree/5915cbc4e0e30dea25068b770dadbcc8bdfa9321/internal/confirmations
firefly.evm.streams,firefly.evm.webhook,Dispatches batches when webhook delivery is selected,In-process calls / Go,Architecture flow inferred from documented responsibilities,https://github.com/hyperledger-firefly/transaction-manager/tree/5915cbc4e0e30dea25068b770dadbcc8bdfa9321/internal/events
firefly.evm.manager,firefly.evm.metrics,Records transaction processing measurements,In-process calls / Go,Architecture flow inferred from documented responsibilities,https://github.com/hyperledger-firefly/transaction-manager/tree/5915cbc4e0e30dea25068b770dadbcc8bdfa9321/pkg/fftm;https://github.com/hyperledger-firefly/transaction-manager/tree/5915cbc4e0e30dea25068b770dadbcc8bdfa9321/internal/metrics
firefly.evm.streams,firefly.evm.metrics,Records event-processing measurements,In-process calls / Go,Architecture flow inferred from documented responsibilities,https://github.com/hyperledger-firefly/transaction-manager/tree/5915cbc4e0e30dea25068b770dadbcc8bdfa9321/internal/events;https://github.com/hyperledger-firefly/transaction-manager/tree/5915cbc4e0e30dea25068b770dadbcc8bdfa9321/internal/metrics
firefly.evm.postgres,firefly.pg,Persists the separate FFTM SQL database,PostgreSQL wire protocol,Architecture flow inferred from documented responsibilities,https://github.com/hyperledger-firefly/transaction-manager/tree/5915cbc4e0e30dea25068b770dadbcc8bdfa9321/internal/persistence/postgres;https://cloudnative-pg.io/docs/1.28/replication/
firefly.evm.leveldb,firefly.leveldb,Reads and writes local transaction state,LevelDB API / filesystem,Architecture flow inferred from documented responsibilities,https://github.com/hyperledger-firefly/transaction-manager/tree/5915cbc4e0e30dea25068b770dadbcc8bdfa9321/internal/persistence/leveldb
firefly.evm.webhook,apps.client,Posts configured blockchain event batches,HTTP POST / JSON,Architecture flow inferred from documented responsibilities,https://github.com/hyperledger-firefly/transaction-manager/tree/5915cbc4e0e30dea25068b770dadbcc8bdfa9321/internal/events;https://hyperledger-firefly.github.io/firefly/head/architecture/node_component_architecture/
firefly,peerMembers,Exchanges private payloads and shared content references,HTTPS / mTLS + IPFS,Architecture flow inferred from documented responsibilities,https://github.com/hyperledger-firefly/firefly/tree/9d20f3081c9074d5b012427e5572ebc03da8d95d;https://github.com/hyperledger-firefly/firefly/tree/9d20f3081c9074d5b012427e5572ebc03da8d95d/doc-site/docs/overview/multiparty/multiparty_flow.md
peerMembers,firefly,Delivers peer payloads and transfer acknowledgements,HTTPS / mTLS,Architecture flow inferred from documented responsibilities,https://github.com/hyperledger-firefly/firefly/tree/9d20f3081c9074d5b012427e5572ebc03da8d95d/doc-site/docs/overview/multiparty/multiparty_flow.md;https://github.com/hyperledger-firefly/firefly/tree/9d20f3081c9074d5b012427e5572ebc03da8d95d
firefly.dx,peerMembers,Sends private envelopes and blobs to selected peers,HTTPS / mTLS,Architecture flow inferred from documented responsibilities,https://github.com/hyperledger-firefly/dataexchange-https/tree/b6a212d531da1ff1c24e762e7156e2593c73d052/src;https://github.com/hyperledger-firefly/firefly/tree/9d20f3081c9074d5b012427e5572ebc03da8d95d/doc-site/docs/overview/multiparty/multiparty_flow.md
peerMembers,firefly.dx,"Delivers private envelopes, blobs and transfer results",HTTPS / mTLS,Architecture flow inferred from documented responsibilities,https://github.com/hyperledger-firefly/firefly/tree/9d20f3081c9074d5b012427e5572ebc03da8d95d/doc-site/docs/overview/multiparty/multiparty_flow.md;https://github.com/hyperledger-firefly/dataexchange-https/tree/b6a212d531da1ff1c24e762e7156e2593c73d052/src
firefly.dx.p2p,peerMembers,Transfers authenticated private envelopes and blobs,HTTPS / mTLS,Architecture flow inferred from documented responsibilities,https://github.com/hyperledger-firefly/dataexchange-https/tree/b6a212d531da1ff1c24e762e7156e2593c73d052/src/routers/p2p.ts;https://github.com/hyperledger-firefly/firefly/tree/9d20f3081c9074d5b012427e5572ebc03da8d95d/doc-site/docs/overview/multiparty/multiparty_flow.md
peerMembers,firefly.dx.p2p,Transfers inbound private envelopes and blobs,HTTPS / mTLS,Architecture flow inferred from documented responsibilities,https://github.com/hyperledger-firefly/firefly/tree/9d20f3081c9074d5b012427e5572ebc03da8d95d/doc-site/docs/overview/multiparty/multiparty_flow.md;https://github.com/hyperledger-firefly/dataexchange-https/tree/b6a212d531da1ff1c24e762e7156e2593c73d052/src/routers/p2p.ts
firefly.dx.events,firefly.core,Delivers message and blob transfer notifications,WebSocket / JSON,Architecture flow inferred from documented responsibilities,https://github.com/hyperledger-firefly/dataexchange-https/tree/b6a212d531da1ff1c24e762e7156e2593c73d052/src/handlers/events.ts;https://github.com/hyperledger-firefly/firefly/tree/9d20f3081c9074d5b012427e5572ebc03da8d95d/internal/orchestrator
firefly.core,firefly.dx.events,Acknowledges consumed transfer notifications,WebSocket / JSON,Architecture flow inferred from documented responsibilities,https://github.com/hyperledger-firefly/firefly/tree/9d20f3081c9074d5b012427e5572ebc03da8d95d/internal/orchestrator;https://github.com/hyperledger-firefly/dataexchange-https/tree/b6a212d531da1ff1c24e762e7156e2593c73d052/src/handlers/events.ts
firefly.ipfs,peerMembers,Fetches and serves shared content blocks by CID,IPFS / libp2p,Architecture flow inferred from documented responsibilities,https://docs.ipfs.tech/concepts/how-ipfs-works/;https://github.com/hyperledger-firefly/firefly/tree/9d20f3081c9074d5b012427e5572ebc03da8d95d/doc-site/docs/overview/multiparty/multiparty_flow.md
firefly,evmNetworks,Submits ledger operations and consumes events when configured,Ethereum JSON-RPC,Architecture flow inferred from documented responsibilities,https://github.com/hyperledger-firefly/firefly/tree/9d20f3081c9074d5b012427e5572ebc03da8d95d;https://github.com/hyperledger-firefly/evmconnect/tree/6e12bb4c050677780cf5dd975a926923868b0cb8/README.md
firefly,fabric,Submits ledger operations and consumes events when configured,Fabric connector API,Architecture flow inferred from documented responsibilities,https://github.com/hyperledger-firefly/firefly/tree/9d20f3081c9074d5b012427e5572ebc03da8d95d;https://github.com/hyperledger-firefly/fabconnect/tree/efab8a2b0ff11863bbd9c5eb8a566820f560546b/README.md
firefly,tezos,Submits ledger operations and consumes events when configured,Tezos connector API,Architecture flow inferred from documented responsibilities,https://github.com/hyperledger-firefly/firefly/tree/9d20f3081c9074d5b012427e5572ebc03da8d95d;https://github.com/hyperledger-firefly/tezosconnect/tree/508ec1e8bb8b671c1eb6e9c090a1d219043dbd8b/README.md
firefly,cardano,Submits ledger operations and consumes events when configured,Cardano connector API,Architecture flow inferred from documented responsibilities,https://github.com/hyperledger-firefly/firefly/tree/9d20f3081c9074d5b012427e5572ebc03da8d95d;https://github.com/hyperledger-firefly/cardano/tree/0300bca6b0b99d2a16a81b94f65496934999346e/README.md
developer,corda,Customizes the CorDapp and Core binding required by the starter,Development toolchain,Architecture flow inferred from documented responsibilities,https://hyperledger-firefly.github.io/firefly/head/architecture/node_component_architecture/;https://github.com/hyperledger-firefly/cordaconnect/tree/6579ca46e0d46c9c330c8b2b95f1dd83f0804640/README.md
firefly.ethconnect.rest,firefly.ethconnect.auth,Checks configured authorization hooks,In-process calls / Go,Architecture flow inferred from documented responsibilities,https://github.com/hyperledger-firefly/ethconnect/tree/e8ae0eda16cc61b8ac256cdbf5f09edeb571b8c0/internal/rest;https://github.com/hyperledger-firefly/ethconnect/tree/e8ae0eda16cc61b8ac256cdbf5f09edeb571b8c0/internal/auth
firefly.ethconnect.rest,firefly.ethconnect.contracts,Routes ABI-backed contract requests,In-process calls / Go,Architecture flow inferred from documented responsibilities,https://github.com/hyperledger-firefly/ethconnect/tree/e8ae0eda16cc61b8ac256cdbf5f09edeb571b8c0/internal/rest;https://github.com/hyperledger-firefly/ethconnect/tree/e8ae0eda16cc61b8ac256cdbf5f09edeb571b8c0/internal/contractgateway
firefly.ethconnect.contracts,firefly.ethconnect.registry,Resolves contract addresses and interfaces,In-process calls / Go,Architecture flow inferred from documented responsibilities,https://github.com/hyperledger-firefly/ethconnect/tree/e8ae0eda16cc61b8ac256cdbf5f09edeb571b8c0/internal/contractgateway;https://github.com/hyperledger-firefly/ethconnect/tree/e8ae0eda16cc61b8ac256cdbf5f09edeb571b8c0/internal/contractregistry
firefly.ethconnect.contracts,firefly.ethconnect.openapi,Generates contract request schemas,In-process calls / Go,Architecture flow inferred from documented responsibilities,https://github.com/hyperledger-firefly/ethconnect/tree/e8ae0eda16cc61b8ac256cdbf5f09edeb571b8c0/internal/contractgateway;https://github.com/hyperledger-firefly/ethconnect/tree/e8ae0eda16cc61b8ac256cdbf5f09edeb571b8c0/internal/openapi
firefly.ethconnect.contracts,firefly.ethconnect.transactions,Dispatches transaction requests,In-process calls / Go,Architecture flow inferred from documented responsibilities,https://github.com/hyperledger-firefly/ethconnect/tree/e8ae0eda16cc61b8ac256cdbf5f09edeb571b8c0/internal/contractgateway;https://github.com/hyperledger-firefly/ethconnect/tree/e8ae0eda16cc61b8ac256cdbf5f09edeb571b8c0/internal/tx
firefly.ethconnect.rest,firefly.ethconnect.transactions,Dispatches direct transaction requests,In-process calls / Go,Architecture flow inferred from documented responsibilities,https://github.com/hyperledger-firefly/ethconnect/tree/e8ae0eda16cc61b8ac256cdbf5f09edeb571b8c0/internal/rest;https://github.com/hyperledger-firefly/ethconnect/tree/e8ae0eda16cc61b8ac256cdbf5f09edeb571b8c0/internal/tx
firefly.ethconnect.rest,firefly.ethconnect.kafka,Publishes requests in Kafka bridge mode,In-process calls / Go,Architecture flow inferred from documented responsibilities,https://github.com/hyperledger-firefly/ethconnect/tree/e8ae0eda16cc61b8ac256cdbf5f09edeb571b8c0/internal/rest;https://github.com/hyperledger-firefly/ethconnect/tree/e8ae0eda16cc61b8ac256cdbf5f09edeb571b8c0/internal/kafka
firefly.ethconnect.kafka,firefly.ethconnect.transactions,Dispatches consumed transaction requests,In-process calls / Go,Architecture flow inferred from documented responsibilities,https://github.com/hyperledger-firefly/ethconnect/tree/e8ae0eda16cc61b8ac256cdbf5f09edeb571b8c0/internal/kafka;https://github.com/hyperledger-firefly/ethconnect/tree/e8ae0eda16cc61b8ac256cdbf5f09edeb571b8c0/internal/tx
firefly.ethconnect.transactions,firefly.ethconnect.rpc,Encodes and submits Ethereum transactions,In-process calls / Go,Architecture flow inferred from documented responsibilities,https://github.com/hyperledger-firefly/ethconnect/tree/e8ae0eda16cc61b8ac256cdbf5f09edeb571b8c0/internal/tx;https://github.com/hyperledger-firefly/ethconnect/tree/e8ae0eda16cc61b8ac256cdbf5f09edeb571b8c0/internal/eth
firefly.ethconnect.transactions,firefly.ethconnect.receipts,Persists completed transaction outcomes,In-process calls / Go,Architecture flow inferred from documented responsibilities,https://github.com/hyperledger-firefly/ethconnect/tree/e8ae0eda16cc61b8ac256cdbf5f09edeb571b8c0/internal/tx;https://github.com/hyperledger-firefly/ethconnect/tree/e8ae0eda16cc61b8ac256cdbf5f09edeb571b8c0/internal/receipts
firefly.ethconnect.events,firefly.ethconnect.rpc,Polls blocks and contract logs,In-process calls / Go,Architecture flow inferred from documented responsibilities,https://github.com/hyperledger-firefly/ethconnect/tree/e8ae0eda16cc61b8ac256cdbf5f09edeb571b8c0/internal/events;https://github.com/hyperledger-firefly/ethconnect/tree/e8ae0eda16cc61b8ac256cdbf5f09edeb571b8c0/internal/eth
firefly.ethconnect.events,firefly.ethconnect.websockets,Delivers confirmed event batches,In-process calls / Go,Architecture flow inferred from documented responsibilities,https://github.com/hyperledger-firefly/ethconnect/tree/e8ae0eda16cc61b8ac256cdbf5f09edeb571b8c0/internal/events;https://github.com/hyperledger-firefly/ethconnect/tree/e8ae0eda16cc61b8ac256cdbf5f09edeb571b8c0/internal/ws
firefly.ethconnect.events,firefly.ethconnect.kv,Persists subscriptions and checkpoints,In-process calls / Go,Architecture flow inferred from documented responsibilities,https://github.com/hyperledger-firefly/ethconnect/tree/e8ae0eda16cc61b8ac256cdbf5f09edeb571b8c0/internal/events;https://github.com/hyperledger-firefly/ethconnect/tree/e8ae0eda16cc61b8ac256cdbf5f09edeb571b8c0/internal/kvstore
firefly.ethconnect.registry,firefly.ethconnect.kv,Persists contract metadata,In-process calls / Go,Architecture flow inferred from documented responsibilities,https://github.com/hyperledger-firefly/ethconnect/tree/e8ae0eda16cc61b8ac256cdbf5f09edeb571b8c0/internal/contractregistry;https://github.com/hyperledger-firefly/ethconnect/tree/e8ae0eda16cc61b8ac256cdbf5f09edeb571b8c0/internal/kvstore
firefly.core.ethereum,firefly.ethconnect,Submits Ethereum requests in the legacy configuration,HTTP REST + WebSocket,Architecture flow inferred from documented responsibilities,https://github.com/hyperledger-firefly/firefly/tree/9d20f3081c9074d5b012427e5572ebc03da8d95d/internal/blockchain/ethereum;https://github.com/hyperledger-firefly/ethconnect/tree/e8ae0eda16cc61b8ac256cdbf5f09edeb571b8c0
firefly.core,firefly.ethconnect,Submits calls and consumes events in the legacy configuration,HTTP REST + WebSocket,Architecture flow inferred from documented responsibilities,https://github.com/hyperledger-firefly/firefly/tree/9d20f3081c9074d5b012427e5572ebc03da8d95d/internal/orchestrator;https://github.com/hyperledger-firefly/ethconnect/tree/e8ae0eda16cc61b8ac256cdbf5f09edeb571b8c0
firefly.ethconnect,firefly.signer,Submits unsigned transactions and read requests,HTTP JSON-RPC,Architecture flow inferred from documented responsibilities,https://github.com/hyperledger-firefly/ethconnect/tree/e8ae0eda16cc61b8ac256cdbf5f09edeb571b8c0;https://github.com/hyperledger-firefly/signer/tree/cfafd71fb4d2c3061a946f6466269877c3f04d9d/internal/rpcserver
firefly.ethconnect.rpc,firefly.signer,Requests Ethereum transaction signing and RPC forwarding,HTTP JSON-RPC,Architecture flow inferred from documented responsibilities,https://github.com/hyperledger-firefly/ethconnect/tree/e8ae0eda16cc61b8ac256cdbf5f09edeb571b8c0/internal/eth;https://github.com/hyperledger-firefly/signer/tree/cfafd71fb4d2c3061a946f6466269877c3f04d9d/internal/rpcserver
firefly.evm,evmNetworks,Submits transactions and polls an alternative EVM network,HTTP JSON-RPC,Architecture flow inferred from documented responsibilities,https://github.com/hyperledger-firefly/evmconnect/tree/6e12bb4c050677780cf5dd975a926923868b0cb8/cmd/evmconnect.go;https://github.com/hyperledger-firefly/evmconnect/tree/6e12bb4c050677780cf5dd975a926923868b0cb8/README.md
firefly.ethconnect,firefly.core,Delivers confirmed contract events and transaction results,WebSocket / JSON,Architecture flow inferred from documented responsibilities,https://github.com/hyperledger-firefly/ethconnect/tree/e8ae0eda16cc61b8ac256cdbf5f09edeb571b8c0;https://github.com/hyperledger-firefly/firefly/tree/9d20f3081c9074d5b012427e5572ebc03da8d95d/internal/orchestrator
firefly.ethconnect.websockets,firefly.core,Delivers confirmed contract event batches,WebSocket / JSON,Architecture flow inferred from documented responsibilities,https://github.com/hyperledger-firefly/ethconnect/tree/e8ae0eda16cc61b8ac256cdbf5f09edeb571b8c0/internal/ws;https://github.com/hyperledger-firefly/firefly/tree/9d20f3081c9074d5b012427e5572ebc03da8d95d/internal/orchestrator
firefly.ethconnect,firefly.ethconnectState,Persists connector state in local files,LevelDB / filesystem,Architecture flow inferred from documented responsibilities,https://github.com/hyperledger-firefly/ethconnect/tree/e8ae0eda16cc61b8ac256cdbf5f09edeb571b8c0;https://github.com/hyperledger-firefly/ethconnect/tree/e8ae0eda16cc61b8ac256cdbf5f09edeb571b8c0/internal/kvstore
firefly.ethconnect.kv,firefly.ethconnectState,Reads and writes event and registry records,LevelDB API / filesystem,Architecture flow inferred from documented responsibilities,https://github.com/hyperledger-firefly/ethconnect/tree/e8ae0eda16cc61b8ac256cdbf5f09edeb571b8c0/internal/kvstore
firefly.ethconnect.receipts,firefly.ethconnectState,Persists receipts when LevelDB is selected,LevelDB API / filesystem,Architecture flow inferred from documented responsibilities,https://github.com/hyperledger-firefly/ethconnect/tree/e8ae0eda16cc61b8ac256cdbf5f09edeb571b8c0/internal/receipts;https://github.com/hyperledger-firefly/ethconnect/tree/e8ae0eda16cc61b8ac256cdbf5f09edeb571b8c0/internal/kvstore
firefly.ethconnect.receipts,mongo,Stores receipts when MongoDB is selected,MongoDB wire protocol,Architecture flow inferred from documented responsibilities,https://github.com/hyperledger-firefly/ethconnect/tree/e8ae0eda16cc61b8ac256cdbf5f09edeb571b8c0/internal/receipts;https://github.com/hyperledger-firefly/ethconnect/tree/e8ae0eda16cc61b8ac256cdbf5f09edeb571b8c0/internal/receipts/mongoreceipts.go
firefly.ethconnect,kafkaBroker,Publishes requests and consumes transaction work in Kafka mode,Kafka protocol,Architecture flow inferred from documented responsibilities,https://github.com/hyperledger-firefly/ethconnect/tree/e8ae0eda16cc61b8ac256cdbf5f09edeb571b8c0;https://github.com/hyperledger-firefly/ethconnect/tree/e8ae0eda16cc61b8ac256cdbf5f09edeb571b8c0/internal/kafka
firefly.ethconnect.kafka,kafkaBroker,Consumes transaction requests and publishes replies,Kafka protocol,Architecture flow inferred from documented responsibilities,https://github.com/hyperledger-firefly/ethconnect/tree/e8ae0eda16cc61b8ac256cdbf5f09edeb571b8c0/internal/kafka
firefly.fabconnect.rest,firefly.fabconnect.auth,Checks configured authorization hooks,In-process calls / Go,Architecture flow inferred from documented responsibilities,https://github.com/hyperledger-firefly/fabconnect/tree/efab8a2b0ff11863bbd9c5eb8a566820f560546b/internal/rest;https://github.com/hyperledger-firefly/fabconnect/tree/efab8a2b0ff11863bbd9c5eb8a566820f560546b/internal/auth
firefly.fabconnect.rest,firefly.fabconnect.identity,Routes identity enrollment requests,In-process calls / Go,Architecture flow inferred from documented responsibilities,https://github.com/hyperledger-firefly/fabconnect/tree/efab8a2b0ff11863bbd9c5eb8a566820f560546b/internal/rest;https://github.com/hyperledger-firefly/fabconnect/tree/efab8a2b0ff11863bbd9c5eb8a566820f560546b/internal/rest/identity
firefly.fabconnect.identity,firefly.fabconnect.client,Registers and enrolls signing identities,In-process calls / Go,Architecture flow inferred from documented responsibilities,https://github.com/hyperledger-firefly/fabconnect/tree/efab8a2b0ff11863bbd9c5eb8a566820f560546b/internal/rest/identity;https://github.com/hyperledger-firefly/fabconnect/tree/efab8a2b0ff11863bbd9c5eb8a566820f560546b/internal/fabric/client
firefly.fabconnect.rest,firefly.fabconnect.transactions,Dispatches chaincode transaction requests,In-process calls / Go,Architecture flow inferred from documented responsibilities,https://github.com/hyperledger-firefly/fabconnect/tree/efab8a2b0ff11863bbd9c5eb8a566820f560546b/internal/rest;https://github.com/hyperledger-firefly/fabconnect/tree/efab8a2b0ff11863bbd9c5eb8a566820f560546b/internal/tx
firefly.fabconnect.rest,firefly.fabconnect.kafka,Publishes requests in asynchronous Kafka mode,In-process calls / Go,Architecture flow inferred from documented responsibilities,https://github.com/hyperledger-firefly/fabconnect/tree/efab8a2b0ff11863bbd9c5eb8a566820f560546b/internal/rest;https://github.com/hyperledger-firefly/fabconnect/tree/efab8a2b0ff11863bbd9c5eb8a566820f560546b/internal/kafka
firefly.fabconnect.kafka,firefly.fabconnect.transactions,Dispatches consumed transaction requests,In-process calls / Go,Architecture flow inferred from documented responsibilities,https://github.com/hyperledger-firefly/fabconnect/tree/efab8a2b0ff11863bbd9c5eb8a566820f560546b/internal/kafka;https://github.com/hyperledger-firefly/fabconnect/tree/efab8a2b0ff11863bbd9c5eb8a566820f560546b/internal/tx
firefly.fabconnect.transactions,firefly.fabconnect.client,Submits chaincode invocations,In-process calls / Go,Architecture flow inferred from documented responsibilities,https://github.com/hyperledger-firefly/fabconnect/tree/efab8a2b0ff11863bbd9c5eb8a566820f560546b/internal/tx;https://github.com/hyperledger-firefly/fabconnect/tree/efab8a2b0ff11863bbd9c5eb8a566820f560546b/internal/fabric/client
firefly.fabconnect.transactions,firefly.fabconnect.receipts,Persists transaction results,In-process calls / Go,Architecture flow inferred from documented responsibilities,https://github.com/hyperledger-firefly/fabconnect/tree/efab8a2b0ff11863bbd9c5eb8a566820f560546b/internal/tx;https://github.com/hyperledger-firefly/fabconnect/tree/efab8a2b0ff11863bbd9c5eb8a566820f560546b/internal/rest/receipt
firefly.fabconnect.events,firefly.fabconnect.client,Subscribes to Fabric ledger events,In-process calls / Go,Architecture flow inferred from documented responsibilities,https://github.com/hyperledger-firefly/fabconnect/tree/efab8a2b0ff11863bbd9c5eb8a566820f560546b/internal/events;https://github.com/hyperledger-firefly/fabconnect/tree/efab8a2b0ff11863bbd9c5eb8a566820f560546b/internal/fabric/client
firefly.fabconnect.events,firefly.fabconnect.websockets,Delivers filtered ledger event batches,In-process calls / Go,Architecture flow inferred from documented responsibilities,https://github.com/hyperledger-firefly/fabconnect/tree/efab8a2b0ff11863bbd9c5eb8a566820f560546b/internal/events;https://github.com/hyperledger-firefly/fabconnect/tree/efab8a2b0ff11863bbd9c5eb8a566820f560546b/internal/ws
firefly.fabconnect.events,firefly.fabconnect.kv,Persists subscriptions and checkpoints,In-process calls / Go,Architecture flow inferred from documented responsibilities,https://github.com/hyperledger-firefly/fabconnect/tree/efab8a2b0ff11863bbd9c5eb8a566820f560546b/internal/events;https://github.com/hyperledger-firefly/fabconnect/tree/efab8a2b0ff11863bbd9c5eb8a566820f560546b/internal/kvstore
firefly.core.fabricAdapter,firefly.fabconnect,Submits chaincode calls and event subscriptions,HTTP REST + WebSocket,Architecture flow inferred from documented responsibilities,https://github.com/hyperledger-firefly/firefly/tree/9d20f3081c9074d5b012427e5572ebc03da8d95d/internal/blockchain/fabric;https://github.com/hyperledger-firefly/fabconnect/tree/efab8a2b0ff11863bbd9c5eb8a566820f560546b
firefly.core,firefly.fabconnect,Submits Fabric requests when configured,HTTP REST + WebSocket,Architecture flow inferred from documented responsibilities,https://github.com/hyperledger-firefly/firefly/tree/9d20f3081c9074d5b012427e5572ebc03da8d95d/internal/orchestrator;https://github.com/hyperledger-firefly/fabconnect/tree/efab8a2b0ff11863bbd9c5eb8a566820f560546b
firefly.fabconnect,fabric,Submits endorsed transactions and receives ledger events,Fabric SDK / gRPC + TLS,Architecture flow inferred from documented responsibilities,https://github.com/hyperledger-firefly/fabconnect/tree/efab8a2b0ff11863bbd9c5eb8a566820f560546b;https://github.com/hyperledger-firefly/fabconnect/tree/efab8a2b0ff11863bbd9c5eb8a566820f560546b/README.md
firefly.fabconnect.client,fabric,Invokes chaincode and consumes peer ledger events,Fabric SDK / gRPC + TLS,Architecture flow inferred from documented responsibilities,https://github.com/hyperledger-firefly/fabconnect/tree/efab8a2b0ff11863bbd9c5eb8a566820f560546b/internal/fabric/client;https://github.com/hyperledger-firefly/fabconnect/tree/efab8a2b0ff11863bbd9c5eb8a566820f560546b/README.md
firefly.fabconnect.client,fabricCA,Registers and enrolls Fabric identities,Fabric CA / HTTPS,Architecture flow inferred from documented responsibilities,https://github.com/hyperledger-firefly/fabconnect/tree/efab8a2b0ff11863bbd9c5eb8a566820f560546b/internal/fabric/client;https://github.com/hyperledger-firefly/fabconnect/tree/efab8a2b0ff11863bbd9c5eb8a566820f560546b/internal/fabric/client/identity.go
firefly.fabconnect,fabricCA,Registers and enrolls client identities,Fabric CA / HTTPS,Architecture flow inferred from documented responsibilities,https://github.com/hyperledger-firefly/fabconnect/tree/efab8a2b0ff11863bbd9c5eb8a566820f560546b;https://github.com/hyperledger-firefly/fabconnect/tree/efab8a2b0ff11863bbd9c5eb8a566820f560546b/internal/fabric/client/identity.go
firefly.fabconnect.websockets,firefly.core,Delivers acknowledged Fabric event batches,WebSocket / JSON,Architecture flow inferred from documented responsibilities,https://github.com/hyperledger-firefly/fabconnect/tree/efab8a2b0ff11863bbd9c5eb8a566820f560546b/internal/ws;https://github.com/hyperledger-firefly/firefly/tree/9d20f3081c9074d5b012427e5572ebc03da8d95d/internal/orchestrator
firefly.fabconnect,firefly.core,Delivers Fabric events and transaction results,WebSocket / JSON,Architecture flow inferred from documented responsibilities,https://github.com/hyperledger-firefly/fabconnect/tree/efab8a2b0ff11863bbd9c5eb8a566820f560546b;https://github.com/hyperledger-firefly/firefly/tree/9d20f3081c9074d5b012427e5572ebc03da8d95d/internal/orchestrator
firefly.fabconnect,firefly.fabricState,Persists wallet and event state,Filesystem / LevelDB,Architecture flow inferred from documented responsibilities,https://github.com/hyperledger-firefly/fabconnect/tree/efab8a2b0ff11863bbd9c5eb8a566820f560546b;https://github.com/hyperledger-firefly/fabconnect/tree/efab8a2b0ff11863bbd9c5eb8a566820f560546b/internal/fabric/client/store.go
firefly.fabconnect.client,firefly.fabricState,Reads and writes wallet identities,Filesystem I/O,Architecture flow inferred from documented responsibilities,https://github.com/hyperledger-firefly/fabconnect/tree/efab8a2b0ff11863bbd9c5eb8a566820f560546b/internal/fabric/client;https://github.com/hyperledger-firefly/fabconnect/tree/efab8a2b0ff11863bbd9c5eb8a566820f560546b/internal/fabric/client/store.go
firefly.fabconnect.kv,firefly.fabricState,Persists event checkpoints,LevelDB API / filesystem,Architecture flow inferred from documented responsibilities,https://github.com/hyperledger-firefly/fabconnect/tree/efab8a2b0ff11863bbd9c5eb8a566820f560546b/internal/kvstore;https://github.com/hyperledger-firefly/fabconnect/tree/efab8a2b0ff11863bbd9c5eb8a566820f560546b/internal/fabric/client/store.go
firefly.fabconnect.receipts,firefly.fabricState,Persists receipts when LevelDB is selected,LevelDB API / filesystem,Architecture flow inferred from documented responsibilities,https://github.com/hyperledger-firefly/fabconnect/tree/efab8a2b0ff11863bbd9c5eb8a566820f560546b/internal/rest/receipt;https://github.com/hyperledger-firefly/fabconnect/tree/efab8a2b0ff11863bbd9c5eb8a566820f560546b/internal/fabric/client/store.go
firefly.fabconnect.receipts,mongo,Persists receipts when MongoDB is selected,MongoDB wire protocol,Architecture flow inferred from documented responsibilities,https://github.com/hyperledger-firefly/fabconnect/tree/efab8a2b0ff11863bbd9c5eb8a566820f560546b/internal/rest/receipt;https://github.com/hyperledger-firefly/ethconnect/tree/e8ae0eda16cc61b8ac256cdbf5f09edeb571b8c0/internal/receipts/mongoreceipts.go
firefly.fabconnect.kafka,kafkaBroker,Consumes transaction requests and publishes replies,Kafka protocol,Architecture flow inferred from documented responsibilities,https://github.com/hyperledger-firefly/fabconnect/tree/efab8a2b0ff11863bbd9c5eb8a566820f560546b/internal/kafka;https://github.com/hyperledger-firefly/ethconnect/tree/e8ae0eda16cc61b8ac256cdbf5f09edeb571b8c0/internal/kafka
firefly.fabconnect,kafkaBroker,Processes requests through the optional Kafka bridge,Kafka protocol,Architecture flow inferred from documented responsibilities,https://github.com/hyperledger-firefly/fabconnect/tree/efab8a2b0ff11863bbd9c5eb8a566820f560546b;https://github.com/hyperledger-firefly/ethconnect/tree/e8ae0eda16cc61b8ac256cdbf5f09edeb571b8c0/internal/kafka
firefly.tezosconnect.api,firefly.tezosconnect.policy,Schedules durable operation submission,In-process calls / Go,Architecture flow inferred from documented responsibilities,https://github.com/hyperledger-firefly/transaction-manager/tree/7a882ddaeaf2e7b9b2203a053402576e436debd9/pkg/fftm;https://github.com/hyperledger-firefly/transaction-manager/tree/7a882ddaeaf2e7b9b2203a053402576e436debd9/pkg/txhandler
firefly.tezosconnect.policy,firefly.tezosconnect.adapter,Prepares and submits Tezos operations,In-process calls / Go,Architecture flow inferred from documented responsibilities,https://github.com/hyperledger-firefly/transaction-manager/tree/7a882ddaeaf2e7b9b2203a053402576e436debd9/pkg/txhandler;https://github.com/hyperledger-firefly/tezosconnect/tree/508ec1e8bb8b671c1eb6e9c090a1d219043dbd8b/internal/tezos
firefly.tezosconnect.adapter,firefly.tezosconnect.signing,Requests a signature for encoded operations,In-process calls / Go,Architecture flow inferred from documented responsibilities,https://github.com/hyperledger-firefly/tezosconnect/tree/508ec1e8bb8b671c1eb6e9c090a1d219043dbd8b/internal/tezos;https://github.com/hyperledger-firefly/tezosconnect/tree/508ec1e8bb8b671c1eb6e9c090a1d219043dbd8b/internal/tezos/send_transaction.go
firefly.tezosconnect.blocks,firefly.tezosconnect.events,Supplies observed Tezos blocks,In-process calls / Go,Architecture flow inferred from documented responsibilities,https://github.com/hyperledger-firefly/tezosconnect/tree/508ec1e8bb8b671c1eb6e9c090a1d219043dbd8b/internal/tezos/blocklistener.go;https://github.com/hyperledger-firefly/tezosconnect/tree/508ec1e8bb8b671c1eb6e9c090a1d219043dbd8b/internal/tezos/event_stream.go
firefly.tezosconnect.events,firefly.tezosconnect.streams,Supplies decoded contract events,In-process calls / Go,Architecture flow inferred from documented responsibilities,https://github.com/hyperledger-firefly/tezosconnect/tree/508ec1e8bb8b671c1eb6e9c090a1d219043dbd8b/internal/tezos/event_stream.go;https://github.com/hyperledger-firefly/transaction-manager/tree/7a882ddaeaf2e7b9b2203a053402576e436debd9/internal/events
firefly.tezosconnect.api,firefly.tezosconnect.streams,Configures event streams,In-process calls / Go,Architecture flow inferred from documented responsibilities,https://github.com/hyperledger-firefly/transaction-manager/tree/7a882ddaeaf2e7b9b2203a053402576e436debd9/pkg/fftm;https://github.com/hyperledger-firefly/transaction-manager/tree/7a882ddaeaf2e7b9b2203a053402576e436debd9/internal/events
firefly.tezosconnect.api,firefly.tezosconnect.persistence,Persists managed transaction state,In-process calls / Go,Architecture flow inferred from documented responsibilities,https://github.com/hyperledger-firefly/transaction-manager/tree/7a882ddaeaf2e7b9b2203a053402576e436debd9/pkg/fftm;https://github.com/hyperledger-firefly/transaction-manager/tree/7a882ddaeaf2e7b9b2203a053402576e436debd9/internal/persistence
firefly.tezosconnect.streams,firefly.tezosconnect.persistence,Persists acknowledged checkpoints,In-process calls / Go,Architecture flow inferred from documented responsibilities,https://github.com/hyperledger-firefly/transaction-manager/tree/7a882ddaeaf2e7b9b2203a053402576e436debd9/internal/events;https://github.com/hyperledger-firefly/transaction-manager/tree/7a882ddaeaf2e7b9b2203a053402576e436debd9/internal/persistence
firefly.core.tezosAdapter,firefly.tezosconnect,Submits Tezos operations and listeners,HTTP REST + WebSocket,Architecture flow inferred from documented responsibilities,https://github.com/hyperledger-firefly/firefly/tree/9d20f3081c9074d5b012427e5572ebc03da8d95d/internal/blockchain/tezos;https://github.com/hyperledger-firefly/tezosconnect/tree/508ec1e8bb8b671c1eb6e9c090a1d219043dbd8b
firefly.core,firefly.tezosconnect,Submits Tezos operations when configured,HTTP REST + WebSocket,Architecture flow inferred from documented responsibilities,https://github.com/hyperledger-firefly/firefly/tree/9d20f3081c9074d5b012427e5572ebc03da8d95d/internal/orchestrator;https://github.com/hyperledger-firefly/tezosconnect/tree/508ec1e8bb8b671c1eb6e9c090a1d219043dbd8b
firefly.tezosconnect,tezos,Queries chain state and injects signed operations,Tezos HTTP RPC,Architecture flow inferred from documented responsibilities,https://github.com/hyperledger-firefly/tezosconnect/tree/508ec1e8bb8b671c1eb6e9c090a1d219043dbd8b;https://github.com/hyperledger-firefly/tezosconnect/tree/508ec1e8bb8b671c1eb6e9c090a1d219043dbd8b/README.md
firefly.tezosconnect.adapter,tezos,Queries state and injects signed operations,Tezos HTTP RPC,Architecture flow inferred from documented responsibilities,https://github.com/hyperledger-firefly/tezosconnect/tree/508ec1e8bb8b671c1eb6e9c090a1d219043dbd8b/internal/tezos;https://github.com/hyperledger-firefly/tezosconnect/tree/508ec1e8bb8b671c1eb6e9c090a1d219043dbd8b/README.md
firefly.tezosconnect.blocks,tezos,Monitors chain heads and retrieves blocks,Tezos HTTP RPC / streaming,Architecture flow inferred from documented responsibilities,https://github.com/hyperledger-firefly/tezosconnect/tree/508ec1e8bb8b671c1eb6e9c090a1d219043dbd8b/internal/tezos/blocklistener.go;https://github.com/hyperledger-firefly/tezosconnect/tree/508ec1e8bb8b671c1eb6e9c090a1d219043dbd8b/README.md
firefly.tezosconnect,signatory,Requests signatures for encoded operations,HTTP / Signatory API,Architecture flow inferred from documented responsibilities,https://github.com/hyperledger-firefly/tezosconnect/tree/508ec1e8bb8b671c1eb6e9c090a1d219043dbd8b;https://github.com/hyperledger-firefly/tezosconnect/tree/508ec1e8bb8b671c1eb6e9c090a1d219043dbd8b/README.md
firefly.tezosconnect.signing,signatory,Requests an operation signature for a Tezos address,HTTP / Signatory API,Architecture flow inferred from documented responsibilities,https://github.com/hyperledger-firefly/tezosconnect/tree/508ec1e8bb8b671c1eb6e9c090a1d219043dbd8b/internal/tezos/send_transaction.go;https://github.com/hyperledger-firefly/tezosconnect/tree/508ec1e8bb8b671c1eb6e9c090a1d219043dbd8b/README.md
firefly.tezosconnect,firefly.tezosState,Persists transaction and stream state,PostgreSQL wire or LevelDB API,Architecture flow inferred from documented responsibilities,https://github.com/hyperledger-firefly/tezosconnect/tree/508ec1e8bb8b671c1eb6e9c090a1d219043dbd8b;https://github.com/hyperledger-firefly/transaction-manager/tree/7a882ddaeaf2e7b9b2203a053402576e436debd9/internal/persistence
firefly.tezosconnect.persistence,firefly.tezosState,Reads and writes managed state,PostgreSQL wire or LevelDB API,Architecture flow inferred from documented responsibilities,https://github.com/hyperledger-firefly/transaction-manager/tree/7a882ddaeaf2e7b9b2203a053402576e436debd9/internal/persistence
firefly.tezosconnect,firefly.core,Delivers confirmed Tezos events,WebSocket / JSON,Architecture flow inferred from documented responsibilities,https://github.com/hyperledger-firefly/tezosconnect/tree/508ec1e8bb8b671c1eb6e9c090a1d219043dbd8b;https://github.com/hyperledger-firefly/firefly/tree/9d20f3081c9074d5b012427e5572ebc03da8d95d/internal/orchestrator
firefly.tezosconnect.streams,firefly.core,Delivers confirmed event batches,WebSocket / JSON,Architecture flow inferred from documented responsibilities,https://github.com/hyperledger-firefly/transaction-manager/tree/7a882ddaeaf2e7b9b2203a053402576e436debd9/internal/events;https://github.com/hyperledger-firefly/firefly/tree/9d20f3081c9074d5b012427e5572ebc03da8d95d/internal/orchestrator
firefly.cardanoconnect.server,firefly.cardanoconnect.api,Hosts connector HTTP and WebSocket routes,In-process calls / Rust,Architecture flow inferred from documented responsibilities,https://github.com/hyperledger-firefly/cardano/tree/0300bca6b0b99d2a16a81b94f65496934999346e/firefly-server/src;https://github.com/hyperledger-firefly/cardano/tree/0300bca6b0b99d2a16a81b94f65496934999346e/firefly-cardanoconnect/src/routes
firefly.cardanoconnect.api,firefly.cardanoconnect.operations,Submits operation requests,In-process calls / Rust,Architecture flow inferred from documented responsibilities,https://github.com/hyperledger-firefly/cardano/tree/0300bca6b0b99d2a16a81b94f65496934999346e/firefly-cardanoconnect/src/routes;https://github.com/hyperledger-firefly/cardano/tree/0300bca6b0b99d2a16a81b94f65496934999346e/firefly-cardanoconnect/src/operations
firefly.cardanoconnect.api,firefly.cardanoconnect.streams,Creates streams and consumes notifications,In-process calls / Rust,Architecture flow inferred from documented responsibilities,https://github.com/hyperledger-firefly/cardano/tree/0300bca6b0b99d2a16a81b94f65496934999346e/firefly-cardanoconnect/src/routes;https://github.com/hyperledger-firefly/cardano/tree/0300bca6b0b99d2a16a81b94f65496934999346e/firefly-cardanoconnect/src/streams
firefly.cardanoconnect.operations,firefly.cardanoconnect.blockchain,Builds and submits ledger transactions,In-process calls / Rust,Architecture flow inferred from documented responsibilities,https://github.com/hyperledger-firefly/cardano/tree/0300bca6b0b99d2a16a81b94f65496934999346e/firefly-cardanoconnect/src/operations;https://github.com/hyperledger-firefly/cardano/tree/0300bca6b0b99d2a16a81b94f65496934999346e/firefly-cardanoconnect/src/blockchain
firefly.cardanoconnect.blockchain,firefly.cardanoconnect.blockfrost,Dispatches requests when Blockfrost is configured,In-process calls / Rust,Architecture flow inferred from documented responsibilities,https://github.com/hyperledger-firefly/cardano/tree/0300bca6b0b99d2a16a81b94f65496934999346e/firefly-cardanoconnect/src/blockchain;https://github.com/hyperledger-firefly/cardano/tree/0300bca6b0b99d2a16a81b94f65496934999346e/firefly-cardanoconnect/src/blockchain/blockfrost
firefly.cardanoconnect.blockchain,firefly.cardanoconnect.n2c,Dispatches requests when direct node access is configured,In-process calls / Rust,Architecture flow inferred from documented responsibilities,https://github.com/hyperledger-firefly/cardano/tree/0300bca6b0b99d2a16a81b94f65496934999346e/firefly-cardanoconnect/src/blockchain;https://github.com/hyperledger-firefly/cardano/tree/0300bca6b0b99d2a16a81b94f65496934999346e/firefly-cardanoconnect/src/blockchain/n2c
firefly.cardanoconnect.operations,firefly.cardanoconnect.signer,Requests transaction witnesses,In-process calls / Rust,Architecture flow inferred from documented responsibilities,https://github.com/hyperledger-firefly/cardano/tree/0300bca6b0b99d2a16a81b94f65496934999346e/firefly-cardanoconnect/src/operations;https://github.com/hyperledger-firefly/cardano/tree/0300bca6b0b99d2a16a81b94f65496934999346e/firefly-cardanoconnect/src/signer.rs
firefly.cardanoconnect.operations,firefly.cardanoconnect.contracts,Invokes configured contract workers,In-process calls / Rust,Architecture flow inferred from documented responsibilities,https://github.com/hyperledger-firefly/cardano/tree/0300bca6b0b99d2a16a81b94f65496934999346e/firefly-cardanoconnect/src/operations;https://github.com/hyperledger-firefly/cardano/tree/0300bca6b0b99d2a16a81b94f65496934999346e/firefly-cardanoconnect/src/contracts
firefly.cardanoconnect.contracts,firefly.cardanoconnect.balius,Loads FireFly-compatible WASM worker logic,In-process calls / Rust,Architecture flow inferred from documented responsibilities,https://github.com/hyperledger-firefly/cardano/tree/0300bca6b0b99d2a16a81b94f65496934999346e/firefly-cardanoconnect/src/contracts;https://github.com/hyperledger-firefly/cardano/tree/0300bca6b0b99d2a16a81b94f65496934999346e/firefly-balius/src
firefly.cardanoconnect.contracts,firefly.cardanoconnect.blockchain,Retrieves ledger data for contract workers,In-process calls / Rust,Architecture flow inferred from documented responsibilities,https://github.com/hyperledger-firefly/cardano/tree/0300bca6b0b99d2a16a81b94f65496934999346e/firefly-cardanoconnect/src/contracts;https://github.com/hyperledger-firefly/cardano/tree/0300bca6b0b99d2a16a81b94f65496934999346e/firefly-cardanoconnect/src/blockchain
firefly.cardanoconnect.operations,firefly.cardanoconnect.persistence,Persists operation lifecycle state,In-process calls / Rust,Architecture flow inferred from documented responsibilities,https://github.com/hyperledger-firefly/cardano/tree/0300bca6b0b99d2a16a81b94f65496934999346e/firefly-cardanoconnect/src/operations;https://github.com/hyperledger-firefly/cardano/tree/0300bca6b0b99d2a16a81b94f65496934999346e/firefly-cardanoconnect/src/persistence
firefly.cardanoconnect.streams,firefly.cardanoconnect.blockchain,Tracks ledger updates,In-process calls / Rust,Architecture flow inferred from documented responsibilities,https://github.com/hyperledger-firefly/cardano/tree/0300bca6b0b99d2a16a81b94f65496934999346e/firefly-cardanoconnect/src/streams;https://github.com/hyperledger-firefly/cardano/tree/0300bca6b0b99d2a16a81b94f65496934999346e/firefly-cardanoconnect/src/blockchain
firefly.cardanoconnect.streams,firefly.cardanoconnect.contracts,Consumes application contract events,In-process calls / Rust,Architecture flow inferred from documented responsibilities,https://github.com/hyperledger-firefly/cardano/tree/0300bca6b0b99d2a16a81b94f65496934999346e/firefly-cardanoconnect/src/streams;https://github.com/hyperledger-firefly/cardano/tree/0300bca6b0b99d2a16a81b94f65496934999346e/firefly-cardanoconnect/src/contracts
firefly.cardanoconnect.streams,firefly.cardanoconnect.persistence,Persists stream checkpoints,In-process calls / Rust,Architecture flow inferred from documented responsibilities,https://github.com/hyperledger-firefly/cardano/tree/0300bca6b0b99d2a16a81b94f65496934999346e/firefly-cardanoconnect/src/streams;https://github.com/hyperledger-firefly/cardano/tree/0300bca6b0b99d2a16a81b94f65496934999346e/firefly-cardanoconnect/src/persistence
firefly.cardanoconnect.contracts,firefly.cardanoconnect.persistence,Persists contract worker state,In-process calls / Rust,Architecture flow inferred from documented responsibilities,https://github.com/hyperledger-firefly/cardano/tree/0300bca6b0b99d2a16a81b94f65496934999346e/firefly-cardanoconnect/src/contracts;https://github.com/hyperledger-firefly/cardano/tree/0300bca6b0b99d2a16a81b94f65496934999346e/firefly-cardanoconnect/src/persistence
firefly.cardanosigner.server,firefly.cardanosigner.api,Hosts signing API requests,In-process calls / Rust,Architecture flow inferred from documented responsibilities,https://github.com/hyperledger-firefly/cardano/tree/0300bca6b0b99d2a16a81b94f65496934999346e/firefly-server/src;https://github.com/hyperledger-firefly/cardano/tree/0300bca6b0b99d2a16a81b94f65496934999346e/firefly-cardanosigner/src/routes.rs
firefly.cardanosigner.api,firefly.cardanosigner.keys,Looks up the requested address key,In-process calls / Rust,Architecture flow inferred from documented responsibilities,https://github.com/hyperledger-firefly/cardano/tree/0300bca6b0b99d2a16a81b94f65496934999346e/firefly-cardanosigner/src/routes.rs;https://github.com/hyperledger-firefly/cardano/tree/0300bca6b0b99d2a16a81b94f65496934999346e/firefly-cardanosigner/src/keys.rs
firefly.cardanosigner.api,firefly.cardanosigner.crypto,Signs the transaction-body hash,In-process calls / Rust,Architecture flow inferred from documented responsibilities,https://github.com/hyperledger-firefly/cardano/tree/0300bca6b0b99d2a16a81b94f65496934999346e/firefly-cardanosigner/src/routes.rs;https://github.com/hyperledger-firefly/cardano/tree/0300bca6b0b99d2a16a81b94f65496934999346e/firefly-cardanosigner/src/private_key.rs
firefly.cardanosigner.keys,firefly.cardanosigner.crypto,Supplies the resolved private key,In-process calls / Rust,Architecture flow inferred from documented responsibilities,https://github.com/hyperledger-firefly/cardano/tree/0300bca6b0b99d2a16a81b94f65496934999346e/firefly-cardanosigner/src/keys.rs;https://github.com/hyperledger-firefly/cardano/tree/0300bca6b0b99d2a16a81b94f65496934999346e/firefly-cardanosigner/src/private_key.rs
firefly.core.cardanoAdapter,firefly.cardanoconnect,Submits Cardano operations and subscriptions,HTTP REST + WebSocket,Architecture flow inferred from documented responsibilities,https://github.com/hyperledger-firefly/firefly/tree/9d20f3081c9074d5b012427e5572ebc03da8d95d/internal/blockchain/cardano;https://github.com/hyperledger-firefly/cardano/tree/0300bca6b0b99d2a16a81b94f65496934999346e/firefly-cardanoconnect
firefly.core,firefly.cardanoconnect,Submits Cardano operations when configured,HTTP REST + WebSocket,Architecture flow inferred from documented responsibilities,https://github.com/hyperledger-firefly/firefly/tree/9d20f3081c9074d5b012427e5572ebc03da8d95d/internal/orchestrator;https://github.com/hyperledger-firefly/cardano/tree/0300bca6b0b99d2a16a81b94f65496934999346e/firefly-cardanoconnect
firefly.cardanoconnect,firefly.cardanosigner,Requests transaction witnesses,HTTP / JSON,Architecture flow inferred from documented responsibilities,https://github.com/hyperledger-firefly/cardano/tree/0300bca6b0b99d2a16a81b94f65496934999346e/firefly-cardanoconnect;https://github.com/hyperledger-firefly/cardano/tree/0300bca6b0b99d2a16a81b94f65496934999346e/firefly-cardanosigner
firefly.cardanoconnect.signer,firefly.cardanosigner,Requests transaction witnesses,HTTP / JSON,Architecture flow inferred from documented responsibilities,https://github.com/hyperledger-firefly/cardano/tree/0300bca6b0b99d2a16a81b94f65496934999346e/firefly-cardanoconnect/src/signer.rs;https://github.com/hyperledger-firefly/cardano/tree/0300bca6b0b99d2a16a81b94f65496934999346e/firefly-cardanosigner
firefly.cardanoconnect,blockfrostService,Queries ledger data and submits transactions in Blockfrost mode,HTTPS / Blockfrost API,Architecture flow inferred from documented responsibilities,https://github.com/hyperledger-firefly/cardano/tree/0300bca6b0b99d2a16a81b94f65496934999346e/firefly-cardanoconnect;https://github.com/hyperledger-firefly/cardano/tree/0300bca6b0b99d2a16a81b94f65496934999346e/README.md
firefly.cardanoconnect.blockfrost,blockfrostService,Queries blocks and submits signed transactions,HTTPS / Blockfrost API,Architecture flow inferred from documented responsibilities,https://github.com/hyperledger-firefly/cardano/tree/0300bca6b0b99d2a16a81b94f65496934999346e/firefly-cardanoconnect/src/blockchain/blockfrost;https://github.com/hyperledger-firefly/cardano/tree/0300bca6b0b99d2a16a81b94f65496934999346e/README.md
blockfrostService,cardano,Reads the ledger and relays submitted transactions,Cardano integration / service boundary,Architecture flow inferred from documented responsibilities,https://github.com/hyperledger-firefly/cardano/tree/0300bca6b0b99d2a16a81b94f65496934999346e/README.md
firefly.cardanoconnect,cardano,Synchronizes ledger state in direct-node mode,Cardano node-to-client / local socket,Architecture flow inferred from documented responsibilities,https://github.com/hyperledger-firefly/cardano/tree/0300bca6b0b99d2a16a81b94f65496934999346e/firefly-cardanoconnect;https://github.com/hyperledger-firefly/cardano/tree/0300bca6b0b99d2a16a81b94f65496934999346e/README.md
firefly.cardanoconnect.n2c,cardano,Synchronizes chain and queries ledger state,Cardano node-to-client / local socket,Architecture flow inferred from documented responsibilities,https://github.com/hyperledger-firefly/cardano/tree/0300bca6b0b99d2a16a81b94f65496934999346e/firefly-cardanoconnect/src/blockchain/n2c;https://github.com/hyperledger-firefly/cardano/tree/0300bca6b0b99d2a16a81b94f65496934999346e/README.md
firefly.cardanoconnect,firefly.cardanoState,Persists operation and stream state,SQLite / filesystem,Architecture flow inferred from documented responsibilities,https://github.com/hyperledger-firefly/cardano/tree/0300bca6b0b99d2a16a81b94f65496934999346e/firefly-cardanoconnect;https://github.com/hyperledger-firefly/cardano/tree/0300bca6b0b99d2a16a81b94f65496934999346e/firefly-cardanoconnect/src/persistence
firefly.cardanoconnect.persistence,firefly.cardanoState,Reads and writes operation and checkpoint records,SQLite API / filesystem,Architecture flow inferred from documented responsibilities,https://github.com/hyperledger-firefly/cardano/tree/0300bca6b0b99d2a16a81b94f65496934999346e/firefly-cardanoconnect/src/persistence
firefly.cardanosigner,firefly.cardanoKeys,Loads Cardano signing keys,Filesystem I/O,Architecture flow inferred from documented responsibilities,https://github.com/hyperledger-firefly/cardano/tree/0300bca6b0b99d2a16a81b94f65496934999346e/firefly-cardanosigner;https://github.com/hyperledger-firefly/cardano/tree/0300bca6b0b99d2a16a81b94f65496934999346e/firefly-cardanosigner/src/keys.rs
firefly.cardanosigner.keys,firefly.cardanoKeys,Loads address-indexed signing key files,Filesystem I/O,Architecture flow inferred from documented responsibilities,https://github.com/hyperledger-firefly/cardano/tree/0300bca6b0b99d2a16a81b94f65496934999346e/firefly-cardanosigner/src/keys.rs
firefly.cardanoconnect,firefly.core,Delivers Cardano operation and contract events,WebSocket / JSON,Architecture flow inferred from documented responsibilities,https://github.com/hyperledger-firefly/cardano/tree/0300bca6b0b99d2a16a81b94f65496934999346e/firefly-cardanoconnect;https://github.com/hyperledger-firefly/firefly/tree/9d20f3081c9074d5b012427e5572ebc03da8d95d/internal/orchestrator
firefly.cardanoconnect.streams,firefly.core,Delivers ordered operation and contract events,WebSocket / JSON,Architecture flow inferred from documented responsibilities,https://github.com/hyperledger-firefly/cardano/tree/0300bca6b0b99d2a16a81b94f65496934999346e/firefly-cardanoconnect/src/streams;https://github.com/hyperledger-firefly/firefly/tree/9d20f3081c9074d5b012427e5572ebc03da8d95d/internal/orchestrator
firefly.cordaconnect.api,firefly.cordaconnect.flows,Submits configured CorDapp flow requests,In-process calls / Java,Architecture flow inferred from documented responsibilities,https://github.com/hyperledger-firefly/cordaconnect/tree/6579ca46e0d46c9c330c8b2b95f1dd83f0804640/connector/src/main/java/io/kaleido/cordaconnector/controller;https://github.com/hyperledger-firefly/cordaconnect/tree/6579ca46e0d46c9c330c8b2b95f1dd83f0804640/connector/src/main/java/io/kaleido/cordaconnector/rpc
firefly.cordaconnect.api,firefly.cordaconnect.events,Configures event streams and subscriptions,In-process calls / Java,Architecture flow inferred from documented responsibilities,https://github.com/hyperledger-firefly/cordaconnect/tree/6579ca46e0d46c9c330c8b2b95f1dd83f0804640/connector/src/main/java/io/kaleido/cordaconnector/controller;https://github.com/hyperledger-firefly/cordaconnect/tree/6579ca46e0d46c9c330c8b2b95f1dd83f0804640/connector/src/main/java/io/kaleido/cordaconnector/service
firefly.cordaconnect.flows,firefly.cordaconnect.events,Supplies observed CorDapp state changes,In-process calls / Java,Architecture flow inferred from documented responsibilities,https://github.com/hyperledger-firefly/cordaconnect/tree/6579ca46e0d46c9c330c8b2b95f1dd83f0804640/connector/src/main/java/io/kaleido/cordaconnector/rpc;https://github.com/hyperledger-firefly/cordaconnect/tree/6579ca46e0d46c9c330c8b2b95f1dd83f0804640/connector/src/main/java/io/kaleido/cordaconnector/service
firefly.cordaconnect.events,firefly.cordaconnect.websockets,Publishes event batches,In-process calls / Java,Architecture flow inferred from documented responsibilities,https://github.com/hyperledger-firefly/cordaconnect/tree/6579ca46e0d46c9c330c8b2b95f1dd83f0804640/connector/src/main/java/io/kaleido/cordaconnector/service;https://github.com/hyperledger-firefly/cordaconnect/tree/6579ca46e0d46c9c330c8b2b95f1dd83f0804640/connector/src/main/java/io/kaleido/cordaconnector/ws
firefly.cordaconnect.events,firefly.cordaconnect.persistence,Persists stream and subscription definitions,In-process calls / Java,Architecture flow inferred from documented responsibilities,https://github.com/hyperledger-firefly/cordaconnect/tree/6579ca46e0d46c9c330c8b2b95f1dd83f0804640/connector/src/main/java/io/kaleido/cordaconnector/service;https://github.com/hyperledger-firefly/cordaconnect/tree/6579ca46e0d46c9c330c8b2b95f1dd83f0804640/connector/src/main/java/io/kaleido/cordaconnector/db
developer,firefly.cordaconnect,Exercises the starter after application-specific customization,HTTP REST + WebSocket,Architecture flow inferred from documented responsibilities,https://hyperledger-firefly.github.io/firefly/head/architecture/node_component_architecture/;https://github.com/hyperledger-firefly/cordaconnect/tree/6579ca46e0d46c9c330c8b2b95f1dd83f0804640/connector
firefly.cordaconnect,corda,Invokes custom CorDapps and consumes vault updates,Corda RPC,Architecture flow inferred from documented responsibilities,https://github.com/hyperledger-firefly/cordaconnect/tree/6579ca46e0d46c9c330c8b2b95f1dd83f0804640/connector;https://github.com/hyperledger-firefly/cordaconnect/tree/6579ca46e0d46c9c330c8b2b95f1dd83f0804640/README.md
firefly.cordaconnect.flows,corda,Invokes custom flows and subscribes to vault updates,Corda RPC,Architecture flow inferred from documented responsibilities,https://github.com/hyperledger-firefly/cordaconnect/tree/6579ca46e0d46c9c330c8b2b95f1dd83f0804640/connector/src/main/java/io/kaleido/cordaconnector/rpc;https://github.com/hyperledger-firefly/cordaconnect/tree/6579ca46e0d46c9c330c8b2b95f1dd83f0804640/README.md
firefly.cordaconnect,firefly.cordaState,Persists starter stream definitions,JPA / embedded H2,Architecture flow inferred from documented responsibilities,https://github.com/hyperledger-firefly/cordaconnect/tree/6579ca46e0d46c9c330c8b2b95f1dd83f0804640/connector;https://github.com/hyperledger-firefly/cordaconnect/tree/6579ca46e0d46c9c330c8b2b95f1dd83f0804640/connector/src/main/resources
firefly.cordaconnect.persistence,firefly.cordaState,Reads and writes subscription definitions,JPA / embedded H2,Architecture flow inferred from documented responsibilities,https://github.com/hyperledger-firefly/cordaconnect/tree/6579ca46e0d46c9c330c8b2b95f1dd83f0804640/connector/src/main/java/io/kaleido/cordaconnector/db;https://github.com/hyperledger-firefly/cordaconnect/tree/6579ca46e0d46c9c330c8b2b95f1dd83f0804640/connector/src/main/resources
firefly.cordaconnect.websockets,developer,Delivers starter event batches to an integration developer,WebSocket / JSON,Architecture flow inferred from documented responsibilities,https://github.com/hyperledger-firefly/cordaconnect/tree/6579ca46e0d46c9c330c8b2b95f1dd83f0804640/connector/src/main/java/io/kaleido/cordaconnector/ws;https://hyperledger-firefly.github.io/firefly/head/architecture/node_component_architecture/
tools.cli.commands,tools.cli.stacks,Requests development stack lifecycle changes,In-process calls / Go,Architecture flow inferred from documented responsibilities,https://github.com/hyperledger-firefly/cli/tree/9b868d3326ba4fbadd01c74a36c7e5a92a8c2609/cmd;https://github.com/hyperledger-firefly/cli/tree/9b868d3326ba4fbadd01c74a36c7e5a92a8c2609/internal/stacks
tools.cli.stacks,tools.cli.docker,Supplies generated runtime manifests,In-process calls / Go,Architecture flow inferred from documented responsibilities,https://github.com/hyperledger-firefly/cli/tree/9b868d3326ba4fbadd01c74a36c7e5a92a8c2609/internal/stacks;https://github.com/hyperledger-firefly/cli/tree/9b868d3326ba4fbadd01c74a36c7e5a92a8c2609/internal/docker
tools.cli.stacks,tools.cli.blockchains,Selects and configures the blockchain backend,In-process calls / Go,Architecture flow inferred from documented responsibilities,https://github.com/hyperledger-firefly/cli/tree/9b868d3326ba4fbadd01c74a36c7e5a92a8c2609/internal/stacks;https://github.com/hyperledger-firefly/cli/tree/9b868d3326ba4fbadd01c74a36c7e5a92a8c2609/internal/blockchain
tools.cli.stacks,tools.cli.tokens,Selects optional token services,In-process calls / Go,Architecture flow inferred from documented responsibilities,https://github.com/hyperledger-firefly/cli/tree/9b868d3326ba4fbadd01c74a36c7e5a92a8c2609/internal/stacks;https://github.com/hyperledger-firefly/cli/tree/9b868d3326ba4fbadd01c74a36c7e5a92a8c2609/internal/tokens
tools.cli.stacks,tools.cli.core,Configures member Core instances,In-process calls / Go,Architecture flow inferred from documented responsibilities,https://github.com/hyperledger-firefly/cli/tree/9b868d3326ba4fbadd01c74a36c7e5a92a8c2609/internal/stacks;https://github.com/hyperledger-firefly/cli/tree/9b868d3326ba4fbadd01c74a36c7e5a92a8c2609/internal/core
tools.cli.docker,dockerEngine,Starts and stops local stack services,Docker Compose CLI,Architecture flow inferred from documented responsibilities,https://github.com/hyperledger-firefly/cli/tree/9b868d3326ba4fbadd01c74a36c7e5a92a8c2609/internal/docker
tools.cli,dockerEngine,Manages local development stack services,Docker Compose CLI,Architecture flow inferred from documented responsibilities,https://github.com/hyperledger-firefly/cli/tree/9b868d3326ba4fbadd01c74a36c7e5a92a8c2609/README.md;https://github.com/hyperledger-firefly/cli/tree/9b868d3326ba4fbadd01c74a36c7e5a92a8c2609/internal/docker
tools.cli.core,firefly.core,Configures and inspects development members,HTTP / REST + Admin API,Architecture flow inferred from documented responsibilities,https://github.com/hyperledger-firefly/cli/tree/9b868d3326ba4fbadd01c74a36c7e5a92a8c2609/internal/core;https://github.com/hyperledger-firefly/firefly/tree/9d20f3081c9074d5b012427e5572ebc03da8d95d/internal/orchestrator
tools.perf.commands,tools.perf.runner,Starts selected workload scenarios,In-process calls / Go,Architecture flow inferred from documented responsibilities,https://github.com/hyperledger-firefly/perf-cli/tree/3d3ec0242b23b30fea41362eb60f0c190dfedde9/cmd;https://github.com/hyperledger-firefly/perf-cli/tree/3d3ec0242b23b30fea41362eb60f0c190dfedde9/internal/perf
tools.perf.server,tools.perf.runner,Controls workload execution,In-process calls / Go,Architecture flow inferred from documented responsibilities,https://github.com/hyperledger-firefly/perf-cli/tree/3d3ec0242b23b30fea41362eb60f0c190dfedde9/internal/server;https://github.com/hyperledger-firefly/perf-cli/tree/3d3ec0242b23b30fea41362eb60f0c190dfedde9/internal/perf
tools.perf.runner,tools.perf.report,Supplies measured workload results,In-process calls / Go,Architecture flow inferred from documented responsibilities,https://github.com/hyperledger-firefly/perf-cli/tree/3d3ec0242b23b30fea41362eb60f0c190dfedde9/internal/perf;https://github.com/hyperledger-firefly/perf-cli/tree/3d3ec0242b23b30fea41362eb60f0c190dfedde9/internal/util
developer,tools.perf,Runs configured performance workloads,Local process invocation,Architecture flow inferred from documented responsibilities,https://hyperledger-firefly.github.io/firefly/head/architecture/node_component_architecture/;https://github.com/hyperledger-firefly/perf-cli/tree/3d3ec0242b23b30fea41362eb60f0c190dfedde9/README.md
tools.perf,firefly.core,Submits workloads and consumes completion events,HTTP REST + WebSocket,Architecture flow inferred from documented responsibilities,https://github.com/hyperledger-firefly/perf-cli/tree/3d3ec0242b23b30fea41362eb60f0c190dfedde9/README.md;https://github.com/hyperledger-firefly/firefly/tree/9d20f3081c9074d5b012427e5572ebc03da8d95d/internal/orchestrator
tools.perf.runner,firefly.core,Submits workloads and consumes completion events,HTTP REST + WebSocket,Architecture flow inferred from documented responsibilities,https://github.com/hyperledger-firefly/perf-cli/tree/3d3ec0242b23b30fea41362eb60f0c190dfedde9/internal/perf;https://github.com/hyperledger-firefly/firefly/tree/9d20f3081c9074d5b012427e5572ebc03da8d95d/internal/orchestrator
developer,tools.eventAudit,Audits recorded blockchain-event ordering,Local process invocation,Architecture flow inferred from documented responsibilities,https://hyperledger-firefly.github.io/firefly/head/architecture/node_component_architecture/;https://github.com/hyperledger-firefly/firefly/tree/9d20f3081c9074d5b012427e5572ebc03da8d95d/auditevents
tools.eventAudit,firefly.core,Retrieves namespace status and recorded blockchain events,HTTP REST / JSON,Architecture flow inferred from documented responsibilities,https://github.com/hyperledger-firefly/firefly/tree/9d20f3081c9074d5b012427e5572ebc03da8d95d/auditevents;https://github.com/hyperledger-firefly/firefly/tree/9d20f3081c9074d5b012427e5572ebc03da8d95d/internal/orchestrator
tools.eventAudit.reader,firefly.core,Pages through status and enriched event records,HTTP REST / JSON,Architecture flow inferred from documented responsibilities,https://github.com/hyperledger-firefly/firefly/tree/9d20f3081c9074d5b012427e5572ebc03da8d95d/auditevents/main.go;https://github.com/hyperledger-firefly/firefly/tree/9d20f3081c9074d5b012427e5572ebc03da8d95d/internal/orchestrator
tools.eventAudit.reader,tools.eventAudit.ordering,Supplies ordered event pages,In-process calls / Go,Architecture flow inferred from documented responsibilities,https://github.com/hyperledger-firefly/firefly/tree/9d20f3081c9074d5b012427e5572ebc03da8d95d/auditevents/main.go
tools.eventAudit.ordering,developer,Reports ordering failures and checked event counts,Console output,Architecture flow inferred from documented responsibilities,https://github.com/hyperledger-firefly/firefly/tree/9d20f3081c9074d5b012427e5572ebc03da8d95d/auditevents/main.go;https://hyperledger-firefly.github.io/firefly/head/architecture/node_component_architecture/
developer,tools.config,Supplies configuration and migration versions,CLI / file input,Architecture flow inferred from documented responsibilities,https://hyperledger-firefly.github.io/firefly/head/architecture/node_component_architecture/;https://github.com/hyperledger-firefly/firefly/tree/9d20f3081c9074d5b012427e5572ebc03da8d95d/ffconfig
developer,tools.config.commands,Supplies configuration and target version,CLI / file input,Architecture flow inferred from documented responsibilities,https://hyperledger-firefly.github.io/firefly/head/architecture/node_component_architecture/;https://github.com/hyperledger-firefly/firefly/tree/9d20f3081c9074d5b012427e5572ebc03da8d95d/ffconfig/main.go
tools.config.commands,tools.config.migration,Submits parsed configuration for migration,In-process calls / Go,Architecture flow inferred from documented responsibilities,https://github.com/hyperledger-firefly/firefly/tree/9d20f3081c9074d5b012427e5572ebc03da8d95d/ffconfig/main.go;https://github.com/hyperledger-firefly/firefly/tree/9d20f3081c9074d5b012427e5572ebc03da8d95d/ffconfig/migrate
tools.config.migration,developer,Writes migrated configuration for review,YAML / standard output,Architecture flow inferred from documented responsibilities,https://github.com/hyperledger-firefly/firefly/tree/9d20f3081c9074d5b012427e5572ebc03da8d95d/ffconfig/migrate;https://hyperledger-firefly.github.io/firefly/head/architecture/node_component_architecture/
tools.sandbox.sdk,tools.sandbox.sdkHttp,Dispatches SDK transport operations,In-process calls / TypeScript,Architecture flow inferred from documented responsibilities,https://github.com/hyperledger-firefly/sdk-nodejs/tree/c4e813bc611ff2c6222ff84adf1cceabfd929172/lib/firefly.ts;https://github.com/hyperledger-firefly/sdk-nodejs/tree/c4e813bc611ff2c6222ff84adf1cceabfd929172/lib/http.ts
tools.sandbox.sdk,tools.sandbox.sdkEvents,Dispatches SDK transport operations,In-process calls / TypeScript,Architecture flow inferred from documented responsibilities,https://github.com/hyperledger-firefly/sdk-nodejs/tree/c4e813bc611ff2c6222ff84adf1cceabfd929172/lib/firefly.ts;https://github.com/hyperledger-firefly/sdk-nodejs/tree/c4e813bc611ff2c6222ff84adf1cceabfd929172/lib/websocket.ts
tools.sandbox.sdkHttp,firefly.core,Sends namespace-scoped API requests,HTTP REST / JSON,Architecture flow inferred from documented responsibilities,https://github.com/hyperledger-firefly/sdk-nodejs/tree/c4e813bc611ff2c6222ff84adf1cceabfd929172/lib/http.ts;https://github.com/hyperledger-firefly/firefly/tree/9d20f3081c9074d5b012427e5572ebc03da8d95d/internal/orchestrator
tools.sandbox.sdkEvents,firefly.core,Subscribes to events and sends acknowledgements,WebSocket / JSON,Architecture flow inferred from documented responsibilities,https://github.com/hyperledger-firefly/sdk-nodejs/tree/c4e813bc611ff2c6222ff84adf1cceabfd929172/lib/websocket.ts;https://github.com/hyperledger-firefly/firefly/tree/9d20f3081c9074d5b012427e5572ebc03da8d95d/internal/orchestrator
firefly.core,firefly.ethconnect.rest,Submits configured ledger requests,HTTP REST / JSON,Architecture flow inferred from documented responsibilities,https://github.com/hyperledger-firefly/firefly/tree/9d20f3081c9074d5b012427e5572ebc03da8d95d/internal/orchestrator;https://github.com/hyperledger-firefly/ethconnect/tree/e8ae0eda16cc61b8ac256cdbf5f09edeb571b8c0/internal/rest
firefly.core,firefly.fabconnect.rest,Submits configured ledger requests,HTTP REST / JSON,Architecture flow inferred from documented responsibilities,https://github.com/hyperledger-firefly/firefly/tree/9d20f3081c9074d5b012427e5572ebc03da8d95d/internal/orchestrator;https://github.com/hyperledger-firefly/fabconnect/tree/efab8a2b0ff11863bbd9c5eb8a566820f560546b/internal/rest
firefly.core,firefly.tezosconnect.api,Submits configured ledger requests,HTTP REST / JSON,Architecture flow inferred from documented responsibilities,https://github.com/hyperledger-firefly/firefly/tree/9d20f3081c9074d5b012427e5572ebc03da8d95d/internal/orchestrator;https://github.com/hyperledger-firefly/transaction-manager/tree/7a882ddaeaf2e7b9b2203a053402576e436debd9/pkg/fftm
firefly.core,firefly.cardanoconnect.api,Submits configured ledger requests,HTTP REST / JSON,Architecture flow inferred from documented responsibilities,https://github.com/hyperledger-firefly/firefly/tree/9d20f3081c9074d5b012427e5572ebc03da8d95d/internal/orchestrator;https://github.com/hyperledger-firefly/cardano/tree/0300bca6b0b99d2a16a81b94f65496934999346e/firefly-cardanoconnect/src/routes
firefly.cardanoconnect,firefly.cardanosigner.api,Requests a CBOR transaction witness set,HTTP / JSON,Architecture flow inferred from documented responsibilities,https://github.com/hyperledger-firefly/cardano/tree/0300bca6b0b99d2a16a81b94f65496934999346e/firefly-cardanoconnect;https://github.com/hyperledger-firefly/cardano/tree/0300bca6b0b99d2a16a81b94f65496934999346e/firefly-cardanosigner/src/routes.rs
developer,tools.cli.commands,Invokes development stack commands,Local process invocation,Architecture flow inferred from documented responsibilities,https://hyperledger-firefly.github.io/firefly/head/architecture/node_component_architecture/;https://github.com/hyperledger-firefly/cli/tree/9b868d3326ba4fbadd01c74a36c7e5a92a8c2609/cmd
developer,tools.perf.commands,Invokes configured workload scenarios,Local process invocation,Architecture flow inferred from documented responsibilities,https://hyperledger-firefly.github.io/firefly/head/architecture/node_component_architecture/;https://github.com/hyperledger-firefly/perf-cli/tree/3d3ec0242b23b30fea41362eb60f0c190dfedde9/cmd
developer,firefly.cordaconnect.api,Exercises customized starter operations,HTTP REST / JSON,Architecture flow inferred from documented responsibilities,https://hyperledger-firefly.github.io/firefly/head/architecture/node_component_architecture/;https://github.com/hyperledger-firefly/cordaconnect/tree/6579ca46e0d46c9c330c8b2b95f1dd83f0804640/connector/src/main/java/io/kaleido/cordaconnector/controller
firefly,signatory,Requests Tezos operation signatures in the optional configuration,HTTP / Signatory API,Architecture flow inferred from documented responsibilities,https://github.com/hyperledger-firefly/firefly/tree/9d20f3081c9074d5b012427e5572ebc03da8d95d;https://github.com/hyperledger-firefly/tezosconnect/tree/508ec1e8bb8b671c1eb6e9c090a1d219043dbd8b/README.md
firefly,blockfrostService,Queries Cardano data and submits transactions in Blockfrost mode,HTTPS / Blockfrost API,Architecture flow inferred from documented responsibilities,https://github.com/hyperledger-firefly/firefly/tree/9d20f3081c9074d5b012427e5572ebc03da8d95d;https://github.com/hyperledger-firefly/cardano/tree/0300bca6b0b99d2a16a81b94f65496934999346e/README.md
firefly,fabricCA,Registers and enrolls signing identities through FabConnect,Fabric CA / HTTPS,Architecture flow inferred from documented responsibilities,https://github.com/hyperledger-firefly/firefly/tree/9d20f3081c9074d5b012427e5572ebc03da8d95d;https://github.com/hyperledger-firefly/fabconnect/tree/efab8a2b0ff11863bbd9c5eb8a566820f560546b/internal/fabric/client/identity.go
firefly,kafkaBroker,Exchanges legacy connector transaction requests and replies,Kafka protocol,Architecture flow inferred from documented responsibilities,https://github.com/hyperledger-firefly/firefly/tree/9d20f3081c9074d5b012427e5572ebc03da8d95d;https://github.com/hyperledger-firefly/ethconnect/tree/e8ae0eda16cc61b8ac256cdbf5f09edeb571b8c0/internal/kafka
firefly,mongo,Persists legacy connector receipts when configured,MongoDB wire protocol,Architecture flow inferred from documented responsibilities,https://github.com/hyperledger-firefly/firefly/tree/9d20f3081c9074d5b012427e5572ebc03da8d95d;https://github.com/hyperledger-firefly/ethconnect/tree/e8ae0eda16cc61b8ac256cdbf5f09edeb571b8c0/internal/receipts/mongoreceipts.go
tools,dockerEngine,Creates and manages local development stack services,Docker Compose CLI,Architecture flow inferred from documented responsibilities,https://github.com/hyperledger-firefly/firefly/tree/9d20f3081c9074d5b012427e5572ebc03da8d95d/doc-site/docs/overview/key_components/tools.md;https://github.com/hyperledger-firefly/cli/tree/9b868d3326ba4fbadd01c74a36c7e5a92a8c2609/internal/docker
firefly.ethconnect,mongo,Stores receipts in the optional MongoDB backend,MongoDB wire protocol,Architecture flow inferred from documented responsibilities,https://github.com/hyperledger-firefly/ethconnect/tree/e8ae0eda16cc61b8ac256cdbf5f09edeb571b8c0;https://github.com/hyperledger-firefly/ethconnect/tree/e8ae0eda16cc61b8ac256cdbf5f09edeb571b8c0/internal/receipts/mongoreceipts.go
firefly.fabconnect,mongo,Stores receipts in the optional MongoDB backend,MongoDB wire protocol,Architecture flow inferred from documented responsibilities,https://github.com/hyperledger-firefly/fabconnect/tree/efab8a2b0ff11863bbd9c5eb8a566820f560546b;https://github.com/hyperledger-firefly/ethconnect/tree/e8ae0eda16cc61b8ac256cdbf5f09edeb571b8c0/internal/receipts/mongoreceipts.go
keycloak.server.endpoints,keycloak.server.authentication,Passes authorization request and authentication context,In-process logical interface,Architecture dataflow inferred from documented product capabilities,https://www.keycloak.org/docs/latest/server_admin/index.html
keycloak.server.authentication,keycloak.server.broker,Delegates selected external-provider login,In-process logical interface,Architecture dataflow inferred from documented product capabilities,https://www.keycloak.org/docs/latest/server_admin/index.html
keycloak.server.authentication,keycloak.server.ldap,Passes directory lookup and credential validation requests,In-process logical interface,Architecture dataflow inferred from documented product capabilities,https://www.keycloak.org/docs/latest/server_admin/index.html
keycloak.server.ldap,keycloak.server.authentication,Returns user attributes and credential validation outcome,In-process logical interface,Architecture dataflow inferred from documented product capabilities,https://www.keycloak.org/docs/latest/server_admin/index.html
keycloak.server.broker,keycloak.server.authentication,Returns verified external identity claims,In-process logical interface,Architecture dataflow inferred from documented product capabilities,https://www.keycloak.org/docs/latest/server_admin/index.html
keycloak.server.authentication,keycloak.server.sessions,Creates or resolves authenticated user session,In-process logical interface,Architecture dataflow inferred from documented product capabilities,https://www.keycloak.org/docs/latest/server_admin/index.html
keycloak.server.sessions,keycloak.server.tokens,Supplies session identity and client scope,In-process logical interface,Architecture dataflow inferred from documented product capabilities,https://www.keycloak.org/docs/latest/server_admin/index.html
keycloak.server.tokens,keycloak.server.endpoints,Returns signed tokens or SAML assertions,In-process logical interface,Architecture dataflow inferred from documented product capabilities,https://www.keycloak.org/docs/latest/server_admin/index.html
keycloak.server.admin,keycloak.server.persistence,"Writes realm, client and federation settings",In-process logical interface,Architecture dataflow inferred from documented product capabilities,https://www.keycloak.org/docs/latest/server_admin/index.html
keycloak.server.authentication,keycloak.server.persistence,Reads local credentials and realm authentication settings,In-process logical interface,Architecture dataflow inferred from documented product capabilities,https://www.keycloak.org/docs/latest/server_admin/index.html
keycloak.server.sessions,keycloak.server.persistence,Reads and writes persistent session records,In-process logical interface,Architecture dataflow inferred from documented product capabilities,https://www.keycloak.org/docs/latest/server_admin/index.html
keycloak.server,keycloak.database,"Reads and writes realm, user and session records",PostgreSQL / TLS,Architecture dataflow inferred from documented product capabilities,https://www.keycloak.org/docs/latest/server_admin/index.html;https://www.keycloak.org/server/db
keycloak.server.persistence,keycloak.database,"Reads and writes realm, user and session records",PostgreSQL / TLS,Architecture dataflow inferred from documented product capabilities,https://www.keycloak.org/docs/latest/server_admin/index.html;https://www.keycloak.org/server/db
managedHsm.service.api,managedHsm.service.authentication,Passes bearer token and requested resource audience,In-process logical interface,Architecture dataflow inferred from documented product capabilities,https://learn.microsoft.com/en-us/azure/key-vault/managed-hsm/access-control
managedHsm.service.authentication,managedHsm.service.authorization,Passes validated caller identity and requested operation,In-process logical interface,Architecture dataflow inferred from documented product capabilities,https://learn.microsoft.com/en-us/azure/key-vault/managed-hsm/access-control
managedHsm.service.authorization,managedHsm.service.lifecycle,Authorizes key lifecycle or local role-management command,In-process logical interface,Architecture dataflow inferred from documented product capabilities,https://learn.microsoft.com/en-us/azure/key-vault/managed-hsm/access-control
managedHsm.service.authorization,managedHsm.service.crypto,Authorizes cryptographic operation on the selected key version,In-process logical interface,Architecture dataflow inferred from documented product capabilities,https://learn.microsoft.com/en-us/azure/key-vault/managed-hsm/access-control
managedHsm.service.crypto,managedHsm.service.api,"Returns signature, ciphertext or wrapped-key result",In-process logical interface,Architecture dataflow inferred from documented product capabilities,https://learn.microsoft.com/en-us/azure/key-vault/managed-hsm/access-control
managedHsm.service.lifecycle,managedHsm.service.api,"Returns key identifier, public metadata and operation outcome",In-process logical interface,Architecture dataflow inferred from documented product capabilities,https://learn.microsoft.com/en-us/azure/key-vault/managed-hsm/access-control
managedHsm.service.api,managedHsm.service.audit,"Records caller, key identifier, operation and outcome",In-process logical interface,Architecture dataflow inferred from documented product capabilities,https://learn.microsoft.com/en-us/azure/key-vault/managed-hsm/access-control
managedHsm.service,managedHsm.keys,"Creates or updates protected keys, versions and local role records",Protected managed-service storage interface,Architecture dataflow inferred from documented product capabilities,https://learn.microsoft.com/en-us/azure/key-vault/managed-hsm/access-control;https://learn.microsoft.com/en-us/azure/key-vault/managed-hsm/about-keys-details
managedHsm.service.lifecycle,managedHsm.keys,"Creates or updates protected keys, versions and local role records",Protected managed-service storage interface,Architecture dataflow inferred from documented product capabilities,https://learn.microsoft.com/en-us/azure/key-vault/managed-hsm/access-control;https://learn.microsoft.com/en-us/azure/key-vault/managed-hsm/about-keys-details
managedHsm.service.crypto,managedHsm.keys,Invokes cryptographic operation using protected key handle; no private-key export,Protected cryptographic interface (logical),Architecture dataflow inferred from documented product capabilities,https://learn.microsoft.com/en-us/azure/key-vault/managed-hsm/access-control;https://learn.microsoft.com/en-us/azure/key-vault/managed-hsm/about-keys-details
managedHsm.keys,managedHsm.service.crypto,Returns cryptographic result without private key material,Protected cryptographic interface (logical),Architecture dataflow inferred from documented product capabilities,https://learn.microsoft.com/en-us/azure/key-vault/managed-hsm/about-keys-details;https://learn.microsoft.com/en-us/azure/key-vault/managed-hsm/access-control
cyberarkPam.vault.access,cyberarkPam.vault.policy,Passes caller identity and requested Safe operation,In-process logical interface,Architecture dataflow inferred from documented product capabilities,https://docs.cyberark.com/pam-self-hosted/latest/en/content/pas%20inst/installationoverview.htm
cyberarkPam.vault.policy,cyberarkPam.vault.storage,Authorizes credential read or write,In-process logical interface,Architecture dataflow inferred from documented product capabilities,https://docs.cyberark.com/pam-self-hosted/latest/en/content/pas%20inst/installationoverview.htm
cyberarkPam.vault.storage,cyberarkPam.vault.access,Returns permitted credential or metadata response,In-process logical interface,Architecture dataflow inferred from documented product capabilities,https://docs.cyberark.com/pam-self-hosted/latest/en/content/pas%20inst/installationoverview.htm
cyberarkPam.vault.access,cyberarkPam.vault.audit,Stores access events or uploaded session recordings,In-process logical interface,Architecture dataflow inferred from documented product capabilities,https://docs.cyberark.com/pam-self-hosted/latest/en/content/pas%20inst/installationoverview.htm
cyberarkPam.pvwa.portal,cyberarkPam.pvwa.approval,Submits requested account and access justification,In-process logical interface,Architecture dataflow inferred from documented product capabilities,https://docs.cyberark.com/pam-self-hosted/latest/en/content/pas%20inst/installationoverview.htm
cyberarkPam.pvwa.approval,cyberarkPam.pvwa.vaultClient,Passes approved credential or metadata request,In-process logical interface,Architecture dataflow inferred from documented product capabilities,https://docs.cyberark.com/pam-self-hosted/latest/en/content/pas%20inst/installationoverview.htm
cyberarkPam.pvwa.approval,cyberarkPam.pvwa.sessions,Authorizes target session launch,In-process logical interface,Architecture dataflow inferred from documented product capabilities,https://docs.cyberark.com/pam-self-hosted/latest/en/content/pas%20inst/installationoverview.htm
cyberarkPam.pvwa.vaultClient,cyberarkPam.pvwa.portal,Returns authorized account metadata and access outcome,In-process logical interface,Architecture dataflow inferred from documented product capabilities,https://docs.cyberark.com/pam-self-hosted/latest/en/content/pas%20inst/installationoverview.htm
cyberarkPam.cpm.scheduler,cyberarkPam.cpm.rotation,Passes account identifier and password management task,In-process logical interface,Architecture dataflow inferred from documented product capabilities,https://docs.cyberark.com/pam-self-hosted/latest/en/content/pas%20inst/installationoverview.htm
cyberarkPam.cpm.rotation,cyberarkPam.cpm.vaultClient,Requests current credential and target account metadata,In-process logical interface,Architecture dataflow inferred from documented product capabilities,https://docs.cyberark.com/pam-self-hosted/latest/en/content/pas%20inst/installationoverview.htm
cyberarkPam.cpm.vaultClient,cyberarkPam.cpm.rotation,Returns permitted credential and target details,In-process logical interface,Architecture dataflow inferred from documented product capabilities,https://docs.cyberark.com/pam-self-hosted/latest/en/content/pas%20inst/installationoverview.htm
cyberarkPam.cpm.rotation,cyberarkPam.cpm.target,Passes password verification or change operation,In-process logical interface,Architecture dataflow inferred from documented product capabilities,https://docs.cyberark.com/pam-self-hosted/latest/en/content/pas%20inst/installationoverview.htm
cyberarkPam.cpm.target,cyberarkPam.cpm.rotation,Returns target password operation outcome,In-process logical interface,Architecture dataflow inferred from documented product capabilities,https://docs.cyberark.com/pam-self-hosted/latest/en/content/pas%20inst/installationoverview.htm
cyberarkPam.cpm.rotation,cyberarkPam.cpm.vaultClient,Submits successfully changed credential for storage,In-process logical interface,Architecture dataflow inferred from documented product capabilities,https://docs.cyberark.com/pam-self-hosted/latest/en/content/pas%20inst/installationoverview.htm
cyberarkPam.psm.broker,cyberarkPam.psm.target,Passes authorized target and privileged credential,In-process logical interface,Architecture dataflow inferred from documented product capabilities,https://docs.cyberark.com/pam-self-hosted/latest/en/content/pas%20inst/installationoverview.htm
cyberarkPam.psm.target,cyberarkPam.psm.recorder,Supplies session activity for recording,In-process logical interface,Architecture dataflow inferred from documented product capabilities,https://docs.cyberark.com/pam-self-hosted/latest/en/content/pas%20inst/installationoverview.htm
cyberarkPam.psm.target,cyberarkPam.psm.broker,Returns session output and completion status,In-process logical interface,Architecture dataflow inferred from documented product capabilities,https://docs.cyberark.com/pam-self-hosted/latest/en/content/pas%20inst/installationoverview.htm
cyberarkPam.pvwa,cyberarkPam.vault,Submits permitted Safe credential or metadata operations,CyberArk Vault protocol / encrypted channel,Architecture dataflow inferred from documented product capabilities,https://docs.cyberark.com/pam-self-hosted/latest/en/content/pas%20inst/installationoverview.htm
cyberarkPam.vault,cyberarkPam.pvwa,Returns authorized credential or account metadata,CyberArk Vault protocol / encrypted channel,Architecture dataflow inferred from documented product capabilities,https://docs.cyberark.com/pam-self-hosted/latest/en/content/pas%20inst/installationoverview.htm
cyberarkPam.pvwa.vaultClient,cyberarkPam.vault,Submits permitted Safe credential or metadata operations,CyberArk Vault protocol / encrypted channel,Architecture dataflow inferred from documented product capabilities,https://docs.cyberark.com/pam-self-hosted/latest/en/content/pas%20inst/installationoverview.htm
cyberarkPam.vault,cyberarkPam.pvwa.vaultClient,Returns authorized credential or account metadata,CyberArk Vault protocol / encrypted channel,Architecture dataflow inferred from documented product capabilities,https://docs.cyberark.com/pam-self-hosted/latest/en/content/pas%20inst/installationoverview.htm
cyberarkPam.cpm,cyberarkPam.vault,Submits permitted Safe credential or metadata operations,CyberArk Vault protocol / encrypted channel,Architecture dataflow inferred from documented product capabilities,https://docs.cyberark.com/pam-self-hosted/latest/en/content/pas%20inst/installationoverview.htm
cyberarkPam.vault,cyberarkPam.cpm,Returns authorized credential or account metadata,CyberArk Vault protocol / encrypted channel,Architecture dataflow inferred from documented product capabilities,https://docs.cyberark.com/pam-self-hosted/latest/en/content/pas%20inst/installationoverview.htm
cyberarkPam.cpm.vaultClient,cyberarkPam.vault,Submits permitted Safe credential or metadata operations,CyberArk Vault protocol / encrypted channel,Architecture dataflow inferred from documented product capabilities,https://docs.cyberark.com/pam-self-hosted/latest/en/content/pas%20inst/installationoverview.htm
cyberarkPam.vault,cyberarkPam.cpm.vaultClient,Returns authorized credential or account metadata,CyberArk Vault protocol / encrypted channel,Architecture dataflow inferred from documented product capabilities,https://docs.cyberark.com/pam-self-hosted/latest/en/content/pas%20inst/installationoverview.htm
cyberarkPam.psm,cyberarkPam.vault,Submits permitted Safe credential or metadata operations,CyberArk Vault protocol / encrypted channel,Architecture dataflow inferred from documented product capabilities,https://docs.cyberark.com/pam-self-hosted/latest/en/content/pas%20inst/installationoverview.htm
cyberarkPam.vault,cyberarkPam.psm,Returns authorized credential or account metadata,CyberArk Vault protocol / encrypted channel,Architecture dataflow inferred from documented product capabilities,https://docs.cyberark.com/pam-self-hosted/latest/en/content/pas%20inst/installationoverview.htm
cyberarkPam.psm.broker,cyberarkPam.vault,Submits permitted Safe credential or metadata operations,CyberArk Vault protocol / encrypted channel,Architecture dataflow inferred from documented product capabilities,https://docs.cyberark.com/pam-self-hosted/latest/en/content/pas%20inst/installationoverview.htm
cyberarkPam.vault,cyberarkPam.psm.broker,Returns authorized credential or account metadata,CyberArk Vault protocol / encrypted channel,Architecture dataflow inferred from documented product capabilities,https://docs.cyberark.com/pam-self-hosted/latest/en/content/pas%20inst/installationoverview.htm
cyberarkPam.psm,cyberarkPam.vault,Uploads session recordings and audit metadata,CyberArk Vault protocol / encrypted channel,Architecture dataflow inferred from documented product capabilities,https://docs.cyberark.com/pam-self-hosted/latest/en/content/pas%20inst/installationoverview.htm
cyberarkPam.psm.recorder,cyberarkPam.vault,Uploads session recordings and audit metadata,CyberArk Vault protocol / encrypted channel,Architecture dataflow inferred from documented product capabilities,https://docs.cyberark.com/pam-self-hosted/latest/en/content/pas%20inst/installationoverview.htm
cyberarkPam.pvwa,cyberarkPam.psm,Supplies authorized session-launch context via the user session client,Session connection parameters / client-mediated,Architecture dataflow inferred from documented product capabilities,https://docs.cyberark.com/pam-self-hosted/latest/en/content/pas%20inst/installationoverview.htm
cyberarkPam.pvwa.sessions,cyberarkPam.psm,Supplies authorized session-launch context via the user session client,Session connection parameters / client-mediated,Architecture dataflow inferred from documented product capabilities,https://docs.cyberark.com/pam-self-hosted/latest/en/content/pas%20inst/installationoverview.htm
cyberarkPam.cpm,managedTarget,Verifies or changes the privileged target password,SSH / target-specific password commands,Proposed reference integration; not built-in FireFly functionality,https://docs.cyberark.com/pam-self-hosted/latest/en/content/pas%20inst/installationoverview.htm
managedTarget,cyberarkPam.cpm,Returns password verification or change outcome,SSH / target command response,Proposed reference integration; not built-in FireFly functionality,https://docs.cyberark.com/pam-self-hosted/latest/en/content/pas%20inst/installationoverview.htm
cyberarkPam.cpm.target,managedTarget,Verifies or changes the privileged target password,SSH / target-specific password commands,Proposed reference integration; not built-in FireFly functionality,https://docs.cyberark.com/pam-self-hosted/latest/en/content/pas%20inst/installationoverview.htm
managedTarget,cyberarkPam.cpm.target,Returns password verification or change outcome,SSH / target command response,Proposed reference integration; not built-in FireFly functionality,https://docs.cyberark.com/pam-self-hosted/latest/en/content/pas%20inst/installationoverview.htm
cyberarkPam.psm,managedTarget,Opens privileged SSH session and relays administrator commands,SSH,Proposed reference integration; not built-in FireFly functionality,https://docs.cyberark.com/pam-self-hosted/latest/en/content/pas%20inst/installationoverview.htm
managedTarget,cyberarkPam.psm,Returns command output and session state,SSH,Proposed reference integration; not built-in FireFly functionality,https://docs.cyberark.com/pam-self-hosted/latest/en/content/pas%20inst/installationoverview.htm
cyberarkPam.psm.target,managedTarget,Opens privileged SSH session and relays administrator commands,SSH,Proposed reference integration; not built-in FireFly functionality,https://docs.cyberark.com/pam-self-hosted/latest/en/content/pas%20inst/installationoverview.htm
managedTarget,cyberarkPam.psm.target,Returns command output and session state,SSH,Proposed reference integration; not built-in FireFly functionality,https://docs.cyberark.com/pam-self-hosted/latest/en/content/pas%20inst/installationoverview.htm
conjur.service.api,conjur.service.authentication,Submits configured workload authentication proof,In-process logical interface,Architecture dataflow inferred from documented product capabilities,https://docs.cyberark.com/secrets-manager-sh/latest/en/content/resources/_topnav/cc_home.htm
conjur.service.authentication,conjur.service.api,Returns short-lived Conjur access token,In-process logical interface,Architecture dataflow inferred from documented product capabilities,https://docs.cyberark.com/secrets-manager-sh/latest/en/content/resources/_topnav/cc_home.htm
conjur.service.api,conjur.service.policy,"Passes token identity, variable path and requested operation",In-process logical interface,Architecture dataflow inferred from documented product capabilities,https://docs.cyberark.com/secrets-manager-sh/latest/en/content/resources/_topnav/cc_home.htm
conjur.service.policy,conjur.service.secrets,Authorizes secret variable read or update,In-process logical interface,Architecture dataflow inferred from documented product capabilities,https://docs.cyberark.com/secrets-manager-sh/latest/en/content/resources/_topnav/cc_home.htm
conjur.service.secrets,conjur.service.api,Returns authorized secret value or update status,In-process logical interface,Architecture dataflow inferred from documented product capabilities,https://docs.cyberark.com/secrets-manager-sh/latest/en/content/resources/_topnav/cc_home.htm
conjur.service.api,conjur.service.audit,"Records workload, variable identifier and operation outcome",In-process logical interface,Architecture dataflow inferred from documented product capabilities,https://docs.cyberark.com/secrets-manager-sh/latest/en/content/resources/_topnav/cc_home.htm
conjur.synchronizer.reader,conjur.synchronizer.mapping,"Supplies selected account identifier, metadata and credential version",In-process logical interface,Architecture dataflow inferred from documented product capabilities,https://docs.cyberark.com/secrets-manager-sh/latest/en/content/conjur/cv_synchronizer-lp.htm
conjur.synchronizer.mapping,conjur.synchronizer.writer,Supplies mapped variable identifier and updated secret value,In-process logical interface,Architecture dataflow inferred from documented product capabilities,https://docs.cyberark.com/secrets-manager-sh/latest/en/content/conjur/cv_synchronizer-lp.htm
conjur.service,conjur.store,Reads or writes encrypted secret records and versions,Service-owned persistence interface (logical),Architecture dataflow inferred from documented product capabilities,https://docs.cyberark.com/secrets-manager-sh/latest/en/content/resources/_topnav/cc_home.htm
conjur.service.secrets,conjur.store,Reads or writes encrypted secret records and versions,Service-owned persistence interface (logical),Architecture dataflow inferred from documented product capabilities,https://docs.cyberark.com/secrets-manager-sh/latest/en/content/resources/_topnav/cc_home.htm
conjur.service.policy,conjur.store,Reads workload permissions and variable policy records,Service-owned persistence interface (logical),Architecture dataflow inferred from documented product capabilities,https://docs.cyberark.com/secrets-manager-sh/latest/en/content/resources/_topnav/cc_home.htm
conjur.synchronizer,cyberarkPam.vault,Reads configured Vault accounts and changed credential versions,CyberArk Vault protocol / encrypted channel,Architecture dataflow inferred from documented product capabilities,https://docs.cyberark.com/secrets-manager-sh/latest/en/content/conjur/cv_synchronizer-lp.htm;https://docs.cyberark.com/pam-self-hosted/latest/en/content/pas%20inst/installationoverview.htm
cyberarkPam.vault,conjur.synchronizer,Returns selected account metadata and credentials,CyberArk Vault protocol / encrypted channel,Architecture dataflow inferred from documented product capabilities,https://docs.cyberark.com/pam-self-hosted/latest/en/content/pas%20inst/installationoverview.htm;https://docs.cyberark.com/secrets-manager-sh/latest/en/content/conjur/cv_synchronizer-lp.htm
conjur.synchronizer.reader,cyberarkPam.vault,Reads configured Vault accounts and changed credential versions,CyberArk Vault protocol / encrypted channel,Architecture dataflow inferred from documented product capabilities,https://docs.cyberark.com/secrets-manager-sh/latest/en/content/conjur/cv_synchronizer-lp.htm;https://docs.cyberark.com/pam-self-hosted/latest/en/content/pas%20inst/installationoverview.htm
cyberarkPam.vault,conjur.synchronizer.reader,Returns selected account metadata and credentials,CyberArk Vault protocol / encrypted channel,Architecture dataflow inferred from documented product capabilities,https://docs.cyberark.com/pam-self-hosted/latest/en/content/pas%20inst/installationoverview.htm;https://docs.cyberark.com/secrets-manager-sh/latest/en/content/conjur/cv_synchronizer-lp.htm
conjur.synchronizer,conjur.service,Authenticates and writes mapped secret variable values,HTTPS / Conjur API,Architecture dataflow inferred from documented product capabilities,https://docs.cyberark.com/secrets-manager-sh/latest/en/content/conjur/cv_synchronizer-lp.htm;https://docs.cyberark.com/secrets-manager-sh/latest/en/content/resources/_topnav/cc_home.htm
conjur.synchronizer.writer,conjur.service,Authenticates and writes mapped secret variable values,HTTPS / Conjur API,Architecture dataflow inferred from documented product capabilities,https://docs.cyberark.com/secrets-manager-sh/latest/en/content/conjur/cv_synchronizer-lp.htm;https://docs.cyberark.com/secrets-manager-sh/latest/en/content/resources/_topnav/cc_home.htm
entraId.authentication.endpoints,entraId.authentication.credentials,Passes authorization or token request with authentication proof,In-process logical interface,Architecture dataflow inferred from documented product capabilities,https://learn.microsoft.com/en-us/entra/identity-platform/v2-protocols-oidc
entraId.authentication.credentials,entraId.authentication.policy,Supplies authenticated identity and sign-in context,In-process logical interface,Architecture dataflow inferred from documented product capabilities,https://learn.microsoft.com/en-us/entra/identity-platform/v2-protocols-oidc
entraId.authentication.policy,entraId.authentication.tokens,"Supplies permitted identity, audience and scopes",In-process logical interface,Architecture dataflow inferred from documented product capabilities,https://learn.microsoft.com/en-us/entra/identity-platform/v2-protocols-oidc
entraId.authentication.tokens,entraId.authentication.endpoints,Returns signed ID or access token response,In-process logical interface,Architecture dataflow inferred from documented product capabilities,https://learn.microsoft.com/en-us/entra/identity-platform/v2-protocols-oidc
entraId.directory.api,entraId.directory.authorization,"Passes caller, directory resource and operation",In-process logical interface,Architecture dataflow inferred from documented product capabilities,https://learn.microsoft.com/en-us/entra/architecture/architecture
entraId.directory.authorization,entraId.directory.records,Authorizes identity or policy record access,In-process logical interface,Architecture dataflow inferred from documented product capabilities,https://learn.microsoft.com/en-us/entra/architecture/architecture
entraId.directory.records,entraId.directory.api,Returns directory objects or update outcome,In-process logical interface,Architecture dataflow inferred from documented product capabilities,https://learn.microsoft.com/en-us/entra/architecture/architecture
entraId.provisioning.scheduler,entraId.provisioning.mapping,Submits returned directory object changes and synchronization state,In-process logical interface,Architecture dataflow inferred from documented product capabilities,https://learn.microsoft.com/en-us/entra/identity/hybrid/cloud-sync/what-is-cloud-sync
entraId.provisioning.mapping,entraId.provisioning.writer,Supplies filtered and mapped directory object changes,In-process logical interface,Architecture dataflow inferred from documented product capabilities,https://learn.microsoft.com/en-us/entra/identity/hybrid/cloud-sync/what-is-cloud-sync
entraId.agent.channel,entraId.agent.directory,Passes requested directory scope and attribute query,In-process logical interface,Architecture dataflow inferred from documented product capabilities,https://learn.microsoft.com/en-us/entra/identity/hybrid/cloud-sync/what-is-cloud-sync
entraId.agent.directory,entraId.agent.response,Supplies selected object attributes and query outcome,In-process logical interface,Architecture dataflow inferred from documented product capabilities,https://learn.microsoft.com/en-us/entra/identity/hybrid/cloud-sync/what-is-cloud-sync
entraId.agent.response,entraId.agent.channel,Returns synchronization data for the established service channel,In-process logical interface,Architecture dataflow inferred from documented product capabilities,https://learn.microsoft.com/en-us/entra/identity/hybrid/cloud-sync/what-is-cloud-sync
entraId.authentication,entraId.directory,"Reads identity, application and applicable policy records",Microsoft internal service interface (logical),Architecture dataflow inferred from documented product capabilities,https://learn.microsoft.com/en-us/entra/identity-platform/v2-protocols-oidc;https://learn.microsoft.com/en-us/entra/architecture/architecture
entraId.authentication.credentials,entraId.directory,"Reads identity, application and applicable policy records",Microsoft internal service interface (logical),Architecture dataflow inferred from documented product capabilities,https://learn.microsoft.com/en-us/entra/identity-platform/v2-protocols-oidc;https://learn.microsoft.com/en-us/entra/architecture/architecture
entraId.authentication.policy,entraId.directory,"Reads identity, application and applicable policy records",Microsoft internal service interface (logical),Architecture dataflow inferred from documented product capabilities,https://learn.microsoft.com/en-us/entra/identity-platform/v2-protocols-oidc;https://learn.microsoft.com/en-us/entra/architecture/architecture
entraId.provisioning,entraId.directory,"Commits scoped user, group and contact changes",Microsoft internal directory interface (logical),Architecture dataflow inferred from documented product capabilities,https://learn.microsoft.com/en-us/entra/identity/hybrid/cloud-sync/what-is-cloud-sync;https://learn.microsoft.com/en-us/entra/architecture/architecture
entraId.provisioning.writer,entraId.directory,"Commits scoped user, group and contact changes",Microsoft internal directory interface (logical),Architecture dataflow inferred from documented product capabilities,https://learn.microsoft.com/en-us/entra/identity/hybrid/cloud-sync/what-is-cloud-sync;https://learn.microsoft.com/en-us/entra/architecture/architecture
entraId.agent,entraId.provisioning,Establishes outbound channel and returns requested directory attributes,TLS / Cloud Sync service channel via Azure Service Bus,Architecture dataflow inferred from documented product capabilities,https://learn.microsoft.com/en-us/entra/identity/hybrid/cloud-sync/what-is-cloud-sync
entraId.provisioning,entraId.agent,Delivers scoped synchronization requests over the agent-established channel,SCIM / established Cloud Sync channel,Architecture dataflow inferred from documented product capabilities,https://learn.microsoft.com/en-us/entra/identity/hybrid/cloud-sync/what-is-cloud-sync
entraId.agent.channel,entraId.provisioning,Establishes outbound channel and returns requested directory attributes,TLS / Cloud Sync service channel via Azure Service Bus,Architecture dataflow inferred from documented product capabilities,https://learn.microsoft.com/en-us/entra/identity/hybrid/cloud-sync/what-is-cloud-sync
entraId.provisioning,entraId.agent.channel,Delivers scoped synchronization requests over the agent-established channel,SCIM / established Cloud Sync channel,Architecture dataflow inferred from documented product capabilities,https://learn.microsoft.com/en-us/entra/identity/hybrid/cloud-sync/what-is-cloud-sync
entraId.provisioning.scheduler,entraId.agent,Delivers scoped directory synchronization requests,SCIM / agent-established service channel,Architecture dataflow inferred from documented product capabilities,https://learn.microsoft.com/en-us/entra/identity/hybrid/cloud-sync/what-is-cloud-sync
entraId.agent,entraId.provisioning.mapping,Returns scoped object attributes and synchronization progress,TLS / established Cloud Sync channel,Architecture dataflow inferred from documented product capabilities,https://learn.microsoft.com/en-us/entra/identity/hybrid/cloud-sync/what-is-cloud-sync
adDs.directory.ldap,adDs.directory.access,Passes bind or directory search request,In-process logical interface,Architecture dataflow inferred from documented product capabilities,https://learn.microsoft.com/en-us/windows-server/identity/ad-ds/get-started/virtual-dc/active-directory-domain-services-overview
adDs.directory.access,adDs.directory.persistence,Reads permitted account attributes or updates directory objects,In-process logical interface,Architecture dataflow inferred from documented product capabilities,https://learn.microsoft.com/en-us/windows-server/identity/ad-ds/get-started/virtual-dc/active-directory-domain-services-overview
adDs.directory.kdc,adDs.directory.persistence,Reads account authentication and ticket-policy records,In-process logical interface,Architecture dataflow inferred from documented product capabilities,https://learn.microsoft.com/en-us/windows-server/identity/ad-ds/get-started/virtual-dc/active-directory-domain-services-overview
adDs.directory.replication,adDs.directory.persistence,Applies replicated directory change records,In-process logical interface,Architecture dataflow inferred from documented product capabilities,https://learn.microsoft.com/en-us/windows-server/identity/ad-ds/get-started/virtual-dc/active-directory-domain-services-overview
adDs.directory.policy,adDs.directory.access,Reads authorized Group Policy object metadata,In-process logical interface,Architecture dataflow inferred from documented product capabilities,https://learn.microsoft.com/en-us/windows-server/identity/ad-ds/get-started/virtual-dc/active-directory-domain-services-overview
adDs.directory,adDs.database,"Reads and writes directory objects, account records and change state",Local directory database interface,Architecture dataflow inferred from documented product capabilities,https://learn.microsoft.com/en-us/windows-server/identity/ad-ds/get-started/virtual-dc/active-directory-domain-services-overview
adDs.directory.persistence,adDs.database,"Reads and writes directory objects, account records and change state",Local directory database interface,Architecture dataflow inferred from documented product capabilities,https://learn.microsoft.com/en-us/windows-server/identity/ad-ds/get-started/virtual-dc/active-directory-domain-services-overview
adDs.directory,adDs.sysvol,Reads domain policy templates and script references,Local filesystem access,Architecture dataflow inferred from documented product capabilities,https://learn.microsoft.com/en-us/windows-server/identity/ad-ds/get-started/virtual-dc/active-directory-domain-services-overview
adDs.directory.policy,adDs.sysvol,Reads domain policy templates and script references,Local filesystem access,Architecture dataflow inferred from documented product capabilities,https://learn.microsoft.com/en-us/windows-server/identity/ad-ds/get-started/virtual-dc/active-directory-domain-services-overview
entraId.agent,adDs.directory,"Queries selected users, groups, contacts and requested attributes",LDAP / protected domain connection,Architecture dataflow inferred from documented product capabilities,https://learn.microsoft.com/en-us/entra/identity/hybrid/cloud-sync/what-is-cloud-sync;https://learn.microsoft.com/en-us/windows-server/identity/ad-ds/get-started/virtual-dc/active-directory-domain-services-overview
adDs.directory,entraId.agent,Returns scoped directory object attributes and change information,LDAP / protected domain connection,Architecture dataflow inferred from documented product capabilities,https://learn.microsoft.com/en-us/windows-server/identity/ad-ds/get-started/virtual-dc/active-directory-domain-services-overview;https://learn.microsoft.com/en-us/entra/identity/hybrid/cloud-sync/what-is-cloud-sync
entraId.agent.directory,adDs.directory,"Queries selected users, groups, contacts and requested attributes",LDAP / protected domain connection,Architecture dataflow inferred from documented product capabilities,https://learn.microsoft.com/en-us/entra/identity/hybrid/cloud-sync/what-is-cloud-sync;https://learn.microsoft.com/en-us/windows-server/identity/ad-ds/get-started/virtual-dc/active-directory-domain-services-overview
adDs.directory,entraId.agent.directory,Returns scoped directory object attributes and change information,LDAP / protected domain connection,Architecture dataflow inferred from documented product capabilities,https://learn.microsoft.com/en-us/windows-server/identity/ad-ds/get-started/virtual-dc/active-directory-domain-services-overview;https://learn.microsoft.com/en-us/entra/identity/hybrid/cloud-sync/what-is-cloud-sync
keycloak.server,adDs.directory,Queries user attributes and validates supplied credentials by LDAP bind,LDAPS,Proposed reference integration; not built-in FireFly functionality,https://www.keycloak.org/docs/latest/server_admin/index.html;https://learn.microsoft.com/en-us/windows-server/identity/ad-ds/get-started/virtual-dc/active-directory-domain-services-overview
adDs.directory,keycloak.server,Returns user attributes and bind result; does not export passwords,LDAPS,Proposed reference integration; not built-in FireFly functionality,https://learn.microsoft.com/en-us/windows-server/identity/ad-ds/get-started/virtual-dc/active-directory-domain-services-overview;https://www.keycloak.org/docs/latest/server_admin/index.html
keycloak.server.ldap,adDs.directory,Queries user attributes and validates supplied credentials by LDAP bind,LDAPS,Proposed reference integration; not built-in FireFly functionality,https://www.keycloak.org/docs/latest/server_admin/index.html;https://learn.microsoft.com/en-us/windows-server/identity/ad-ds/get-started/virtual-dc/active-directory-domain-services-overview
adDs.directory,keycloak.server.ldap,Returns user attributes and bind result; does not export passwords,LDAPS,Proposed reference integration; not built-in FireFly functionality,https://learn.microsoft.com/en-us/windows-server/identity/ad-ds/get-started/virtual-dc/active-directory-domain-services-overview;https://www.keycloak.org/docs/latest/server_admin/index.html
adFs.service.endpoints,adFs.service.authentication,Passes relying-party authentication request and user context,In-process logical interface,Architecture dataflow inferred from documented product capabilities,https://learn.microsoft.com/en-us/windows-server/identity/ad-fs/technical-reference/the-role-of-the-claims-engine
adFs.service.authentication,adFs.service.claims,Supplies authenticated identity and requested attributes,In-process logical interface,Architecture dataflow inferred from documented product capabilities,https://learn.microsoft.com/en-us/windows-server/identity/ad-fs/technical-reference/the-role-of-the-claims-engine
adFs.service.claims,adFs.service.tokens,Supplies transformed claims and relying-party audience,In-process logical interface,Architecture dataflow inferred from documented product capabilities,https://learn.microsoft.com/en-us/windows-server/identity/ad-fs/technical-reference/the-role-of-the-claims-engine
adFs.service.tokens,adFs.service.endpoints,Returns signed federation response,In-process logical interface,Architecture dataflow inferred from documented product capabilities,https://learn.microsoft.com/en-us/windows-server/identity/ad-fs/technical-reference/the-role-of-the-claims-engine
adFs.service.claims,adFs.service.configuration,Loads applicable claims transformation and issuance rules,In-process logical interface,Architecture dataflow inferred from documented product capabilities,https://learn.microsoft.com/en-us/windows-server/identity/ad-fs/technical-reference/the-role-of-the-claims-engine
adFs.service.tokens,adFs.service.configuration,Loads token-signing and relying-party trust settings,In-process logical interface,Architecture dataflow inferred from documented product capabilities,https://learn.microsoft.com/en-us/windows-server/identity/ad-fs/technical-reference/the-role-of-the-claims-engine
adFs.service.endpoints,adFs.service.audit,Records federation request context and issuance outcome,In-process logical interface,Architecture dataflow inferred from documented product capabilities,https://learn.microsoft.com/en-us/windows-server/identity/ad-fs/technical-reference/the-role-of-the-claims-engine
adFs.service,adFs.configuration,"Reads federation trusts, claim rules and signing configuration",WID / local configuration database interface,Architecture dataflow inferred from documented product capabilities,https://learn.microsoft.com/en-us/windows-server/identity/ad-fs/ad-fs-overview
adFs.service.configuration,adFs.configuration,"Reads federation trusts, claim rules and signing configuration",WID / local configuration database interface,Architecture dataflow inferred from documented product capabilities,https://learn.microsoft.com/en-us/windows-server/identity/ad-fs/technical-reference/the-role-of-the-claims-engine;https://learn.microsoft.com/en-us/windows-server/identity/ad-fs/ad-fs-overview
adFs.service,adDs.directory,Validates domain authentication and resolves account attributes,Kerberos / protected directory interfaces,Architecture dataflow inferred from documented product capabilities,https://learn.microsoft.com/en-us/windows-server/identity/ad-fs/ad-fs-overview;https://learn.microsoft.com/en-us/windows-server/identity/ad-ds/get-started/virtual-dc/active-directory-domain-services-overview
adDs.directory,adFs.service,Returns domain authentication result and requested attributes,Kerberos / protected directory interfaces,Architecture dataflow inferred from documented product capabilities,https://learn.microsoft.com/en-us/windows-server/identity/ad-ds/get-started/virtual-dc/active-directory-domain-services-overview;https://learn.microsoft.com/en-us/windows-server/identity/ad-fs/ad-fs-overview
adFs.service.authentication,adDs.directory,Validates domain authentication and resolves account attributes,Kerberos / protected directory interfaces,Architecture dataflow inferred from documented product capabilities,https://learn.microsoft.com/en-us/windows-server/identity/ad-fs/technical-reference/the-role-of-the-claims-engine;https://learn.microsoft.com/en-us/windows-server/identity/ad-ds/get-started/virtual-dc/active-directory-domain-services-overview
adDs.directory,adFs.service.authentication,Returns domain authentication result and requested attributes,Kerberos / protected directory interfaces,Architecture dataflow inferred from documented product capabilities,https://learn.microsoft.com/en-us/windows-server/identity/ad-ds/get-started/virtual-dc/active-directory-domain-services-overview;https://learn.microsoft.com/en-us/windows-server/identity/ad-fs/technical-reference/the-role-of-the-claims-engine
business,keycloak.server,Submits sign-in interaction through the user browser,HTTPS / browser OIDC,Proposed reference integration; not built-in FireFly functionality,https://hyperledger-firefly.github.io/firefly/head/architecture/node_component_architecture/;https://www.keycloak.org/docs/latest/server_admin/index.html
apps.client,keycloak.server,Submits authorization request via browser and configured protocol client,HTTPS / OIDC reference client,Proposed reference integration; not built-in FireFly functionality,https://hyperledger-firefly.github.io/firefly/head/architecture/node_component_architecture/;https://www.keycloak.org/docs/latest/server_admin/index.html
keycloak.server,apps.client,Returns authenticated identity tokens or assertions through the selected protocol flow,HTTPS / OIDC reference client,Proposed reference integration; not built-in FireFly functionality,https://www.keycloak.org/docs/latest/server_admin/index.html;https://hyperledger-firefly.github.io/firefly/head/architecture/node_component_architecture/
business,entraId.authentication,Submits sign-in interaction through the user browser,HTTPS / browser OIDC,Proposed reference integration; not built-in FireFly functionality,https://hyperledger-firefly.github.io/firefly/head/architecture/node_component_architecture/;https://learn.microsoft.com/en-us/entra/identity-platform/v2-protocols-oidc
apps.client,entraId.authentication,Submits authorization request via browser and configured protocol client,HTTPS / OIDC reference client,Proposed reference integration; not built-in FireFly functionality,https://hyperledger-firefly.github.io/firefly/head/architecture/node_component_architecture/;https://learn.microsoft.com/en-us/entra/identity-platform/v2-protocols-oidc
entraId.authentication,apps.client,Returns authenticated identity tokens or assertions through the selected protocol flow,HTTPS / OIDC reference client,Proposed reference integration; not built-in FireFly functionality,https://learn.microsoft.com/en-us/entra/identity-platform/v2-protocols-oidc;https://hyperledger-firefly.github.io/firefly/head/architecture/node_component_architecture/
business,adFs.service,Submits sign-in interaction through the user browser,HTTPS / browser SAML 2.0,Proposed reference integration; not built-in FireFly functionality,https://hyperledger-firefly.github.io/firefly/head/architecture/node_component_architecture/;https://learn.microsoft.com/en-us/windows-server/identity/ad-fs/ad-fs-overview
apps.client,adFs.service,Submits authorization request via browser and configured protocol client,HTTPS / SAML 2.0 reference client,Proposed reference integration; not built-in FireFly functionality,https://hyperledger-firefly.github.io/firefly/head/architecture/node_component_architecture/;https://learn.microsoft.com/en-us/windows-server/identity/ad-fs/ad-fs-overview
adFs.service,apps.client,Returns authenticated identity tokens or assertions through the selected protocol flow,HTTPS / SAML 2.0 reference client,Proposed reference integration; not built-in FireFly functionality,https://learn.microsoft.com/en-us/windows-server/identity/ad-fs/ad-fs-overview;https://hyperledger-firefly.github.io/firefly/head/architecture/node_component_architecture/
apps.client,keycloak.server.endpoints,Submits relying-party authorization request using the reference client,HTTPS / OIDC or SAML as configured,Proposed reference integration; not built-in FireFly functionality,https://hyperledger-firefly.github.io/firefly/head/architecture/node_component_architecture/;https://www.keycloak.org/docs/latest/server_admin/index.html
keycloak.server.endpoints,apps.client,Returns signed identity response through the configured browser/client flow,HTTPS / OIDC or SAML as configured,Proposed reference integration; not built-in FireFly functionality,https://www.keycloak.org/docs/latest/server_admin/index.html;https://hyperledger-firefly.github.io/firefly/head/architecture/node_component_architecture/
apps.client,entraId.authentication.endpoints,Submits relying-party authorization request using the reference client,HTTPS / OIDC or SAML as configured,Proposed reference integration; not built-in FireFly functionality,https://hyperledger-firefly.github.io/firefly/head/architecture/node_component_architecture/;https://learn.microsoft.com/en-us/entra/identity-platform/v2-protocols-oidc
entraId.authentication.endpoints,apps.client,Returns signed identity response through the configured browser/client flow,HTTPS / OIDC or SAML as configured,Proposed reference integration; not built-in FireFly functionality,https://learn.microsoft.com/en-us/entra/identity-platform/v2-protocols-oidc;https://hyperledger-firefly.github.io/firefly/head/architecture/node_component_architecture/
apps.client,adFs.service.endpoints,Submits relying-party authorization request using the reference client,HTTPS / OIDC or SAML as configured,Proposed reference integration; not built-in FireFly functionality,https://hyperledger-firefly.github.io/firefly/head/architecture/node_component_architecture/;https://learn.microsoft.com/en-us/windows-server/identity/ad-fs/technical-reference/the-role-of-the-claims-engine
adFs.service.endpoints,apps.client,Returns signed identity response through the configured browser/client flow,HTTPS / OIDC or SAML as configured,Proposed reference integration; not built-in FireFly functionality,https://learn.microsoft.com/en-us/windows-server/identity/ad-fs/technical-reference/the-role-of-the-claims-engine;https://hyperledger-firefly.github.io/firefly/head/architecture/node_component_architecture/
keycloak.server,entraId.authentication,Redirects browser with OIDC authorization request,HTTPS / browser-mediated OIDC,Proposed reference integration; not built-in FireFly functionality,https://www.keycloak.org/docs/latest/server_admin/index.html;https://learn.microsoft.com/en-us/entra/identity-platform/v2-protocols-oidc
entraId.authentication,keycloak.server,Returns authorization code through browser redirect,HTTPS / OIDC redirect,Proposed reference integration; not built-in FireFly functionality,https://learn.microsoft.com/en-us/entra/identity-platform/v2-protocols-oidc;https://www.keycloak.org/docs/latest/server_admin/index.html
keycloak.server,entraId.authentication,Exchanges authorization code with client authentication for tokens,HTTPS / OAuth token endpoint,Proposed reference integration; not built-in FireFly functionality,https://www.keycloak.org/docs/latest/server_admin/index.html;https://learn.microsoft.com/en-us/entra/identity-platform/v2-protocols-oidc
entraId.authentication,keycloak.server,Returns signed ID token and token endpoint response,HTTPS / OAuth token response,Proposed reference integration; not built-in FireFly functionality,https://learn.microsoft.com/en-us/entra/identity-platform/v2-protocols-oidc;https://www.keycloak.org/docs/latest/server_admin/index.html
keycloak.server,adFs.service,Redirects browser with SAML authentication request,HTTPS / browser-mediated SAML 2.0,Proposed reference integration; not built-in FireFly functionality,https://www.keycloak.org/docs/latest/server_admin/index.html;https://learn.microsoft.com/en-us/windows-server/identity/ad-fs/ad-fs-overview
adFs.service,keycloak.server,Returns signed SAML assertion through browser POST,HTTPS / browser-mediated SAML 2.0,Proposed reference integration; not built-in FireFly functionality,https://learn.microsoft.com/en-us/windows-server/identity/ad-fs/ad-fs-overview;https://www.keycloak.org/docs/latest/server_admin/index.html
keycloak.server.broker,entraId.authentication,Redirects browser with OIDC authorization request,HTTPS / browser-mediated OIDC,Proposed reference integration; not built-in FireFly functionality,https://www.keycloak.org/docs/latest/server_admin/index.html;https://learn.microsoft.com/en-us/entra/identity-platform/v2-protocols-oidc
entraId.authentication,keycloak.server.broker,Returns authorization code through browser redirect,HTTPS / OIDC redirect,Proposed reference integration; not built-in FireFly functionality,https://learn.microsoft.com/en-us/entra/identity-platform/v2-protocols-oidc;https://www.keycloak.org/docs/latest/server_admin/index.html
keycloak.server.broker,entraId.authentication,Exchanges authorization code with client authentication for tokens,HTTPS / OAuth token endpoint,Proposed reference integration; not built-in FireFly functionality,https://www.keycloak.org/docs/latest/server_admin/index.html;https://learn.microsoft.com/en-us/entra/identity-platform/v2-protocols-oidc
entraId.authentication,keycloak.server.broker,Returns signed ID token and token endpoint response,HTTPS / OAuth token response,Proposed reference integration; not built-in FireFly functionality,https://learn.microsoft.com/en-us/entra/identity-platform/v2-protocols-oidc;https://www.keycloak.org/docs/latest/server_admin/index.html
keycloak.server.broker,adFs.service,Redirects browser with SAML authentication request,HTTPS / browser-mediated SAML 2.0,Proposed reference integration; not built-in FireFly functionality,https://www.keycloak.org/docs/latest/server_admin/index.html;https://learn.microsoft.com/en-us/windows-server/identity/ad-fs/ad-fs-overview
adFs.service,keycloak.server.broker,Returns signed SAML assertion through browser POST,HTTPS / browser-mediated SAML 2.0,Proposed reference integration; not built-in FireFly functionality,https://learn.microsoft.com/en-us/windows-server/identity/ad-fs/ad-fs-overview;https://www.keycloak.org/docs/latest/server_admin/index.html
apps.client,conjur.service,Authenticates workload and requests permitted secret variable,HTTPS / Conjur authentication and secrets APIs,Proposed reference integration; not built-in FireFly functionality,https://hyperledger-firefly.github.io/firefly/head/architecture/node_component_architecture/;https://docs.cyberark.com/secrets-manager-sh/latest/en/content/resources/_topnav/cc_home.htm
conjur.service,apps.client,Returns short-lived access token or authorized application secret,HTTPS / Conjur API response,Proposed reference integration; not built-in FireFly functionality,https://docs.cyberark.com/secrets-manager-sh/latest/en/content/resources/_topnav/cc_home.htm;https://hyperledger-firefly.github.io/firefly/head/architecture/node_component_architecture/
apps.client,conjur.service.api,Authenticates workload and requests permitted secret variable,HTTPS / Conjur authentication and secrets APIs,Proposed reference integration; not built-in FireFly functionality,https://hyperledger-firefly.github.io/firefly/head/architecture/node_component_architecture/;https://docs.cyberark.com/secrets-manager-sh/latest/en/content/resources/_topnav/cc_home.htm
conjur.service.api,apps.client,Returns short-lived access token or authorized application secret,HTTPS / Conjur API response,Proposed reference integration; not built-in FireFly functionality,https://docs.cyberark.com/secrets-manager-sh/latest/en/content/resources/_topnav/cc_home.htm;https://hyperledger-firefly.github.io/firefly/head/architecture/node_component_architecture/
apps.client,managedHsm.service,"Submits bearer token, key identifier and digest or key-wrapping input",HTTPS / Managed HSM REST API,Proposed reference integration; not built-in FireFly functionality,https://hyperledger-firefly.github.io/firefly/head/architecture/node_component_architecture/;https://learn.microsoft.com/en-us/azure/key-vault/managed-hsm/access-control
managedHsm.service,apps.client,Returns signature or wrapped data key; never the HSM private key,HTTPS / Managed HSM REST response,Proposed reference integration; not built-in FireFly functionality,https://learn.microsoft.com/en-us/azure/key-vault/managed-hsm/access-control;https://hyperledger-firefly.github.io/firefly/head/architecture/node_component_architecture/
apps.client,managedHsm.service.api,"Submits bearer token, key identifier and digest or key-wrapping input",HTTPS / Managed HSM REST API,Proposed reference integration; not built-in FireFly functionality,https://hyperledger-firefly.github.io/firefly/head/architecture/node_component_architecture/;https://learn.microsoft.com/en-us/azure/key-vault/managed-hsm/access-control
managedHsm.service.api,apps.client,Returns signature or wrapped data key; never the HSM private key,HTTPS / Managed HSM REST response,Proposed reference integration; not built-in FireFly functionality,https://learn.microsoft.com/en-us/azure/key-vault/managed-hsm/access-control;https://hyperledger-firefly.github.io/firefly/head/architecture/node_component_architecture/
apps.client,entraId.authentication,Authenticates workload identity and requests HSM-audience access token,HTTPS / OAuth 2.0 client credentials,Proposed reference integration; not built-in FireFly functionality,https://hyperledger-firefly.github.io/firefly/head/architecture/node_component_architecture/;https://learn.microsoft.com/en-us/entra/identity-platform/v2-protocols-oidc
entraId.authentication,apps.client,Returns HSM-audience workload access token,HTTPS / OAuth 2.0 token response,Proposed reference integration; not built-in FireFly functionality,https://learn.microsoft.com/en-us/entra/identity-platform/v2-protocols-oidc;https://hyperledger-firefly.github.io/firefly/head/architecture/node_component_architecture/
managedHsm.service,entraId.authentication,Retrieves issuer metadata and public signing keys for cached token verification,HTTPS / OpenID metadata and JWKS,Architecture dataflow inferred from documented product capabilities,https://learn.microsoft.com/en-us/azure/key-vault/managed-hsm/access-control;https://learn.microsoft.com/en-us/entra/identity-platform/v2-protocols-oidc
managedHsm.service.authentication,entraId.authentication,Retrieves issuer metadata and public signing keys for cached token verification,HTTPS / OpenID metadata and JWKS,Architecture dataflow inferred from documented product capabilities,https://learn.microsoft.com/en-us/azure/key-vault/managed-hsm/access-control;https://learn.microsoft.com/en-us/entra/identity-platform/v2-protocols-oidc
operator,cyberarkPam.pvwa,Requests approved privileged-account access or recorded target session,HTTPS / PAM web portal,Proposed reference integration; not built-in FireFly functionality,https://hyperledger-firefly.github.io/firefly/head/architecture/node_component_architecture/;https://docs.cyberark.com/pam-self-hosted/latest/en/content/pas%20inst/installationoverview.htm
operator,cyberarkPam.pvwa.portal,Requests approved privileged-account access or recorded target session,HTTPS / PAM web portal,Proposed reference integration; not built-in FireFly functionality,https://hyperledger-firefly.github.io/firefly/head/architecture/node_component_architecture/;https://docs.cyberark.com/pam-self-hosted/latest/en/content/pas%20inst/installationoverview.htm
operator,cyberarkPam.psm,Connects authorized session client and submits administrative input,PSM-supported session client / encrypted connection,Proposed reference integration; not built-in FireFly functionality,https://hyperledger-firefly.github.io/firefly/head/architecture/node_component_architecture/;https://docs.cyberark.com/pam-self-hosted/latest/en/content/pas%20inst/installationoverview.htm
cyberarkPam.psm,operator,Returns brokered session output and completion status,PSM-supported session client / encrypted connection,Proposed reference integration; not built-in FireFly functionality,https://docs.cyberark.com/pam-self-hosted/latest/en/content/pas%20inst/installationoverview.htm;https://hyperledger-firefly.github.io/firefly/head/architecture/node_component_architecture/
operator,cyberarkPam.psm.broker,Connects authorized session client and submits administrative input,PSM-supported session client / encrypted connection,Proposed reference integration; not built-in FireFly functionality,https://hyperledger-firefly.github.io/firefly/head/architecture/node_component_architecture/;https://docs.cyberark.com/pam-self-hosted/latest/en/content/pas%20inst/installationoverview.htm
cyberarkPam.psm.broker,operator,Returns brokered session output and completion status,PSM-supported session client / encrypted connection,Proposed reference integration; not built-in FireFly functionality,https://docs.cyberark.com/pam-self-hosted/latest/en/content/pas%20inst/installationoverview.htm;https://hyperledger-firefly.github.io/firefly/head/architecture/node_component_architecture/
business,adDs.directory,Requests domain sign-in and service tickets through the domain client,Kerberos / domain client,Proposed reference integration; not built-in FireFly functionality,https://hyperledger-firefly.github.io/firefly/head/architecture/node_component_architecture/;https://learn.microsoft.com/en-us/windows-server/identity/ad-ds/get-started/virtual-dc/active-directory-domain-services-overview
adDs.directory,business,Returns Kerberos ticket response to the domain client,Kerberos / domain client,Proposed reference integration; not built-in FireFly functionality,https://learn.microsoft.com/en-us/windows-server/identity/ad-ds/get-started/virtual-dc/active-directory-domain-services-overview;https://hyperledger-firefly.github.io/firefly/head/architecture/node_component_architecture/
business,adDs.directory.kdc,Requests domain sign-in and service tickets through the domain client,Kerberos / domain client,Proposed reference integration; not built-in FireFly functionality,https://hyperledger-firefly.github.io/firefly/head/architecture/node_component_architecture/;https://learn.microsoft.com/en-us/windows-server/identity/ad-ds/get-started/virtual-dc/active-directory-domain-services-overview
adDs.directory.kdc,business,Returns Kerberos ticket response to the domain client,Kerberos / domain client,Proposed reference integration; not built-in FireFly functionality,https://learn.microsoft.com/en-us/windows-server/identity/ad-ds/get-started/virtual-dc/active-directory-domain-services-overview;https://hyperledger-firefly.github.io/firefly/head/architecture/node_component_architecture/
apps.hsmSigner.transactions,apps.hsmSigner.hsm,"Passes Ethereum digest, key version and required signing algorithm",In-process logical interface,Proposed reference integration; not built-in FireFly functionality,https://ethereum.org/en/developers/docs/transactions/
apps.hsmSigner.hsm,apps.hsmSigner.signature,"Returns HSM signature, public key and original signing digest",In-process logical interface,Proposed reference integration; not built-in FireFly functionality,https://ethereum.org/en/developers/docs/transactions/
apps.hsmSigner.signature,apps.hsmSigner.rpc,Supplies verified and encoded signed Ethereum transaction,In-process logical interface,Proposed reference integration; not built-in FireFly functionality,https://ethereum.org/en/developers/docs/transactions/
apps.hsmSigner.rpc,apps.hsmSigner.transactions,Returns submitted transaction hash or RPC error,In-process logical interface,Proposed reference integration; not built-in FireFly functionality,https://ethereum.org/en/developers/docs/transactions/
firefly.evm,apps.hsmSigner,Submits unsigned transaction to the proposed alternative signing proxy,Ethereum JSON-RPC / HTTPS (reference),Proposed reference integration; not built-in FireFly functionality,https://github.com/hyperledger-firefly/evmconnect/tree/6e12bb4c050677780cf5dd975a926923868b0cb8/cmd/evmconnect.go;https://learn.microsoft.com/en-us/azure/key-vault/managed-hsm/about-keys-details
firefly.evm,apps.hsmSigner.transactions,Submits unsigned Ethereum transaction fields,Ethereum JSON-RPC / HTTPS (reference),Proposed reference integration; not built-in FireFly functionality,https://github.com/hyperledger-firefly/evmconnect/tree/6e12bb4c050677780cf5dd975a926923868b0cb8/cmd/evmconnect.go;https://ethereum.org/en/developers/docs/transactions/
apps.hsmSigner,firefly.evm,Returns transaction hash or signing/submission error,Ethereum JSON-RPC response,Proposed reference integration; not built-in FireFly functionality,https://learn.microsoft.com/en-us/azure/key-vault/managed-hsm/about-keys-details;https://github.com/hyperledger-firefly/evmconnect/tree/6e12bb4c050677780cf5dd975a926923868b0cb8/cmd/evmconnect.go
apps.hsmSigner,entraId.authentication,Authenticates application identity and requests Managed HSM access token,HTTPS / OAuth 2.0 client credentials,Proposed reference integration; not built-in FireFly functionality,https://learn.microsoft.com/en-us/azure/key-vault/managed-hsm/about-keys-details;https://learn.microsoft.com/en-us/entra/identity-platform/v2-protocols-oidc
entraId.authentication,apps.hsmSigner,Returns Managed HSM audience access token,HTTPS / OAuth 2.0 token response,Proposed reference integration; not built-in FireFly functionality,https://learn.microsoft.com/en-us/entra/identity-platform/v2-protocols-oidc;https://learn.microsoft.com/en-us/azure/key-vault/managed-hsm/about-keys-details
apps.hsmSigner,managedHsm.service,Submits Ethereum digest for secp256k1 signing; compatibility must be verified,HTTPS / Managed HSM Sign API (proposed),Proposed reference integration; not built-in FireFly functionality,https://learn.microsoft.com/en-us/azure/key-vault/managed-hsm/about-keys-details;https://learn.microsoft.com/en-us/azure/key-vault/managed-hsm/access-control;https://ethereum.org/en/developers/docs/transactions/
managedHsm.service,apps.hsmSigner,Returns signature and public key metadata; never private key material,HTTPS / Managed HSM API response,Proposed reference integration; not built-in FireFly functionality,https://learn.microsoft.com/en-us/azure/key-vault/managed-hsm/access-control;https://learn.microsoft.com/en-us/azure/key-vault/managed-hsm/about-keys-details
apps.hsmSigner.hsm,entraId.authentication,Authenticates application identity and requests Managed HSM access token,HTTPS / OAuth 2.0 client credentials,Proposed reference integration; not built-in FireFly functionality,https://ethereum.org/en/developers/docs/transactions/;https://learn.microsoft.com/en-us/entra/identity-platform/v2-protocols-oidc
entraId.authentication,apps.hsmSigner.hsm,Returns Managed HSM audience access token,HTTPS / OAuth 2.0 token response,Proposed reference integration; not built-in FireFly functionality,https://learn.microsoft.com/en-us/entra/identity-platform/v2-protocols-oidc;https://ethereum.org/en/developers/docs/transactions/
apps.hsmSigner.hsm,managedHsm.service,Submits Ethereum digest for secp256k1 signing; compatibility must be verified,HTTPS / Managed HSM Sign API (proposed),Proposed reference integration; not built-in FireFly functionality,https://ethereum.org/en/developers/docs/transactions/;https://learn.microsoft.com/en-us/azure/key-vault/managed-hsm/access-control;https://learn.microsoft.com/en-us/azure/key-vault/managed-hsm/about-keys-details
managedHsm.service,apps.hsmSigner.hsm,Returns signature and public key metadata; never private key material,HTTPS / Managed HSM API response,Proposed reference integration; not built-in FireFly functionality,https://learn.microsoft.com/en-us/azure/key-vault/managed-hsm/access-control;https://ethereum.org/en/developers/docs/transactions/
apps.hsmSigner,besu.node,Submits encoded signed transaction for validation and propagation,Ethereum JSON-RPC / eth_sendRawTransaction,Proposed reference integration; not built-in FireFly functionality,https://learn.microsoft.com/en-us/azure/key-vault/managed-hsm/about-keys-details;https://github.com/besu-eth/besu/tree/7e05c2342404d27bd06a992e336c5e0c86a5d8d1
besu.node,apps.hsmSigner,Returns transaction hash or JSON-RPC rejection,Ethereum JSON-RPC response,Proposed reference integration; not built-in FireFly functionality,https://github.com/besu-eth/besu/tree/7e05c2342404d27bd06a992e336c5e0c86a5d8d1;https://learn.microsoft.com/en-us/azure/key-vault/managed-hsm/about-keys-details
apps.hsmSigner.rpc,besu.node,Submits encoded signed transaction for validation and propagation,Ethereum JSON-RPC / eth_sendRawTransaction,Proposed reference integration; not built-in FireFly functionality,https://ethereum.org/en/developers/docs/transactions/;https://github.com/besu-eth/besu/tree/7e05c2342404d27bd06a992e336c5e0c86a5d8d1
besu.node,apps.hsmSigner.rpc,Returns transaction hash or JSON-RPC rejection,Ethereum JSON-RPC response,Proposed reference integration; not built-in FireFly functionality,https://github.com/besu-eth/besu/tree/7e05c2342404d27bd06a992e336c5e0c86a5d8d1;https://ethereum.org/en/developers/docs/transactions/
securityAdmin,keycloak,Configures Keycloak access policy and reviews administrative outcomes,HTTPS / product administration interface,Proposed reference integration; not built-in FireFly functionality,https://docs.cyberark.com/pam-self-hosted/latest/en/content/pas%20inst/installationoverview.htm;https://www.keycloak.org/docs/latest/server_admin/index.html
securityAdmin,managedHsm,Configures Azure Managed HSM access policy and reviews administrative outcomes,HTTPS / product administration interface,Proposed reference integration; not built-in FireFly functionality,https://docs.cyberark.com/pam-self-hosted/latest/en/content/pas%20inst/installationoverview.htm;https://learn.microsoft.com/en-us/azure/key-vault/managed-hsm/access-control
securityAdmin,cyberarkPam,Configures CyberArk PAM Self-Hosted access policy and reviews administrative outcomes,HTTPS / product administration interface,Proposed reference integration; not built-in FireFly functionality,https://docs.cyberark.com/pam-self-hosted/latest/en/content/pas%20inst/installationoverview.htm
securityAdmin,conjur,Configures CyberArk Conjur Enterprise access policy and reviews administrative outcomes,HTTPS / product administration interface,Proposed reference integration; not built-in FireFly functionality,https://docs.cyberark.com/pam-self-hosted/latest/en/content/pas%20inst/installationoverview.htm;https://docs.cyberark.com/secrets-manager-sh/latest/en/content/resources/_topnav/cc_home.htm
securityAdmin,entraId,Configures Microsoft Entra ID access policy and reviews administrative outcomes,HTTPS / product administration interface,Proposed reference integration; not built-in FireFly functionality,https://docs.cyberark.com/pam-self-hosted/latest/en/content/pas%20inst/installationoverview.htm;https://learn.microsoft.com/en-us/entra/architecture/architecture
securityAdmin,adDs,Configures Microsoft Active Directory Domain Services access policy and reviews administrative outcomes,Protected LDAP / directory administration,Proposed reference integration; not built-in FireFly functionality,https://docs.cyberark.com/pam-self-hosted/latest/en/content/pas%20inst/installationoverview.htm;https://learn.microsoft.com/en-us/windows-server/identity/ad-ds/get-started/virtual-dc/active-directory-domain-services-overview
securityAdmin,adFs,Configures Microsoft Active Directory Federation Services access policy and reviews administrative outcomes,AD FS administration / PowerShell,Proposed reference integration; not built-in FireFly functionality,https://docs.cyberark.com/pam-self-hosted/latest/en/content/pas%20inst/installationoverview.htm;https://learn.microsoft.com/en-us/windows-server/identity/ad-fs/ad-fs-overview
apps,keycloak,Requests application sign-in and identity claims,HTTPS / OIDC or SAML reference flow,Proposed reference integration; not built-in FireFly functionality,https://hyperledger-firefly.github.io/firefly/head/architecture/node_component_architecture/;https://www.keycloak.org/docs/latest/server_admin/index.html
keycloak,apps,Returns identity tokens or assertions for application access,HTTPS / configured identity protocol,Proposed reference integration; not built-in FireFly functionality,https://www.keycloak.org/docs/latest/server_admin/index.html;https://hyperledger-firefly.github.io/firefly/head/architecture/node_component_architecture/
business,keycloak,Completes user sign-in through browser-mediated authentication,HTTPS / user browser,Proposed reference integration; not built-in FireFly functionality,https://hyperledger-firefly.github.io/firefly/head/architecture/node_component_architecture/;https://www.keycloak.org/docs/latest/server_admin/index.html
apps,entraId,Requests application sign-in and identity claims,HTTPS / OIDC or SAML reference flow,Proposed reference integration; not built-in FireFly functionality,https://hyperledger-firefly.github.io/firefly/head/architecture/node_component_architecture/;https://learn.microsoft.com/en-us/entra/architecture/architecture
entraId,apps,Returns identity tokens or assertions for application access,HTTPS / configured identity protocol,Proposed reference integration; not built-in FireFly functionality,https://learn.microsoft.com/en-us/entra/architecture/architecture;https://hyperledger-firefly.github.io/firefly/head/architecture/node_component_architecture/
business,entraId,Completes user sign-in through browser-mediated authentication,HTTPS / user browser,Proposed reference integration; not built-in FireFly functionality,https://hyperledger-firefly.github.io/firefly/head/architecture/node_component_architecture/;https://learn.microsoft.com/en-us/entra/architecture/architecture
apps,adFs,Requests application sign-in and identity claims,HTTPS / OIDC or SAML reference flow,Proposed reference integration; not built-in FireFly functionality,https://hyperledger-firefly.github.io/firefly/head/architecture/node_component_architecture/;https://learn.microsoft.com/en-us/windows-server/identity/ad-fs/ad-fs-overview
adFs,apps,Returns identity tokens or assertions for application access,HTTPS / configured identity protocol,Proposed reference integration; not built-in FireFly functionality,https://learn.microsoft.com/en-us/windows-server/identity/ad-fs/ad-fs-overview;https://hyperledger-firefly.github.io/firefly/head/architecture/node_component_architecture/
business,adFs,Completes user sign-in through browser-mediated authentication,HTTPS / user browser,Proposed reference integration; not built-in FireFly functionality,https://hyperledger-firefly.github.io/firefly/head/architecture/node_component_architecture/;https://learn.microsoft.com/en-us/windows-server/identity/ad-fs/ad-fs-overview
keycloak,adDs,Requests LDAP user attributes and credential validation,LDAPS,Proposed reference integration; not built-in FireFly functionality,https://www.keycloak.org/docs/latest/server_admin/index.html;https://learn.microsoft.com/en-us/windows-server/identity/ad-ds/get-started/virtual-dc/active-directory-domain-services-overview
adDs,keycloak,Returns user attributes and credential validation outcome,LDAPS,Proposed reference integration; not built-in FireFly functionality,https://learn.microsoft.com/en-us/windows-server/identity/ad-ds/get-started/virtual-dc/active-directory-domain-services-overview;https://www.keycloak.org/docs/latest/server_admin/index.html
keycloak,entraId,Delegates login through browser-mediated OIDC federation,HTTPS / OIDC,Proposed reference integration; not built-in FireFly functionality,https://www.keycloak.org/docs/latest/server_admin/index.html;https://learn.microsoft.com/en-us/entra/architecture/architecture
entraId,keycloak,Returns verified identity claims through the configured federation flow,HTTPS / OIDC,Proposed reference integration; not built-in FireFly functionality,https://learn.microsoft.com/en-us/entra/architecture/architecture;https://www.keycloak.org/docs/latest/server_admin/index.html
keycloak,adFs,Delegates login through browser-mediated SAML 2.0 federation,HTTPS / SAML 2.0,Proposed reference integration; not built-in FireFly functionality,https://www.keycloak.org/docs/latest/server_admin/index.html;https://learn.microsoft.com/en-us/windows-server/identity/ad-fs/ad-fs-overview
adFs,keycloak,Returns verified identity claims through the configured federation flow,HTTPS / SAML 2.0,Proposed reference integration; not built-in FireFly functionality,https://learn.microsoft.com/en-us/windows-server/identity/ad-fs/ad-fs-overview;https://www.keycloak.org/docs/latest/server_admin/index.html
adFs,adDs,Requests domain authentication and account attributes,Kerberos / protected directory access,Architecture dataflow inferred from documented product capabilities,https://learn.microsoft.com/en-us/windows-server/identity/ad-fs/ad-fs-overview;https://learn.microsoft.com/en-us/windows-server/identity/ad-ds/get-started/virtual-dc/active-directory-domain-services-overview
adDs,adFs,Returns domain authentication result and account attributes,Kerberos / protected directory access,Architecture dataflow inferred from documented product capabilities,https://learn.microsoft.com/en-us/windows-server/identity/ad-ds/get-started/virtual-dc/active-directory-domain-services-overview;https://learn.microsoft.com/en-us/windows-server/identity/ad-fs/ad-fs-overview
entraId,adDs,Queries selected directory objects through the Cloud Sync provisioning agent,Protected LDAP / agent-established TLS service channel,Architecture dataflow inferred from documented product capabilities,https://learn.microsoft.com/en-us/entra/architecture/architecture;https://learn.microsoft.com/en-us/windows-server/identity/ad-ds/get-started/virtual-dc/active-directory-domain-services-overview
adDs,entraId,Returns selected identity attributes for Cloud Sync provisioning,Protected LDAP / agent-established TLS service channel,Architecture dataflow inferred from documented product capabilities,https://learn.microsoft.com/en-us/windows-server/identity/ad-ds/get-started/virtual-dc/active-directory-domain-services-overview;https://learn.microsoft.com/en-us/entra/architecture/architecture
business,adDs,Requests domain sign-in and service tickets through the domain client,Kerberos,Proposed reference integration; not built-in FireFly functionality,https://hyperledger-firefly.github.io/firefly/head/architecture/node_component_architecture/;https://learn.microsoft.com/en-us/windows-server/identity/ad-ds/get-started/virtual-dc/active-directory-domain-services-overview
operator,cyberarkPam,Requests approved privileged access and submits session commands,HTTPS / PAM portal and encrypted session client,Proposed reference integration; not built-in FireFly functionality,https://hyperledger-firefly.github.io/firefly/head/architecture/node_component_architecture/;https://docs.cyberark.com/pam-self-hosted/latest/en/content/pas%20inst/installationoverview.htm
cyberarkPam,managedTarget,Rotates target credentials and brokers recorded privileged sessions,SSH / target-specific password commands,Proposed reference integration; not built-in FireFly functionality,https://docs.cyberark.com/pam-self-hosted/latest/en/content/pas%20inst/installationoverview.htm
cyberarkPam,conjur,Supplies selected Vault credentials through Vault Synchronizer,CyberArk Vault protocol + HTTPS / Conjur API,Architecture dataflow inferred from documented product capabilities,https://docs.cyberark.com/pam-self-hosted/latest/en/content/pas%20inst/installationoverview.htm;https://docs.cyberark.com/secrets-manager-sh/latest/en/content/resources/_topnav/cc_home.htm;https://docs.cyberark.com/secrets-manager-sh/latest/en/content/conjur/cv_synchronizer-lp.htm
apps,conjur,Authenticates workload and requests permitted application secrets,HTTPS / Conjur API,Proposed reference integration; not built-in FireFly functionality,https://hyperledger-firefly.github.io/firefly/head/architecture/node_component_architecture/;https://docs.cyberark.com/secrets-manager-sh/latest/en/content/resources/_topnav/cc_home.htm
conjur,apps,Returns short-lived token or authorized application secret,HTTPS / Conjur API response,Proposed reference integration; not built-in FireFly functionality,https://docs.cyberark.com/secrets-manager-sh/latest/en/content/resources/_topnav/cc_home.htm;https://hyperledger-firefly.github.io/firefly/head/architecture/node_component_architecture/
apps,managedHsm,Submits authorized signing or key-wrapping request,HTTPS / Managed HSM REST API,Proposed reference integration; not built-in FireFly functionality,https://hyperledger-firefly.github.io/firefly/head/architecture/node_component_architecture/;https://learn.microsoft.com/en-us/azure/key-vault/managed-hsm/access-control
managedHsm,apps,Returns signature or wrapped key result without private key material,HTTPS / Managed HSM REST response,Proposed reference integration; not built-in FireFly functionality,https://learn.microsoft.com/en-us/azure/key-vault/managed-hsm/access-control;https://hyperledger-firefly.github.io/firefly/head/architecture/node_component_architecture/
managedHsm,entraId,Retrieves issuer metadata and public signing keys for caller token verification,HTTPS / OpenID metadata and JWKS,Architecture dataflow inferred from documented product capabilities,https://learn.microsoft.com/en-us/azure/key-vault/managed-hsm/access-control;https://learn.microsoft.com/en-us/entra/architecture/architecture
securityAdmin,azureManagement,Submits Managed HSM resource administration request,HTTPS / Azure Resource Manager API,Proposed reference integration; not built-in FireFly functionality,https://docs.cyberark.com/pam-self-hosted/latest/en/content/pas%20inst/installationoverview.htm;https://learn.microsoft.com/en-us/azure/key-vault/managed-hsm/access-control
azureManagement,managedHsm,Applies resource-management changes authorized by Azure RBAC; does not grant key access,Azure management-plane interface,Architecture dataflow inferred from documented product capabilities,https://learn.microsoft.com/en-us/azure/key-vault/managed-hsm/access-control
azureManagement,managedHsm.service,Applies resource-management changes; key access still requires local RBAC,Azure management-plane interface (logical),Architecture dataflow inferred from documented product capabilities,https://learn.microsoft.com/en-us/azure/key-vault/managed-hsm/access-control
securityAdmin,keycloak.server,Submits authorized configuration or access-policy changes,HTTPS / product administration API,Proposed reference integration; not built-in FireFly functionality,https://docs.cyberark.com/pam-self-hosted/latest/en/content/pas%20inst/installationoverview.htm;https://www.keycloak.org/docs/latest/server_admin/index.html
securityAdmin,keycloak.server.admin,Submits authorized configuration or access-policy changes,HTTPS / product administration API,Proposed reference integration; not built-in FireFly functionality,https://docs.cyberark.com/pam-self-hosted/latest/en/content/pas%20inst/installationoverview.htm;https://www.keycloak.org/docs/latest/server_admin/index.html
securityAdmin,managedHsm.service,Submits authorized configuration or access-policy changes,HTTPS / product administration API,Proposed reference integration; not built-in FireFly functionality,https://docs.cyberark.com/pam-self-hosted/latest/en/content/pas%20inst/installationoverview.htm;https://learn.microsoft.com/en-us/azure/key-vault/managed-hsm/access-control
securityAdmin,managedHsm.service.lifecycle,Submits authorized configuration or access-policy changes,HTTPS / product administration API,Proposed reference integration; not built-in FireFly functionality,https://docs.cyberark.com/pam-self-hosted/latest/en/content/pas%20inst/installationoverview.htm;https://learn.microsoft.com/en-us/azure/key-vault/managed-hsm/access-control
securityAdmin,cyberarkPam.pvwa,Submits authorized configuration or access-policy changes,HTTPS / product administration API,Proposed reference integration; not built-in FireFly functionality,https://docs.cyberark.com/pam-self-hosted/latest/en/content/pas%20inst/installationoverview.htm
securityAdmin,cyberarkPam.pvwa.portal,Submits authorized configuration or access-policy changes,HTTPS / product administration API,Proposed reference integration; not built-in FireFly functionality,https://docs.cyberark.com/pam-self-hosted/latest/en/content/pas%20inst/installationoverview.htm
securityAdmin,conjur.service,Submits authorized configuration or access-policy changes,HTTPS / product administration API,Proposed reference integration; not built-in FireFly functionality,https://docs.cyberark.com/pam-self-hosted/latest/en/content/pas%20inst/installationoverview.htm;https://docs.cyberark.com/secrets-manager-sh/latest/en/content/resources/_topnav/cc_home.htm
securityAdmin,conjur.service.api,Submits authorized configuration or access-policy changes,HTTPS / product administration API,Proposed reference integration; not built-in FireFly functionality,https://docs.cyberark.com/pam-self-hosted/latest/en/content/pas%20inst/installationoverview.htm;https://docs.cyberark.com/secrets-manager-sh/latest/en/content/resources/_topnav/cc_home.htm
securityAdmin,entraId.directory,Submits authorized configuration or access-policy changes,HTTPS / product administration API,Proposed reference integration; not built-in FireFly functionality,https://docs.cyberark.com/pam-self-hosted/latest/en/content/pas%20inst/installationoverview.htm;https://learn.microsoft.com/en-us/entra/architecture/architecture
securityAdmin,entraId.directory.api,Submits authorized configuration or access-policy changes,HTTPS / product administration API,Proposed reference integration; not built-in FireFly functionality,https://docs.cyberark.com/pam-self-hosted/latest/en/content/pas%20inst/installationoverview.htm;https://learn.microsoft.com/en-us/entra/architecture/architecture
securityAdmin,adDs.directory,Submits authorized configuration or access-policy changes,Protected LDAP / directory administration,Proposed reference integration; not built-in FireFly functionality,https://docs.cyberark.com/pam-self-hosted/latest/en/content/pas%20inst/installationoverview.htm;https://learn.microsoft.com/en-us/windows-server/identity/ad-ds/get-started/virtual-dc/active-directory-domain-services-overview
securityAdmin,adDs.directory.ldap,Submits authorized configuration or access-policy changes,Protected LDAP / directory administration,Proposed reference integration; not built-in FireFly functionality,https://docs.cyberark.com/pam-self-hosted/latest/en/content/pas%20inst/installationoverview.htm;https://learn.microsoft.com/en-us/windows-server/identity/ad-ds/get-started/virtual-dc/active-directory-domain-services-overview
securityAdmin,adFs.service,Submits authorized configuration or access-policy changes,AD FS administration / PowerShell configuration interface,Proposed reference integration; not built-in FireFly functionality,https://docs.cyberark.com/pam-self-hosted/latest/en/content/pas%20inst/installationoverview.htm;https://learn.microsoft.com/en-us/windows-server/identity/ad-fs/ad-fs-overview
securityAdmin,adFs.service.configuration,Submits authorized configuration or access-policy changes,AD FS administration / PowerShell configuration interface,Proposed reference integration; not built-in FireFly functionality,https://docs.cyberark.com/pam-self-hosted/latest/en/content/pas%20inst/installationoverview.htm;https://learn.microsoft.com/en-us/windows-server/identity/ad-fs/technical-reference/the-role-of-the-claims-engine
