repository,path,classification,elements,source
firefly,auditevents/main.go,Modeled component responsibility,tools.eventAudit.ordering;tools.eventAudit.reader,https://github.com/hyperledger-firefly/firefly/blob/9d20f3081c9074d5b012427e5572ebc03da8d95d/auditevents/main.go
firefly,cmd/firefly.go,Process entrypoint,firefly.core,https://github.com/hyperledger-firefly/firefly/blob/9d20f3081c9074d5b012427e5572ebc03da8d95d/cmd/firefly.go
firefly,cmd/firefly_test.go,Test or generated test support,,https://github.com/hyperledger-firefly/firefly/blob/9d20f3081c9074d5b012427e5572ebc03da8d95d/cmd/firefly_test.go
firefly,cmd/version.go,Process entrypoint,firefly.core,https://github.com/hyperledger-firefly/firefly/blob/9d20f3081c9074d5b012427e5572ebc03da8d95d/cmd/version.go
firefly,cmd/version_test.go,Test or generated test support,,https://github.com/hyperledger-firefly/firefly/blob/9d20f3081c9074d5b012427e5572ebc03da8d95d/cmd/version_test.go
firefly,doc-site/config_docs_generate_test.go,Test or generated test support,,https://github.com/hyperledger-firefly/firefly/blob/9d20f3081c9074d5b012427e5572ebc03da8d95d/doc-site/config_docs_generate_test.go
firefly,doc-site/config_docs_test.go,Test or generated test support,,https://github.com/hyperledger-firefly/firefly/blob/9d20f3081c9074d5b012427e5572ebc03da8d95d/doc-site/config_docs_test.go
firefly,ffconfig/main.go,Modeled component responsibility,tools.config.commands,https://github.com/hyperledger-firefly/firefly/blob/9d20f3081c9074d5b012427e5572ebc03da8d95d/ffconfig/main.go
firefly,ffconfig/main_test.go,Test or generated test support,,https://github.com/hyperledger-firefly/firefly/blob/9d20f3081c9074d5b012427e5572ebc03da8d95d/ffconfig/main_test.go
firefly,ffconfig/migrate/config.go,Modeled component responsibility,tools.config.migration,https://github.com/hyperledger-firefly/firefly/blob/9d20f3081c9074d5b012427e5572ebc03da8d95d/ffconfig/migrate/config.go
firefly,ffconfig/migrate/config_test.go,Test or generated test support,,https://github.com/hyperledger-firefly/firefly/blob/9d20f3081c9074d5b012427e5572ebc03da8d95d/ffconfig/migrate/config_test.go
firefly,ffconfig/migrate/migrations.go,Modeled component responsibility,tools.config.migration,https://github.com/hyperledger-firefly/firefly/blob/9d20f3081c9074d5b012427e5572ebc03da8d95d/ffconfig/migrate/migrations.go
firefly,ffconfig/migrate/migrations_test.go,Test or generated test support,,https://github.com/hyperledger-firefly/firefly/blob/9d20f3081c9074d5b012427e5572ebc03da8d95d/ffconfig/migrate/migrations_test.go
firefly,internal/apiserver/favicons.go,Modeled component responsibility,firefly.core.api,https://github.com/hyperledger-firefly/firefly/blob/9d20f3081c9074d5b012427e5572ebc03da8d95d/internal/apiserver/favicons.go
firefly,internal/apiserver/favicons_test.go,Test or generated test support,,https://github.com/hyperledger-firefly/firefly/blob/9d20f3081c9074d5b012427e5572ebc03da8d95d/internal/apiserver/favicons_test.go
firefly,internal/apiserver/ffi2swagger.go,Modeled component responsibility,firefly.core.api,https://github.com/hyperledger-firefly/firefly/blob/9d20f3081c9074d5b012427e5572ebc03da8d95d/internal/apiserver/ffi2swagger.go
firefly,internal/apiserver/ffi2swagger_test.go,Test or generated test support,,https://github.com/hyperledger-firefly/firefly/blob/9d20f3081c9074d5b012427e5572ebc03da8d95d/internal/apiserver/ffi2swagger_test.go
firefly,internal/apiserver/metrics_server.go,Modeled component responsibility,firefly.core.api,https://github.com/hyperledger-firefly/firefly/blob/9d20f3081c9074d5b012427e5572ebc03da8d95d/internal/apiserver/metrics_server.go
firefly,internal/apiserver/route_date_data_test.go,Test or generated test support,,https://github.com/hyperledger-firefly/firefly/blob/9d20f3081c9074d5b012427e5572ebc03da8d95d/internal/apiserver/route_date_data_test.go
firefly,internal/apiserver/route_delete_contract_api.go,Modeled component responsibility,firefly.core.api,https://github.com/hyperledger-firefly/firefly/blob/9d20f3081c9074d5b012427e5572ebc03da8d95d/internal/apiserver/route_delete_contract_api.go
firefly,internal/apiserver/route_delete_contract_api_test.go,Test or generated test support,,https://github.com/hyperledger-firefly/firefly/blob/9d20f3081c9074d5b012427e5572ebc03da8d95d/internal/apiserver/route_delete_contract_api_test.go
firefly,internal/apiserver/route_delete_contract_interface.go,Modeled component responsibility,firefly.core.api,https://github.com/hyperledger-firefly/firefly/blob/9d20f3081c9074d5b012427e5572ebc03da8d95d/internal/apiserver/route_delete_contract_interface.go
firefly,internal/apiserver/route_delete_contract_interface_test.go,Test or generated test support,,https://github.com/hyperledger-firefly/firefly/blob/9d20f3081c9074d5b012427e5572ebc03da8d95d/internal/apiserver/route_delete_contract_interface_test.go
firefly,internal/apiserver/route_delete_contract_listener.go,Modeled component responsibility,firefly.core.api,https://github.com/hyperledger-firefly/firefly/blob/9d20f3081c9074d5b012427e5572ebc03da8d95d/internal/apiserver/route_delete_contract_listener.go
firefly,internal/apiserver/route_delete_contract_listener_test.go,Test or generated test support,,https://github.com/hyperledger-firefly/firefly/blob/9d20f3081c9074d5b012427e5572ebc03da8d95d/internal/apiserver/route_delete_contract_listener_test.go
firefly,internal/apiserver/route_delete_data.go,Modeled component responsibility,firefly.core.api,https://github.com/hyperledger-firefly/firefly/blob/9d20f3081c9074d5b012427e5572ebc03da8d95d/internal/apiserver/route_delete_data.go
firefly,internal/apiserver/route_delete_subscription.go,Modeled component responsibility,firefly.core.api,https://github.com/hyperledger-firefly/firefly/blob/9d20f3081c9074d5b012427e5572ebc03da8d95d/internal/apiserver/route_delete_subscription.go
firefly,internal/apiserver/route_delete_subscription_test.go,Test or generated test support,,https://github.com/hyperledger-firefly/firefly/blob/9d20f3081c9074d5b012427e5572ebc03da8d95d/internal/apiserver/route_delete_subscription_test.go
firefly,internal/apiserver/route_delete_token_pool.go,Modeled component responsibility,firefly.core.api,https://github.com/hyperledger-firefly/firefly/blob/9d20f3081c9074d5b012427e5572ebc03da8d95d/internal/apiserver/route_delete_token_pool.go
firefly,internal/apiserver/route_delete_token_pool_test.go,Test or generated test support,,https://github.com/hyperledger-firefly/firefly/blob/9d20f3081c9074d5b012427e5572ebc03da8d95d/internal/apiserver/route_delete_token_pool_test.go
firefly,internal/apiserver/route_get_batch_by_id.go,Modeled component responsibility,firefly.core.api,https://github.com/hyperledger-firefly/firefly/blob/9d20f3081c9074d5b012427e5572ebc03da8d95d/internal/apiserver/route_get_batch_by_id.go
firefly,internal/apiserver/route_get_batch_by_id_test.go,Test or generated test support,,https://github.com/hyperledger-firefly/firefly/blob/9d20f3081c9074d5b012427e5572ebc03da8d95d/internal/apiserver/route_get_batch_by_id_test.go
firefly,internal/apiserver/route_get_batches.go,Modeled component responsibility,firefly.core.api,https://github.com/hyperledger-firefly/firefly/blob/9d20f3081c9074d5b012427e5572ebc03da8d95d/internal/apiserver/route_get_batches.go
firefly,internal/apiserver/route_get_batches_test.go,Test or generated test support,,https://github.com/hyperledger-firefly/firefly/blob/9d20f3081c9074d5b012427e5572ebc03da8d95d/internal/apiserver/route_get_batches_test.go
firefly,internal/apiserver/route_get_blockchain_event_by_id.go,Modeled component responsibility,firefly.core.api,https://github.com/hyperledger-firefly/firefly/blob/9d20f3081c9074d5b012427e5572ebc03da8d95d/internal/apiserver/route_get_blockchain_event_by_id.go
firefly,internal/apiserver/route_get_blockchain_event_by_id_test.go,Test or generated test support,,https://github.com/hyperledger-firefly/firefly/blob/9d20f3081c9074d5b012427e5572ebc03da8d95d/internal/apiserver/route_get_blockchain_event_by_id_test.go
firefly,internal/apiserver/route_get_blockchain_events.go,Modeled component responsibility,firefly.core.api,https://github.com/hyperledger-firefly/firefly/blob/9d20f3081c9074d5b012427e5572ebc03da8d95d/internal/apiserver/route_get_blockchain_events.go
firefly,internal/apiserver/route_get_blockchain_events_test.go,Test or generated test support,,https://github.com/hyperledger-firefly/firefly/blob/9d20f3081c9074d5b012427e5572ebc03da8d95d/internal/apiserver/route_get_blockchain_events_test.go
firefly,internal/apiserver/route_get_chart_histogram.go,Modeled component responsibility,firefly.core.api,https://github.com/hyperledger-firefly/firefly/blob/9d20f3081c9074d5b012427e5572ebc03da8d95d/internal/apiserver/route_get_chart_histogram.go
firefly,internal/apiserver/route_get_chart_histogram_test.go,Test or generated test support,,https://github.com/hyperledger-firefly/firefly/blob/9d20f3081c9074d5b012427e5572ebc03da8d95d/internal/apiserver/route_get_chart_histogram_test.go
firefly,internal/apiserver/route_get_contract_api_by_name.go,Modeled component responsibility,firefly.core.api,https://github.com/hyperledger-firefly/firefly/blob/9d20f3081c9074d5b012427e5572ebc03da8d95d/internal/apiserver/route_get_contract_api_by_name.go
firefly,internal/apiserver/route_get_contract_api_by_name_test.go,Test or generated test support,,https://github.com/hyperledger-firefly/firefly/blob/9d20f3081c9074d5b012427e5572ebc03da8d95d/internal/apiserver/route_get_contract_api_by_name_test.go
firefly,internal/apiserver/route_get_contract_api_interface.go,Modeled component responsibility,firefly.core.api,https://github.com/hyperledger-firefly/firefly/blob/9d20f3081c9074d5b012427e5572ebc03da8d95d/internal/apiserver/route_get_contract_api_interface.go
firefly,internal/apiserver/route_get_contract_api_interface_test.go,Test or generated test support,,https://github.com/hyperledger-firefly/firefly/blob/9d20f3081c9074d5b012427e5572ebc03da8d95d/internal/apiserver/route_get_contract_api_interface_test.go
firefly,internal/apiserver/route_get_contract_api_listeners.go,Modeled component responsibility,firefly.core.api,https://github.com/hyperledger-firefly/firefly/blob/9d20f3081c9074d5b012427e5572ebc03da8d95d/internal/apiserver/route_get_contract_api_listeners.go
firefly,internal/apiserver/route_get_contract_api_listeners_test.go,Test or generated test support,,https://github.com/hyperledger-firefly/firefly/blob/9d20f3081c9074d5b012427e5572ebc03da8d95d/internal/apiserver/route_get_contract_api_listeners_test.go
firefly,internal/apiserver/route_get_contract_apis.go,Modeled component responsibility,firefly.core.api,https://github.com/hyperledger-firefly/firefly/blob/9d20f3081c9074d5b012427e5572ebc03da8d95d/internal/apiserver/route_get_contract_apis.go
firefly,internal/apiserver/route_get_contract_apis_test.go,Test or generated test support,,https://github.com/hyperledger-firefly/firefly/blob/9d20f3081c9074d5b012427e5572ebc03da8d95d/internal/apiserver/route_get_contract_apis_test.go
firefly,internal/apiserver/route_get_contract_interface.go,Modeled component responsibility,firefly.core.api,https://github.com/hyperledger-firefly/firefly/blob/9d20f3081c9074d5b012427e5572ebc03da8d95d/internal/apiserver/route_get_contract_interface.go
firefly,internal/apiserver/route_get_contract_interface_name_version.go,Modeled component responsibility,firefly.core.api,https://github.com/hyperledger-firefly/firefly/blob/9d20f3081c9074d5b012427e5572ebc03da8d95d/internal/apiserver/route_get_contract_interface_name_version.go
firefly,internal/apiserver/route_get_contract_interface_name_version_test.go,Test or generated test support,,https://github.com/hyperledger-firefly/firefly/blob/9d20f3081c9074d5b012427e5572ebc03da8d95d/internal/apiserver/route_get_contract_interface_name_version_test.go
firefly,internal/apiserver/route_get_contract_interface_test.go,Test or generated test support,,https://github.com/hyperledger-firefly/firefly/blob/9d20f3081c9074d5b012427e5572ebc03da8d95d/internal/apiserver/route_get_contract_interface_test.go
firefly,internal/apiserver/route_get_contract_interfaces.go,Modeled component responsibility,firefly.core.api,https://github.com/hyperledger-firefly/firefly/blob/9d20f3081c9074d5b012427e5572ebc03da8d95d/internal/apiserver/route_get_contract_interfaces.go
firefly,internal/apiserver/route_get_contract_interfaces_test.go,Test or generated test support,,https://github.com/hyperledger-firefly/firefly/blob/9d20f3081c9074d5b012427e5572ebc03da8d95d/internal/apiserver/route_get_contract_interfaces_test.go
firefly,internal/apiserver/route_get_contract_listener_by_name_or_id.go,Modeled component responsibility,firefly.core.api,https://github.com/hyperledger-firefly/firefly/blob/9d20f3081c9074d5b012427e5572ebc03da8d95d/internal/apiserver/route_get_contract_listener_by_name_or_id.go
firefly,internal/apiserver/route_get_contract_listener_by_name_or_id_test.go,Test or generated test support,,https://github.com/hyperledger-firefly/firefly/blob/9d20f3081c9074d5b012427e5572ebc03da8d95d/internal/apiserver/route_get_contract_listener_by_name_or_id_test.go
firefly,internal/apiserver/route_get_contract_listener_test.go,Test or generated test support,,https://github.com/hyperledger-firefly/firefly/blob/9d20f3081c9074d5b012427e5572ebc03da8d95d/internal/apiserver/route_get_contract_listener_test.go
firefly,internal/apiserver/route_get_contract_listeners.go,Modeled component responsibility,firefly.core.api,https://github.com/hyperledger-firefly/firefly/blob/9d20f3081c9074d5b012427e5572ebc03da8d95d/internal/apiserver/route_get_contract_listeners.go
firefly,internal/apiserver/route_get_data.go,Modeled component responsibility,firefly.core.api,https://github.com/hyperledger-firefly/firefly/blob/9d20f3081c9074d5b012427e5572ebc03da8d95d/internal/apiserver/route_get_data.go
firefly,internal/apiserver/route_get_data_blob.go,Modeled component responsibility,firefly.core.api,https://github.com/hyperledger-firefly/firefly/blob/9d20f3081c9074d5b012427e5572ebc03da8d95d/internal/apiserver/route_get_data_blob.go
firefly,internal/apiserver/route_get_data_blob_test.go,Test or generated test support,,https://github.com/hyperledger-firefly/firefly/blob/9d20f3081c9074d5b012427e5572ebc03da8d95d/internal/apiserver/route_get_data_blob_test.go
firefly,internal/apiserver/route_get_data_by_id.go,Modeled component responsibility,firefly.core.api,https://github.com/hyperledger-firefly/firefly/blob/9d20f3081c9074d5b012427e5572ebc03da8d95d/internal/apiserver/route_get_data_by_id.go
firefly,internal/apiserver/route_get_data_by_id_test.go,Test or generated test support,,https://github.com/hyperledger-firefly/firefly/blob/9d20f3081c9074d5b012427e5572ebc03da8d95d/internal/apiserver/route_get_data_by_id_test.go
firefly,internal/apiserver/route_get_data_msgs.go,Modeled component responsibility,firefly.core.api,https://github.com/hyperledger-firefly/firefly/blob/9d20f3081c9074d5b012427e5572ebc03da8d95d/internal/apiserver/route_get_data_msgs.go
firefly,internal/apiserver/route_get_data_msgs_test.go,Test or generated test support,,https://github.com/hyperledger-firefly/firefly/blob/9d20f3081c9074d5b012427e5572ebc03da8d95d/internal/apiserver/route_get_data_msgs_test.go
firefly,internal/apiserver/route_get_data_subpaths.go,Modeled component responsibility,firefly.core.api,https://github.com/hyperledger-firefly/firefly/blob/9d20f3081c9074d5b012427e5572ebc03da8d95d/internal/apiserver/route_get_data_subpaths.go
firefly,internal/apiserver/route_get_data_subpaths_test.go,Test or generated test support,,https://github.com/hyperledger-firefly/firefly/blob/9d20f3081c9074d5b012427e5572ebc03da8d95d/internal/apiserver/route_get_data_subpaths_test.go
firefly,internal/apiserver/route_get_data_test.go,Test or generated test support,,https://github.com/hyperledger-firefly/firefly/blob/9d20f3081c9074d5b012427e5572ebc03da8d95d/internal/apiserver/route_get_data_test.go
firefly,internal/apiserver/route_get_data_value.go,Modeled component responsibility,firefly.core.api,https://github.com/hyperledger-firefly/firefly/blob/9d20f3081c9074d5b012427e5572ebc03da8d95d/internal/apiserver/route_get_data_value.go
firefly,internal/apiserver/route_get_data_value_test.go,Test or generated test support,,https://github.com/hyperledger-firefly/firefly/blob/9d20f3081c9074d5b012427e5572ebc03da8d95d/internal/apiserver/route_get_data_value_test.go
firefly,internal/apiserver/route_get_datatype_by_name.go,Modeled component responsibility,firefly.core.api,https://github.com/hyperledger-firefly/firefly/blob/9d20f3081c9074d5b012427e5572ebc03da8d95d/internal/apiserver/route_get_datatype_by_name.go
firefly,internal/apiserver/route_get_datatype_by_name_test.go,Test or generated test support,,https://github.com/hyperledger-firefly/firefly/blob/9d20f3081c9074d5b012427e5572ebc03da8d95d/internal/apiserver/route_get_datatype_by_name_test.go
firefly,internal/apiserver/route_get_datatypes.go,Modeled component responsibility,firefly.core.api,https://github.com/hyperledger-firefly/firefly/blob/9d20f3081c9074d5b012427e5572ebc03da8d95d/internal/apiserver/route_get_datatypes.go
firefly,internal/apiserver/route_get_datatypes_test.go,Test or generated test support,,https://github.com/hyperledger-firefly/firefly/blob/9d20f3081c9074d5b012427e5572ebc03da8d95d/internal/apiserver/route_get_datatypes_test.go
firefly,internal/apiserver/route_get_event_by_id.go,Modeled component responsibility,firefly.core.api,https://github.com/hyperledger-firefly/firefly/blob/9d20f3081c9074d5b012427e5572ebc03da8d95d/internal/apiserver/route_get_event_by_id.go
firefly,internal/apiserver/route_get_event_by_id_test.go,Test or generated test support,,https://github.com/hyperledger-firefly/firefly/blob/9d20f3081c9074d5b012427e5572ebc03da8d95d/internal/apiserver/route_get_event_by_id_test.go
firefly,internal/apiserver/route_get_events.go,Modeled component responsibility,firefly.core.api,https://github.com/hyperledger-firefly/firefly/blob/9d20f3081c9074d5b012427e5572ebc03da8d95d/internal/apiserver/route_get_events.go
firefly,internal/apiserver/route_get_events_test.go,Test or generated test support,,https://github.com/hyperledger-firefly/firefly/blob/9d20f3081c9074d5b012427e5572ebc03da8d95d/internal/apiserver/route_get_events_test.go
firefly,internal/apiserver/route_get_group_by_id.go,Modeled component responsibility,firefly.core.api,https://github.com/hyperledger-firefly/firefly/blob/9d20f3081c9074d5b012427e5572ebc03da8d95d/internal/apiserver/route_get_group_by_id.go
firefly,internal/apiserver/route_get_group_by_id_test.go,Test or generated test support,,https://github.com/hyperledger-firefly/firefly/blob/9d20f3081c9074d5b012427e5572ebc03da8d95d/internal/apiserver/route_get_group_by_id_test.go
firefly,internal/apiserver/route_get_groups.go,Modeled component responsibility,firefly.core.api,https://github.com/hyperledger-firefly/firefly/blob/9d20f3081c9074d5b012427e5572ebc03da8d95d/internal/apiserver/route_get_groups.go
firefly,internal/apiserver/route_get_groups_test.go,Test or generated test support,,https://github.com/hyperledger-firefly/firefly/blob/9d20f3081c9074d5b012427e5572ebc03da8d95d/internal/apiserver/route_get_groups_test.go
firefly,internal/apiserver/route_get_identities.go,Modeled component responsibility,firefly.core.api,https://github.com/hyperledger-firefly/firefly/blob/9d20f3081c9074d5b012427e5572ebc03da8d95d/internal/apiserver/route_get_identities.go
firefly,internal/apiserver/route_get_identities_test.go,Test or generated test support,,https://github.com/hyperledger-firefly/firefly/blob/9d20f3081c9074d5b012427e5572ebc03da8d95d/internal/apiserver/route_get_identities_test.go
firefly,internal/apiserver/route_get_identity_by_did.go,Modeled component responsibility,firefly.core.api,https://github.com/hyperledger-firefly/firefly/blob/9d20f3081c9074d5b012427e5572ebc03da8d95d/internal/apiserver/route_get_identity_by_did.go
firefly,internal/apiserver/route_get_identity_by_did_test.go,Test or generated test support,,https://github.com/hyperledger-firefly/firefly/blob/9d20f3081c9074d5b012427e5572ebc03da8d95d/internal/apiserver/route_get_identity_by_did_test.go
firefly,internal/apiserver/route_get_identity_by_id.go,Modeled component responsibility,firefly.core.api,https://github.com/hyperledger-firefly/firefly/blob/9d20f3081c9074d5b012427e5572ebc03da8d95d/internal/apiserver/route_get_identity_by_id.go
firefly,internal/apiserver/route_get_identity_by_id_test.go,Test or generated test support,,https://github.com/hyperledger-firefly/firefly/blob/9d20f3081c9074d5b012427e5572ebc03da8d95d/internal/apiserver/route_get_identity_by_id_test.go
firefly,internal/apiserver/route_get_identity_did.go,Modeled component responsibility,firefly.core.api,https://github.com/hyperledger-firefly/firefly/blob/9d20f3081c9074d5b012427e5572ebc03da8d95d/internal/apiserver/route_get_identity_did.go
firefly,internal/apiserver/route_get_identity_did_test.go,Test or generated test support,,https://github.com/hyperledger-firefly/firefly/blob/9d20f3081c9074d5b012427e5572ebc03da8d95d/internal/apiserver/route_get_identity_did_test.go
firefly,internal/apiserver/route_get_identity_verifiers.go,Modeled component responsibility,firefly.core.api,https://github.com/hyperledger-firefly/firefly/blob/9d20f3081c9074d5b012427e5572ebc03da8d95d/internal/apiserver/route_get_identity_verifiers.go
firefly,internal/apiserver/route_get_identity_verifiers_test.go,Test or generated test support,,https://github.com/hyperledger-firefly/firefly/blob/9d20f3081c9074d5b012427e5572ebc03da8d95d/internal/apiserver/route_get_identity_verifiers_test.go
firefly,internal/apiserver/route_get_msg_by_id.go,Modeled component responsibility,firefly.core.api,https://github.com/hyperledger-firefly/firefly/blob/9d20f3081c9074d5b012427e5572ebc03da8d95d/internal/apiserver/route_get_msg_by_id.go
firefly,internal/apiserver/route_get_msg_by_id_test.go,Test or generated test support,,https://github.com/hyperledger-firefly/firefly/blob/9d20f3081c9074d5b012427e5572ebc03da8d95d/internal/apiserver/route_get_msg_by_id_test.go
firefly,internal/apiserver/route_get_msg_data.go,Modeled component responsibility,firefly.core.api,https://github.com/hyperledger-firefly/firefly/blob/9d20f3081c9074d5b012427e5572ebc03da8d95d/internal/apiserver/route_get_msg_data.go
firefly,internal/apiserver/route_get_msg_data_test.go,Test or generated test support,,https://github.com/hyperledger-firefly/firefly/blob/9d20f3081c9074d5b012427e5572ebc03da8d95d/internal/apiserver/route_get_msg_data_test.go
firefly,internal/apiserver/route_get_msg_events.go,Modeled component responsibility,firefly.core.api,https://github.com/hyperledger-firefly/firefly/blob/9d20f3081c9074d5b012427e5572ebc03da8d95d/internal/apiserver/route_get_msg_events.go
firefly,internal/apiserver/route_get_msg_events_test.go,Test or generated test support,,https://github.com/hyperledger-firefly/firefly/blob/9d20f3081c9074d5b012427e5572ebc03da8d95d/internal/apiserver/route_get_msg_events_test.go
firefly,internal/apiserver/route_get_msg_txn.go,Modeled component responsibility,firefly.core.api,https://github.com/hyperledger-firefly/firefly/blob/9d20f3081c9074d5b012427e5572ebc03da8d95d/internal/apiserver/route_get_msg_txn.go
firefly,internal/apiserver/route_get_msg_txn_test.go,Test or generated test support,,https://github.com/hyperledger-firefly/firefly/blob/9d20f3081c9074d5b012427e5572ebc03da8d95d/internal/apiserver/route_get_msg_txn_test.go
firefly,internal/apiserver/route_get_msgs.go,Modeled component responsibility,firefly.core.api,https://github.com/hyperledger-firefly/firefly/blob/9d20f3081c9074d5b012427e5572ebc03da8d95d/internal/apiserver/route_get_msgs.go
firefly,internal/apiserver/route_get_msgs_test.go,Test or generated test support,,https://github.com/hyperledger-firefly/firefly/blob/9d20f3081c9074d5b012427e5572ebc03da8d95d/internal/apiserver/route_get_msgs_test.go
firefly,internal/apiserver/route_get_namespace.go,Modeled component responsibility,firefly.core.api,https://github.com/hyperledger-firefly/firefly/blob/9d20f3081c9074d5b012427e5572ebc03da8d95d/internal/apiserver/route_get_namespace.go
firefly,internal/apiserver/route_get_namespace_test.go,Test or generated test support,,https://github.com/hyperledger-firefly/firefly/blob/9d20f3081c9074d5b012427e5572ebc03da8d95d/internal/apiserver/route_get_namespace_test.go
firefly,internal/apiserver/route_get_namespaces.go,Modeled component responsibility,firefly.core.api,https://github.com/hyperledger-firefly/firefly/blob/9d20f3081c9074d5b012427e5572ebc03da8d95d/internal/apiserver/route_get_namespaces.go
firefly,internal/apiserver/route_get_namespaces_test.go,Test or generated test support,,https://github.com/hyperledger-firefly/firefly/blob/9d20f3081c9074d5b012427e5572ebc03da8d95d/internal/apiserver/route_get_namespaces_test.go
firefly,internal/apiserver/route_get_net_did.go,Modeled component responsibility,firefly.core.api,https://github.com/hyperledger-firefly/firefly/blob/9d20f3081c9074d5b012427e5572ebc03da8d95d/internal/apiserver/route_get_net_did.go
firefly,internal/apiserver/route_get_net_did_test.go,Test or generated test support,,https://github.com/hyperledger-firefly/firefly/blob/9d20f3081c9074d5b012427e5572ebc03da8d95d/internal/apiserver/route_get_net_did_test.go
firefly,internal/apiserver/route_get_net_diddoc.go,Modeled component responsibility,firefly.core.api,https://github.com/hyperledger-firefly/firefly/blob/9d20f3081c9074d5b012427e5572ebc03da8d95d/internal/apiserver/route_get_net_diddoc.go
firefly,internal/apiserver/route_get_net_diddoc_test.go,Test or generated test support,,https://github.com/hyperledger-firefly/firefly/blob/9d20f3081c9074d5b012427e5572ebc03da8d95d/internal/apiserver/route_get_net_diddoc_test.go
firefly,internal/apiserver/route_get_net_identities.go,Modeled component responsibility,firefly.core.api,https://github.com/hyperledger-firefly/firefly/blob/9d20f3081c9074d5b012427e5572ebc03da8d95d/internal/apiserver/route_get_net_identities.go
firefly,internal/apiserver/route_get_net_identities_test.go,Test or generated test support,,https://github.com/hyperledger-firefly/firefly/blob/9d20f3081c9074d5b012427e5572ebc03da8d95d/internal/apiserver/route_get_net_identities_test.go
firefly,internal/apiserver/route_get_net_node.go,Modeled component responsibility,firefly.core.api,https://github.com/hyperledger-firefly/firefly/blob/9d20f3081c9074d5b012427e5572ebc03da8d95d/internal/apiserver/route_get_net_node.go
firefly,internal/apiserver/route_get_net_node_test.go,Test or generated test support,,https://github.com/hyperledger-firefly/firefly/blob/9d20f3081c9074d5b012427e5572ebc03da8d95d/internal/apiserver/route_get_net_node_test.go
firefly,internal/apiserver/route_get_net_nodes.go,Modeled component responsibility,firefly.core.api,https://github.com/hyperledger-firefly/firefly/blob/9d20f3081c9074d5b012427e5572ebc03da8d95d/internal/apiserver/route_get_net_nodes.go
firefly,internal/apiserver/route_get_net_nodes_test.go,Test or generated test support,,https://github.com/hyperledger-firefly/firefly/blob/9d20f3081c9074d5b012427e5572ebc03da8d95d/internal/apiserver/route_get_net_nodes_test.go
firefly,internal/apiserver/route_get_net_org.go,Modeled component responsibility,firefly.core.api,https://github.com/hyperledger-firefly/firefly/blob/9d20f3081c9074d5b012427e5572ebc03da8d95d/internal/apiserver/route_get_net_org.go
firefly,internal/apiserver/route_get_net_org_test.go,Test or generated test support,,https://github.com/hyperledger-firefly/firefly/blob/9d20f3081c9074d5b012427e5572ebc03da8d95d/internal/apiserver/route_get_net_org_test.go
firefly,internal/apiserver/route_get_net_orgs.go,Modeled component responsibility,firefly.core.api,https://github.com/hyperledger-firefly/firefly/blob/9d20f3081c9074d5b012427e5572ebc03da8d95d/internal/apiserver/route_get_net_orgs.go
firefly,internal/apiserver/route_get_net_orgs_test.go,Test or generated test support,,https://github.com/hyperledger-firefly/firefly/blob/9d20f3081c9074d5b012427e5572ebc03da8d95d/internal/apiserver/route_get_net_orgs_test.go
firefly,internal/apiserver/route_get_nextpins.go,Modeled component responsibility,firefly.core.api,https://github.com/hyperledger-firefly/firefly/blob/9d20f3081c9074d5b012427e5572ebc03da8d95d/internal/apiserver/route_get_nextpins.go
firefly,internal/apiserver/route_get_nextpins_test.go,Test or generated test support,,https://github.com/hyperledger-firefly/firefly/blob/9d20f3081c9074d5b012427e5572ebc03da8d95d/internal/apiserver/route_get_nextpins_test.go
firefly,internal/apiserver/route_get_op_by_id.go,Modeled component responsibility,firefly.core.api,https://github.com/hyperledger-firefly/firefly/blob/9d20f3081c9074d5b012427e5572ebc03da8d95d/internal/apiserver/route_get_op_by_id.go
firefly,internal/apiserver/route_get_op_by_id_test.go,Test or generated test support,,https://github.com/hyperledger-firefly/firefly/blob/9d20f3081c9074d5b012427e5572ebc03da8d95d/internal/apiserver/route_get_op_by_id_test.go
firefly,internal/apiserver/route_get_ops.go,Modeled component responsibility,firefly.core.api,https://github.com/hyperledger-firefly/firefly/blob/9d20f3081c9074d5b012427e5572ebc03da8d95d/internal/apiserver/route_get_ops.go
firefly,internal/apiserver/route_get_ops_test.go,Test or generated test support,,https://github.com/hyperledger-firefly/firefly/blob/9d20f3081c9074d5b012427e5572ebc03da8d95d/internal/apiserver/route_get_ops_test.go
firefly,internal/apiserver/route_get_pins.go,Modeled component responsibility,firefly.core.api,https://github.com/hyperledger-firefly/firefly/blob/9d20f3081c9074d5b012427e5572ebc03da8d95d/internal/apiserver/route_get_pins.go
firefly,internal/apiserver/route_get_pins_test.go,Test or generated test support,,https://github.com/hyperledger-firefly/firefly/blob/9d20f3081c9074d5b012427e5572ebc03da8d95d/internal/apiserver/route_get_pins_test.go
firefly,internal/apiserver/route_get_status.go,Modeled component responsibility,firefly.core.api,https://github.com/hyperledger-firefly/firefly/blob/9d20f3081c9074d5b012427e5572ebc03da8d95d/internal/apiserver/route_get_status.go
firefly,internal/apiserver/route_get_status_batchmanager.go,Modeled component responsibility,firefly.core.api,https://github.com/hyperledger-firefly/firefly/blob/9d20f3081c9074d5b012427e5572ebc03da8d95d/internal/apiserver/route_get_status_batchmanager.go
firefly,internal/apiserver/route_get_status_batchmanager_test.go,Test or generated test support,,https://github.com/hyperledger-firefly/firefly/blob/9d20f3081c9074d5b012427e5572ebc03da8d95d/internal/apiserver/route_get_status_batchmanager_test.go
firefly,internal/apiserver/route_get_status_multiparty.go,Modeled component responsibility,firefly.core.api,https://github.com/hyperledger-firefly/firefly/blob/9d20f3081c9074d5b012427e5572ebc03da8d95d/internal/apiserver/route_get_status_multiparty.go
firefly,internal/apiserver/route_get_status_multiparty_test.go,Test or generated test support,,https://github.com/hyperledger-firefly/firefly/blob/9d20f3081c9074d5b012427e5572ebc03da8d95d/internal/apiserver/route_get_status_multiparty_test.go
firefly,internal/apiserver/route_get_status_test.go,Test or generated test support,,https://github.com/hyperledger-firefly/firefly/blob/9d20f3081c9074d5b012427e5572ebc03da8d95d/internal/apiserver/route_get_status_test.go
firefly,internal/apiserver/route_get_subscription_by_id.go,Modeled component responsibility,firefly.core.api,https://github.com/hyperledger-firefly/firefly/blob/9d20f3081c9074d5b012427e5572ebc03da8d95d/internal/apiserver/route_get_subscription_by_id.go
firefly,internal/apiserver/route_get_subscription_by_id_test.go,Test or generated test support,,https://github.com/hyperledger-firefly/firefly/blob/9d20f3081c9074d5b012427e5572ebc03da8d95d/internal/apiserver/route_get_subscription_by_id_test.go
firefly,internal/apiserver/route_get_subscription_events_filtered.go,Modeled component responsibility,firefly.core.api,https://github.com/hyperledger-firefly/firefly/blob/9d20f3081c9074d5b012427e5572ebc03da8d95d/internal/apiserver/route_get_subscription_events_filtered.go
firefly,internal/apiserver/route_get_subscription_events_filtered_test.go,Test or generated test support,,https://github.com/hyperledger-firefly/firefly/blob/9d20f3081c9074d5b012427e5572ebc03da8d95d/internal/apiserver/route_get_subscription_events_filtered_test.go
firefly,internal/apiserver/route_get_subscriptions.go,Modeled component responsibility,firefly.core.api,https://github.com/hyperledger-firefly/firefly/blob/9d20f3081c9074d5b012427e5572ebc03da8d95d/internal/apiserver/route_get_subscriptions.go
firefly,internal/apiserver/route_get_subscriptions_test.go,Test or generated test support,,https://github.com/hyperledger-firefly/firefly/blob/9d20f3081c9074d5b012427e5572ebc03da8d95d/internal/apiserver/route_get_subscriptions_test.go
firefly,internal/apiserver/route_get_token_account_pools.go,Modeled component responsibility,firefly.core.api,https://github.com/hyperledger-firefly/firefly/blob/9d20f3081c9074d5b012427e5572ebc03da8d95d/internal/apiserver/route_get_token_account_pools.go
firefly,internal/apiserver/route_get_token_account_pools_test.go,Test or generated test support,,https://github.com/hyperledger-firefly/firefly/blob/9d20f3081c9074d5b012427e5572ebc03da8d95d/internal/apiserver/route_get_token_account_pools_test.go
firefly,internal/apiserver/route_get_token_accounts.go,Modeled component responsibility,firefly.core.api,https://github.com/hyperledger-firefly/firefly/blob/9d20f3081c9074d5b012427e5572ebc03da8d95d/internal/apiserver/route_get_token_accounts.go
firefly,internal/apiserver/route_get_token_accounts_test.go,Test or generated test support,,https://github.com/hyperledger-firefly/firefly/blob/9d20f3081c9074d5b012427e5572ebc03da8d95d/internal/apiserver/route_get_token_accounts_test.go
firefly,internal/apiserver/route_get_token_approvals.go,Modeled component responsibility,firefly.core.api,https://github.com/hyperledger-firefly/firefly/blob/9d20f3081c9074d5b012427e5572ebc03da8d95d/internal/apiserver/route_get_token_approvals.go
firefly,internal/apiserver/route_get_token_approvals_test.go,Test or generated test support,,https://github.com/hyperledger-firefly/firefly/blob/9d20f3081c9074d5b012427e5572ebc03da8d95d/internal/apiserver/route_get_token_approvals_test.go
firefly,internal/apiserver/route_get_token_balances.go,Modeled component responsibility,firefly.core.api,https://github.com/hyperledger-firefly/firefly/blob/9d20f3081c9074d5b012427e5572ebc03da8d95d/internal/apiserver/route_get_token_balances.go
firefly,internal/apiserver/route_get_token_balances_test.go,Test or generated test support,,https://github.com/hyperledger-firefly/firefly/blob/9d20f3081c9074d5b012427e5572ebc03da8d95d/internal/apiserver/route_get_token_balances_test.go
firefly,internal/apiserver/route_get_token_connectors.go,Modeled component responsibility,firefly.core.api,https://github.com/hyperledger-firefly/firefly/blob/9d20f3081c9074d5b012427e5572ebc03da8d95d/internal/apiserver/route_get_token_connectors.go
firefly,internal/apiserver/route_get_token_connectors_test.go,Test or generated test support,,https://github.com/hyperledger-firefly/firefly/blob/9d20f3081c9074d5b012427e5572ebc03da8d95d/internal/apiserver/route_get_token_connectors_test.go
firefly,internal/apiserver/route_get_token_pool_by_name_or_id.go,Modeled component responsibility,firefly.core.api,https://github.com/hyperledger-firefly/firefly/blob/9d20f3081c9074d5b012427e5572ebc03da8d95d/internal/apiserver/route_get_token_pool_by_name_or_id.go
firefly,internal/apiserver/route_get_token_pool_by_name_or_id_test.go,Test or generated test support,,https://github.com/hyperledger-firefly/firefly/blob/9d20f3081c9074d5b012427e5572ebc03da8d95d/internal/apiserver/route_get_token_pool_by_name_or_id_test.go
firefly,internal/apiserver/route_get_token_pools.go,Modeled component responsibility,firefly.core.api,https://github.com/hyperledger-firefly/firefly/blob/9d20f3081c9074d5b012427e5572ebc03da8d95d/internal/apiserver/route_get_token_pools.go
firefly,internal/apiserver/route_get_token_pools_test.go,Test or generated test support,,https://github.com/hyperledger-firefly/firefly/blob/9d20f3081c9074d5b012427e5572ebc03da8d95d/internal/apiserver/route_get_token_pools_test.go
firefly,internal/apiserver/route_get_token_transfer_by_id.go,Modeled component responsibility,firefly.core.api,https://github.com/hyperledger-firefly/firefly/blob/9d20f3081c9074d5b012427e5572ebc03da8d95d/internal/apiserver/route_get_token_transfer_by_id.go
firefly,internal/apiserver/route_get_token_transfer_by_id_test.go,Test or generated test support,,https://github.com/hyperledger-firefly/firefly/blob/9d20f3081c9074d5b012427e5572ebc03da8d95d/internal/apiserver/route_get_token_transfer_by_id_test.go
firefly,internal/apiserver/route_get_token_transfers.go,Modeled component responsibility,firefly.core.api,https://github.com/hyperledger-firefly/firefly/blob/9d20f3081c9074d5b012427e5572ebc03da8d95d/internal/apiserver/route_get_token_transfers.go
firefly,internal/apiserver/route_get_token_transfers_test.go,Test or generated test support,,https://github.com/hyperledger-firefly/firefly/blob/9d20f3081c9074d5b012427e5572ebc03da8d95d/internal/apiserver/route_get_token_transfers_test.go
firefly,internal/apiserver/route_get_txn_blockchainevents.go,Modeled component responsibility,firefly.core.api,https://github.com/hyperledger-firefly/firefly/blob/9d20f3081c9074d5b012427e5572ebc03da8d95d/internal/apiserver/route_get_txn_blockchainevents.go
firefly,internal/apiserver/route_get_txn_blockchainevents_test.go,Test or generated test support,,https://github.com/hyperledger-firefly/firefly/blob/9d20f3081c9074d5b012427e5572ebc03da8d95d/internal/apiserver/route_get_txn_blockchainevents_test.go
firefly,internal/apiserver/route_get_txn_by_id.go,Modeled component responsibility,firefly.core.api,https://github.com/hyperledger-firefly/firefly/blob/9d20f3081c9074d5b012427e5572ebc03da8d95d/internal/apiserver/route_get_txn_by_id.go
firefly,internal/apiserver/route_get_txn_by_id_test.go,Test or generated test support,,https://github.com/hyperledger-firefly/firefly/blob/9d20f3081c9074d5b012427e5572ebc03da8d95d/internal/apiserver/route_get_txn_by_id_test.go
firefly,internal/apiserver/route_get_txn_ops.go,Modeled component responsibility,firefly.core.api,https://github.com/hyperledger-firefly/firefly/blob/9d20f3081c9074d5b012427e5572ebc03da8d95d/internal/apiserver/route_get_txn_ops.go
firefly,internal/apiserver/route_get_txn_ops_test.go,Test or generated test support,,https://github.com/hyperledger-firefly/firefly/blob/9d20f3081c9074d5b012427e5572ebc03da8d95d/internal/apiserver/route_get_txn_ops_test.go
firefly,internal/apiserver/route_get_txn_status.go,Modeled component responsibility,firefly.core.api,https://github.com/hyperledger-firefly/firefly/blob/9d20f3081c9074d5b012427e5572ebc03da8d95d/internal/apiserver/route_get_txn_status.go
firefly,internal/apiserver/route_get_txn_status_test.go,Test or generated test support,,https://github.com/hyperledger-firefly/firefly/blob/9d20f3081c9074d5b012427e5572ebc03da8d95d/internal/apiserver/route_get_txn_status_test.go
firefly,internal/apiserver/route_get_txns.go,Modeled component responsibility,firefly.core.api,https://github.com/hyperledger-firefly/firefly/blob/9d20f3081c9074d5b012427e5572ebc03da8d95d/internal/apiserver/route_get_txns.go
firefly,internal/apiserver/route_get_txns_test.go,Test or generated test support,,https://github.com/hyperledger-firefly/firefly/blob/9d20f3081c9074d5b012427e5572ebc03da8d95d/internal/apiserver/route_get_txns_test.go
firefly,internal/apiserver/route_get_verifier_by_id.go,Modeled component responsibility,firefly.core.api,https://github.com/hyperledger-firefly/firefly/blob/9d20f3081c9074d5b012427e5572ebc03da8d95d/internal/apiserver/route_get_verifier_by_id.go
firefly,internal/apiserver/route_get_verifier_by_id_test.go,Test or generated test support,,https://github.com/hyperledger-firefly/firefly/blob/9d20f3081c9074d5b012427e5572ebc03da8d95d/internal/apiserver/route_get_verifier_by_id_test.go
firefly,internal/apiserver/route_get_verifiers.go,Modeled component responsibility,firefly.core.api,https://github.com/hyperledger-firefly/firefly/blob/9d20f3081c9074d5b012427e5572ebc03da8d95d/internal/apiserver/route_get_verifiers.go
firefly,internal/apiserver/route_get_verifiers_test.go,Test or generated test support,,https://github.com/hyperledger-firefly/firefly/blob/9d20f3081c9074d5b012427e5572ebc03da8d95d/internal/apiserver/route_get_verifiers_test.go
firefly,internal/apiserver/route_get_websockets.go,Modeled component responsibility,firefly.core.api,https://github.com/hyperledger-firefly/firefly/blob/9d20f3081c9074d5b012427e5572ebc03da8d95d/internal/apiserver/route_get_websockets.go
firefly,internal/apiserver/route_get_websockets_test.go,Test or generated test support,,https://github.com/hyperledger-firefly/firefly/blob/9d20f3081c9074d5b012427e5572ebc03da8d95d/internal/apiserver/route_get_websockets_test.go
firefly,internal/apiserver/route_patch_update_identity.go,Modeled component responsibility,firefly.core.api,https://github.com/hyperledger-firefly/firefly/blob/9d20f3081c9074d5b012427e5572ebc03da8d95d/internal/apiserver/route_patch_update_identity.go
firefly,internal/apiserver/route_patch_update_identity_test.go,Test or generated test support,,https://github.com/hyperledger-firefly/firefly/blob/9d20f3081c9074d5b012427e5572ebc03da8d95d/internal/apiserver/route_patch_update_identity_test.go
firefly,internal/apiserver/route_post_batch_cancel.go,Modeled component responsibility,firefly.core.api,https://github.com/hyperledger-firefly/firefly/blob/9d20f3081c9074d5b012427e5572ebc03da8d95d/internal/apiserver/route_post_batch_cancel.go
firefly,internal/apiserver/route_post_batch_cancel_test.go,Test or generated test support,,https://github.com/hyperledger-firefly/firefly/blob/9d20f3081c9074d5b012427e5572ebc03da8d95d/internal/apiserver/route_post_batch_cancel_test.go
firefly,internal/apiserver/route_post_contract_api_invoke.go,Modeled component responsibility,firefly.core.api,https://github.com/hyperledger-firefly/firefly/blob/9d20f3081c9074d5b012427e5572ebc03da8d95d/internal/apiserver/route_post_contract_api_invoke.go
firefly,internal/apiserver/route_post_contract_api_invoke_test.go,Test or generated test support,,https://github.com/hyperledger-firefly/firefly/blob/9d20f3081c9074d5b012427e5572ebc03da8d95d/internal/apiserver/route_post_contract_api_invoke_test.go
firefly,internal/apiserver/route_post_contract_api_listeners.go,Modeled component responsibility,firefly.core.api,https://github.com/hyperledger-firefly/firefly/blob/9d20f3081c9074d5b012427e5572ebc03da8d95d/internal/apiserver/route_post_contract_api_listeners.go
firefly,internal/apiserver/route_post_contract_api_listeners_test.go,Test or generated test support,,https://github.com/hyperledger-firefly/firefly/blob/9d20f3081c9074d5b012427e5572ebc03da8d95d/internal/apiserver/route_post_contract_api_listeners_test.go
firefly,internal/apiserver/route_post_contract_api_publish.go,Modeled component responsibility,firefly.core.api,https://github.com/hyperledger-firefly/firefly/blob/9d20f3081c9074d5b012427e5572ebc03da8d95d/internal/apiserver/route_post_contract_api_publish.go
firefly,internal/apiserver/route_post_contract_api_publish_test.go,Test or generated test support,,https://github.com/hyperledger-firefly/firefly/blob/9d20f3081c9074d5b012427e5572ebc03da8d95d/internal/apiserver/route_post_contract_api_publish_test.go
firefly,internal/apiserver/route_post_contract_api_query.go,Modeled component responsibility,firefly.core.api,https://github.com/hyperledger-firefly/firefly/blob/9d20f3081c9074d5b012427e5572ebc03da8d95d/internal/apiserver/route_post_contract_api_query.go
firefly,internal/apiserver/route_post_contract_api_query_test.go,Test or generated test support,,https://github.com/hyperledger-firefly/firefly/blob/9d20f3081c9074d5b012427e5572ebc03da8d95d/internal/apiserver/route_post_contract_api_query_test.go
firefly,internal/apiserver/route_post_contract_deploy.go,Modeled component responsibility,firefly.core.api,https://github.com/hyperledger-firefly/firefly/blob/9d20f3081c9074d5b012427e5572ebc03da8d95d/internal/apiserver/route_post_contract_deploy.go
firefly,internal/apiserver/route_post_contract_deploy_test.go,Test or generated test support,,https://github.com/hyperledger-firefly/firefly/blob/9d20f3081c9074d5b012427e5572ebc03da8d95d/internal/apiserver/route_post_contract_deploy_test.go
firefly,internal/apiserver/route_post_contract_interface_generate.go,Modeled component responsibility,firefly.core.api,https://github.com/hyperledger-firefly/firefly/blob/9d20f3081c9074d5b012427e5572ebc03da8d95d/internal/apiserver/route_post_contract_interface_generate.go
firefly,internal/apiserver/route_post_contract_interface_generate_test.go,Test or generated test support,,https://github.com/hyperledger-firefly/firefly/blob/9d20f3081c9074d5b012427e5572ebc03da8d95d/internal/apiserver/route_post_contract_interface_generate_test.go
firefly,internal/apiserver/route_post_contract_interface_publish.go,Modeled component responsibility,firefly.core.api,https://github.com/hyperledger-firefly/firefly/blob/9d20f3081c9074d5b012427e5572ebc03da8d95d/internal/apiserver/route_post_contract_interface_publish.go
firefly,internal/apiserver/route_post_contract_interface_publish_test.go,Test or generated test support,,https://github.com/hyperledger-firefly/firefly/blob/9d20f3081c9074d5b012427e5572ebc03da8d95d/internal/apiserver/route_post_contract_interface_publish_test.go
firefly,internal/apiserver/route_post_contract_invoke.go,Modeled component responsibility,firefly.core.api,https://github.com/hyperledger-firefly/firefly/blob/9d20f3081c9074d5b012427e5572ebc03da8d95d/internal/apiserver/route_post_contract_invoke.go
firefly,internal/apiserver/route_post_contract_invoke_test.go,Test or generated test support,,https://github.com/hyperledger-firefly/firefly/blob/9d20f3081c9074d5b012427e5572ebc03da8d95d/internal/apiserver/route_post_contract_invoke_test.go
firefly,internal/apiserver/route_post_contract_listeners_hash.go,Modeled component responsibility,firefly.core.api,https://github.com/hyperledger-firefly/firefly/blob/9d20f3081c9074d5b012427e5572ebc03da8d95d/internal/apiserver/route_post_contract_listeners_hash.go
firefly,internal/apiserver/route_post_contract_listeners_hash_test.go,Test or generated test support,,https://github.com/hyperledger-firefly/firefly/blob/9d20f3081c9074d5b012427e5572ebc03da8d95d/internal/apiserver/route_post_contract_listeners_hash_test.go
firefly,internal/apiserver/route_post_contract_query.go,Modeled component responsibility,firefly.core.api,https://github.com/hyperledger-firefly/firefly/blob/9d20f3081c9074d5b012427e5572ebc03da8d95d/internal/apiserver/route_post_contract_query.go
firefly,internal/apiserver/route_post_contract_query_test.go,Test or generated test support,,https://github.com/hyperledger-firefly/firefly/blob/9d20f3081c9074d5b012427e5572ebc03da8d95d/internal/apiserver/route_post_contract_query_test.go
firefly,internal/apiserver/route_post_data.go,Modeled component responsibility,firefly.core.api,https://github.com/hyperledger-firefly/firefly/blob/9d20f3081c9074d5b012427e5572ebc03da8d95d/internal/apiserver/route_post_data.go
firefly,internal/apiserver/route_post_data_blob_publish.go,Modeled component responsibility,firefly.core.api,https://github.com/hyperledger-firefly/firefly/blob/9d20f3081c9074d5b012427e5572ebc03da8d95d/internal/apiserver/route_post_data_blob_publish.go
firefly,internal/apiserver/route_post_data_blob_publish_test.go,Test or generated test support,,https://github.com/hyperledger-firefly/firefly/blob/9d20f3081c9074d5b012427e5572ebc03da8d95d/internal/apiserver/route_post_data_blob_publish_test.go
firefly,internal/apiserver/route_post_data_test.go,Test or generated test support,,https://github.com/hyperledger-firefly/firefly/blob/9d20f3081c9074d5b012427e5572ebc03da8d95d/internal/apiserver/route_post_data_test.go
firefly,internal/apiserver/route_post_data_value_publish.go,Modeled component responsibility,firefly.core.api,https://github.com/hyperledger-firefly/firefly/blob/9d20f3081c9074d5b012427e5572ebc03da8d95d/internal/apiserver/route_post_data_value_publish.go
firefly,internal/apiserver/route_post_data_value_publish_test.go,Test or generated test support,,https://github.com/hyperledger-firefly/firefly/blob/9d20f3081c9074d5b012427e5572ebc03da8d95d/internal/apiserver/route_post_data_value_publish_test.go
firefly,internal/apiserver/route_post_network_action.go,Modeled component responsibility,firefly.core.api,https://github.com/hyperledger-firefly/firefly/blob/9d20f3081c9074d5b012427e5572ebc03da8d95d/internal/apiserver/route_post_network_action.go
firefly,internal/apiserver/route_post_network_action_test.go,Test or generated test support,,https://github.com/hyperledger-firefly/firefly/blob/9d20f3081c9074d5b012427e5572ebc03da8d95d/internal/apiserver/route_post_network_action_test.go
firefly,internal/apiserver/route_post_new_contract_api.go,Modeled component responsibility,firefly.core.api,https://github.com/hyperledger-firefly/firefly/blob/9d20f3081c9074d5b012427e5572ebc03da8d95d/internal/apiserver/route_post_new_contract_api.go
firefly,internal/apiserver/route_post_new_contract_api_test.go,Test or generated test support,,https://github.com/hyperledger-firefly/firefly/blob/9d20f3081c9074d5b012427e5572ebc03da8d95d/internal/apiserver/route_post_new_contract_api_test.go
firefly,internal/apiserver/route_post_new_contract_interface.go,Modeled component responsibility,firefly.core.api,https://github.com/hyperledger-firefly/firefly/blob/9d20f3081c9074d5b012427e5572ebc03da8d95d/internal/apiserver/route_post_new_contract_interface.go
firefly,internal/apiserver/route_post_new_contract_interface_test.go,Test or generated test support,,https://github.com/hyperledger-firefly/firefly/blob/9d20f3081c9074d5b012427e5572ebc03da8d95d/internal/apiserver/route_post_new_contract_interface_test.go
firefly,internal/apiserver/route_post_new_contract_listener.go,Modeled component responsibility,firefly.core.api,https://github.com/hyperledger-firefly/firefly/blob/9d20f3081c9074d5b012427e5572ebc03da8d95d/internal/apiserver/route_post_new_contract_listener.go
firefly,internal/apiserver/route_post_new_contract_listener_test.go,Test or generated test support,,https://github.com/hyperledger-firefly/firefly/blob/9d20f3081c9074d5b012427e5572ebc03da8d95d/internal/apiserver/route_post_new_contract_listener_test.go
firefly,internal/apiserver/route_post_new_datatype.go,Modeled component responsibility,firefly.core.api,https://github.com/hyperledger-firefly/firefly/blob/9d20f3081c9074d5b012427e5572ebc03da8d95d/internal/apiserver/route_post_new_datatype.go
firefly,internal/apiserver/route_post_new_datatype_test.go,Test or generated test support,,https://github.com/hyperledger-firefly/firefly/blob/9d20f3081c9074d5b012427e5572ebc03da8d95d/internal/apiserver/route_post_new_datatype_test.go
firefly,internal/apiserver/route_post_new_identity.go,Modeled component responsibility,firefly.core.api,https://github.com/hyperledger-firefly/firefly/blob/9d20f3081c9074d5b012427e5572ebc03da8d95d/internal/apiserver/route_post_new_identity.go
firefly,internal/apiserver/route_post_new_identity_test.go,Test or generated test support,,https://github.com/hyperledger-firefly/firefly/blob/9d20f3081c9074d5b012427e5572ebc03da8d95d/internal/apiserver/route_post_new_identity_test.go
firefly,internal/apiserver/route_post_new_message_broadcast.go,Modeled component responsibility,firefly.core.api,https://github.com/hyperledger-firefly/firefly/blob/9d20f3081c9074d5b012427e5572ebc03da8d95d/internal/apiserver/route_post_new_message_broadcast.go
firefly,internal/apiserver/route_post_new_message_broadcast_test.go,Test or generated test support,,https://github.com/hyperledger-firefly/firefly/blob/9d20f3081c9074d5b012427e5572ebc03da8d95d/internal/apiserver/route_post_new_message_broadcast_test.go
firefly,internal/apiserver/route_post_new_message_private.go,Modeled component responsibility,firefly.core.api,https://github.com/hyperledger-firefly/firefly/blob/9d20f3081c9074d5b012427e5572ebc03da8d95d/internal/apiserver/route_post_new_message_private.go
firefly,internal/apiserver/route_post_new_message_private_test.go,Test or generated test support,,https://github.com/hyperledger-firefly/firefly/blob/9d20f3081c9074d5b012427e5572ebc03da8d95d/internal/apiserver/route_post_new_message_private_test.go
firefly,internal/apiserver/route_post_new_message_requestreply.go,Modeled component responsibility,firefly.core.api,https://github.com/hyperledger-firefly/firefly/blob/9d20f3081c9074d5b012427e5572ebc03da8d95d/internal/apiserver/route_post_new_message_requestreply.go
firefly,internal/apiserver/route_post_new_message_requestreply_test.go,Test or generated test support,,https://github.com/hyperledger-firefly/firefly/blob/9d20f3081c9074d5b012427e5572ebc03da8d95d/internal/apiserver/route_post_new_message_requestreply_test.go
firefly,internal/apiserver/route_post_new_node_self.go,Modeled component responsibility,firefly.core.api,https://github.com/hyperledger-firefly/firefly/blob/9d20f3081c9074d5b012427e5572ebc03da8d95d/internal/apiserver/route_post_new_node_self.go
firefly,internal/apiserver/route_post_new_node_self_test.go,Test or generated test support,,https://github.com/hyperledger-firefly/firefly/blob/9d20f3081c9074d5b012427e5572ebc03da8d95d/internal/apiserver/route_post_new_node_self_test.go
firefly,internal/apiserver/route_post_new_organization.go,Modeled component responsibility,firefly.core.api,https://github.com/hyperledger-firefly/firefly/blob/9d20f3081c9074d5b012427e5572ebc03da8d95d/internal/apiserver/route_post_new_organization.go
firefly,internal/apiserver/route_post_new_organization_self.go,Modeled component responsibility,firefly.core.api,https://github.com/hyperledger-firefly/firefly/blob/9d20f3081c9074d5b012427e5572ebc03da8d95d/internal/apiserver/route_post_new_organization_self.go
firefly,internal/apiserver/route_post_new_organization_self_test.go,Test or generated test support,,https://github.com/hyperledger-firefly/firefly/blob/9d20f3081c9074d5b012427e5572ebc03da8d95d/internal/apiserver/route_post_new_organization_self_test.go
firefly,internal/apiserver/route_post_new_organization_test.go,Test or generated test support,,https://github.com/hyperledger-firefly/firefly/blob/9d20f3081c9074d5b012427e5572ebc03da8d95d/internal/apiserver/route_post_new_organization_test.go
firefly,internal/apiserver/route_post_new_subscription.go,Modeled component responsibility,firefly.core.api,https://github.com/hyperledger-firefly/firefly/blob/9d20f3081c9074d5b012427e5572ebc03da8d95d/internal/apiserver/route_post_new_subscription.go
firefly,internal/apiserver/route_post_new_subscription_test.go,Test or generated test support,,https://github.com/hyperledger-firefly/firefly/blob/9d20f3081c9074d5b012427e5572ebc03da8d95d/internal/apiserver/route_post_new_subscription_test.go
firefly,internal/apiserver/route_post_op_retry.go,Modeled component responsibility,firefly.core.api,https://github.com/hyperledger-firefly/firefly/blob/9d20f3081c9074d5b012427e5572ebc03da8d95d/internal/apiserver/route_post_op_retry.go
firefly,internal/apiserver/route_post_op_retry_test.go,Test or generated test support,,https://github.com/hyperledger-firefly/firefly/blob/9d20f3081c9074d5b012427e5572ebc03da8d95d/internal/apiserver/route_post_op_retry_test.go
firefly,internal/apiserver/route_post_pins_rewind.go,Modeled component responsibility,firefly.core.api,https://github.com/hyperledger-firefly/firefly/blob/9d20f3081c9074d5b012427e5572ebc03da8d95d/internal/apiserver/route_post_pins_rewind.go
firefly,internal/apiserver/route_post_pins_rewind_test.go,Test or generated test support,,https://github.com/hyperledger-firefly/firefly/blob/9d20f3081c9074d5b012427e5572ebc03da8d95d/internal/apiserver/route_post_pins_rewind_test.go
firefly,internal/apiserver/route_post_token_approval.go,Modeled component responsibility,firefly.core.api,https://github.com/hyperledger-firefly/firefly/blob/9d20f3081c9074d5b012427e5572ebc03da8d95d/internal/apiserver/route_post_token_approval.go
firefly,internal/apiserver/route_post_token_approval_test.go,Test or generated test support,,https://github.com/hyperledger-firefly/firefly/blob/9d20f3081c9074d5b012427e5572ebc03da8d95d/internal/apiserver/route_post_token_approval_test.go
firefly,internal/apiserver/route_post_token_burn.go,Modeled component responsibility,firefly.core.api,https://github.com/hyperledger-firefly/firefly/blob/9d20f3081c9074d5b012427e5572ebc03da8d95d/internal/apiserver/route_post_token_burn.go
firefly,internal/apiserver/route_post_token_burn_test.go,Test or generated test support,,https://github.com/hyperledger-firefly/firefly/blob/9d20f3081c9074d5b012427e5572ebc03da8d95d/internal/apiserver/route_post_token_burn_test.go
firefly,internal/apiserver/route_post_token_mint.go,Modeled component responsibility,firefly.core.api,https://github.com/hyperledger-firefly/firefly/blob/9d20f3081c9074d5b012427e5572ebc03da8d95d/internal/apiserver/route_post_token_mint.go
firefly,internal/apiserver/route_post_token_mint_test.go,Test or generated test support,,https://github.com/hyperledger-firefly/firefly/blob/9d20f3081c9074d5b012427e5572ebc03da8d95d/internal/apiserver/route_post_token_mint_test.go
firefly,internal/apiserver/route_post_token_pool.go,Modeled component responsibility,firefly.core.api,https://github.com/hyperledger-firefly/firefly/blob/9d20f3081c9074d5b012427e5572ebc03da8d95d/internal/apiserver/route_post_token_pool.go
firefly,internal/apiserver/route_post_token_pool_publish.go,Modeled component responsibility,firefly.core.api,https://github.com/hyperledger-firefly/firefly/blob/9d20f3081c9074d5b012427e5572ebc03da8d95d/internal/apiserver/route_post_token_pool_publish.go
firefly,internal/apiserver/route_post_token_pool_publish_test.go,Test or generated test support,,https://github.com/hyperledger-firefly/firefly/blob/9d20f3081c9074d5b012427e5572ebc03da8d95d/internal/apiserver/route_post_token_pool_publish_test.go
firefly,internal/apiserver/route_post_token_pool_test.go,Test or generated test support,,https://github.com/hyperledger-firefly/firefly/blob/9d20f3081c9074d5b012427e5572ebc03da8d95d/internal/apiserver/route_post_token_pool_test.go
firefly,internal/apiserver/route_post_token_transfer.go,Modeled component responsibility,firefly.core.api,https://github.com/hyperledger-firefly/firefly/blob/9d20f3081c9074d5b012427e5572ebc03da8d95d/internal/apiserver/route_post_token_transfer.go
firefly,internal/apiserver/route_post_token_transfer_test.go,Test or generated test support,,https://github.com/hyperledger-firefly/firefly/blob/9d20f3081c9074d5b012427e5572ebc03da8d95d/internal/apiserver/route_post_token_transfer_test.go
firefly,internal/apiserver/route_post_verifiers_resolve.go,Modeled component responsibility,firefly.core.api,https://github.com/hyperledger-firefly/firefly/blob/9d20f3081c9074d5b012427e5572ebc03da8d95d/internal/apiserver/route_post_verifiers_resolve.go
firefly,internal/apiserver/route_post_verifiers_resolve_test.go,Test or generated test support,,https://github.com/hyperledger-firefly/firefly/blob/9d20f3081c9074d5b012427e5572ebc03da8d95d/internal/apiserver/route_post_verifiers_resolve_test.go
firefly,internal/apiserver/route_put_contract_api.go,Modeled component responsibility,firefly.core.api,https://github.com/hyperledger-firefly/firefly/blob/9d20f3081c9074d5b012427e5572ebc03da8d95d/internal/apiserver/route_put_contract_api.go
firefly,internal/apiserver/route_put_contract_api_test.go,Test or generated test support,,https://github.com/hyperledger-firefly/firefly/blob/9d20f3081c9074d5b012427e5572ebc03da8d95d/internal/apiserver/route_put_contract_api_test.go
firefly,internal/apiserver/route_put_subscription.go,Modeled component responsibility,firefly.core.api,https://github.com/hyperledger-firefly/firefly/blob/9d20f3081c9074d5b012427e5572ebc03da8d95d/internal/apiserver/route_put_subscription.go
firefly,internal/apiserver/route_put_subscription_test.go,Test or generated test support,,https://github.com/hyperledger-firefly/firefly/blob/9d20f3081c9074d5b012427e5572ebc03da8d95d/internal/apiserver/route_put_subscription_test.go
firefly,internal/apiserver/route_spi_get_namespace_by_name.go,Modeled component responsibility,firefly.core.api,https://github.com/hyperledger-firefly/firefly/blob/9d20f3081c9074d5b012427e5572ebc03da8d95d/internal/apiserver/route_spi_get_namespace_by_name.go
firefly,internal/apiserver/route_spi_get_namespace_by_name_test.go,Test or generated test support,,https://github.com/hyperledger-firefly/firefly/blob/9d20f3081c9074d5b012427e5572ebc03da8d95d/internal/apiserver/route_spi_get_namespace_by_name_test.go
firefly,internal/apiserver/route_spi_get_namespaces.go,Modeled component responsibility,firefly.core.api,https://github.com/hyperledger-firefly/firefly/blob/9d20f3081c9074d5b012427e5572ebc03da8d95d/internal/apiserver/route_spi_get_namespaces.go
firefly,internal/apiserver/route_spi_get_namespaces_test.go,Test or generated test support,,https://github.com/hyperledger-firefly/firefly/blob/9d20f3081c9074d5b012427e5572ebc03da8d95d/internal/apiserver/route_spi_get_namespaces_test.go
firefly,internal/apiserver/route_spi_get_op_by_id.go,Modeled component responsibility,firefly.core.api,https://github.com/hyperledger-firefly/firefly/blob/9d20f3081c9074d5b012427e5572ebc03da8d95d/internal/apiserver/route_spi_get_op_by_id.go
firefly,internal/apiserver/route_spi_get_op_by_id_test.go,Test or generated test support,,https://github.com/hyperledger-firefly/firefly/blob/9d20f3081c9074d5b012427e5572ebc03da8d95d/internal/apiserver/route_spi_get_op_by_id_test.go
firefly,internal/apiserver/route_spi_get_ops.go,Modeled component responsibility,firefly.core.api,https://github.com/hyperledger-firefly/firefly/blob/9d20f3081c9074d5b012427e5572ebc03da8d95d/internal/apiserver/route_spi_get_ops.go
firefly,internal/apiserver/route_spi_get_ops_test.go,Test or generated test support,,https://github.com/hyperledger-firefly/firefly/blob/9d20f3081c9074d5b012427e5572ebc03da8d95d/internal/apiserver/route_spi_get_ops_test.go
firefly,internal/apiserver/route_spi_patch_op_by_id.go,Modeled component responsibility,firefly.core.api,https://github.com/hyperledger-firefly/firefly/blob/9d20f3081c9074d5b012427e5572ebc03da8d95d/internal/apiserver/route_spi_patch_op_by_id.go
firefly,internal/apiserver/route_spi_patch_op_by_id_test.go,Test or generated test support,,https://github.com/hyperledger-firefly/firefly/blob/9d20f3081c9074d5b012427e5572ebc03da8d95d/internal/apiserver/route_spi_patch_op_by_id_test.go
firefly,internal/apiserver/route_spi_post_reset.go,Modeled component responsibility,firefly.core.api,https://github.com/hyperledger-firefly/firefly/blob/9d20f3081c9074d5b012427e5572ebc03da8d95d/internal/apiserver/route_spi_post_reset.go
firefly,internal/apiserver/route_spi_post_reset_test.go,Test or generated test support,,https://github.com/hyperledger-firefly/firefly/blob/9d20f3081c9074d5b012427e5572ebc03da8d95d/internal/apiserver/route_spi_post_reset_test.go
firefly,internal/apiserver/routes.go,Modeled component responsibility,firefly.core.api,https://github.com/hyperledger-firefly/firefly/blob/9d20f3081c9074d5b012427e5572ebc03da8d95d/internal/apiserver/routes.go
firefly,internal/apiserver/server.go,Modeled component responsibility,firefly.core.api,https://github.com/hyperledger-firefly/firefly/blob/9d20f3081c9074d5b012427e5572ebc03da8d95d/internal/apiserver/server.go
firefly,internal/apiserver/server_test.go,Test or generated test support,,https://github.com/hyperledger-firefly/firefly/blob/9d20f3081c9074d5b012427e5572ebc03da8d95d/internal/apiserver/server_test.go
firefly,internal/apiserver/spi_routes.go,Modeled component responsibility,firefly.core.api,https://github.com/hyperledger-firefly/firefly/blob/9d20f3081c9074d5b012427e5572ebc03da8d95d/internal/apiserver/spi_routes.go
firefly,internal/apiserver/static.go,Modeled component responsibility,firefly.core.api,https://github.com/hyperledger-firefly/firefly/blob/9d20f3081c9074d5b012427e5572ebc03da8d95d/internal/apiserver/static.go
firefly,internal/apiserver/static_test.go,Test or generated test support,,https://github.com/hyperledger-firefly/firefly/blob/9d20f3081c9074d5b012427e5572ebc03da8d95d/internal/apiserver/static_test.go
firefly,internal/apiserver/swagger_check_test.go,Test or generated test support,,https://github.com/hyperledger-firefly/firefly/blob/9d20f3081c9074d5b012427e5572ebc03da8d95d/internal/apiserver/swagger_check_test.go
firefly,internal/apiserver/swagger_generate_test.go,Test or generated test support,,https://github.com/hyperledger-firefly/firefly/blob/9d20f3081c9074d5b012427e5572ebc03da8d95d/internal/apiserver/swagger_generate_test.go
firefly,internal/apiserver/swagger_validate_test.go,Test or generated test support,,https://github.com/hyperledger-firefly/firefly/blob/9d20f3081c9074d5b012427e5572ebc03da8d95d/internal/apiserver/swagger_validate_test.go
firefly,internal/assets/manager.go,Modeled component responsibility,firefly.core.assets,https://github.com/hyperledger-firefly/firefly/blob/9d20f3081c9074d5b012427e5572ebc03da8d95d/internal/assets/manager.go
firefly,internal/assets/manager_test.go,Test or generated test support,,https://github.com/hyperledger-firefly/firefly/blob/9d20f3081c9074d5b012427e5572ebc03da8d95d/internal/assets/manager_test.go
firefly,internal/assets/operations.go,Modeled component responsibility,firefly.core.assets,https://github.com/hyperledger-firefly/firefly/blob/9d20f3081c9074d5b012427e5572ebc03da8d95d/internal/assets/operations.go
firefly,internal/assets/operations_test.go,Test or generated test support,,https://github.com/hyperledger-firefly/firefly/blob/9d20f3081c9074d5b012427e5572ebc03da8d95d/internal/assets/operations_test.go
firefly,internal/assets/token_approval.go,Modeled component responsibility,firefly.core.assets,https://github.com/hyperledger-firefly/firefly/blob/9d20f3081c9074d5b012427e5572ebc03da8d95d/internal/assets/token_approval.go
firefly,internal/assets/token_approval_test.go,Test or generated test support,,https://github.com/hyperledger-firefly/firefly/blob/9d20f3081c9074d5b012427e5572ebc03da8d95d/internal/assets/token_approval_test.go
firefly,internal/assets/token_pool.go,Modeled component responsibility,firefly.core.assets,https://github.com/hyperledger-firefly/firefly/blob/9d20f3081c9074d5b012427e5572ebc03da8d95d/internal/assets/token_pool.go
firefly,internal/assets/token_pool_test.go,Test or generated test support,,https://github.com/hyperledger-firefly/firefly/blob/9d20f3081c9074d5b012427e5572ebc03da8d95d/internal/assets/token_pool_test.go
firefly,internal/assets/token_transfer.go,Modeled component responsibility,firefly.core.assets,https://github.com/hyperledger-firefly/firefly/blob/9d20f3081c9074d5b012427e5572ebc03da8d95d/internal/assets/token_transfer.go
firefly,internal/assets/token_transfer_test.go,Test or generated test support,,https://github.com/hyperledger-firefly/firefly/blob/9d20f3081c9074d5b012427e5572ebc03da8d95d/internal/assets/token_transfer_test.go
firefly,internal/batch/batch_manager.go,Modeled component responsibility,firefly.core.batch;firefly.core.batchprocessor,https://github.com/hyperledger-firefly/firefly/blob/9d20f3081c9074d5b012427e5572ebc03da8d95d/internal/batch/batch_manager.go
firefly,internal/batch/batch_manager_test.go,Test or generated test support,,https://github.com/hyperledger-firefly/firefly/blob/9d20f3081c9074d5b012427e5572ebc03da8d95d/internal/batch/batch_manager_test.go
firefly,internal/batch/batch_processor.go,Modeled component responsibility,firefly.core.batch;firefly.core.batchprocessor,https://github.com/hyperledger-firefly/firefly/blob/9d20f3081c9074d5b012427e5572ebc03da8d95d/internal/batch/batch_processor.go
firefly,internal/batch/batch_processor_test.go,Test or generated test support,,https://github.com/hyperledger-firefly/firefly/blob/9d20f3081c9074d5b012427e5572ebc03da8d95d/internal/batch/batch_processor_test.go
firefly,internal/blockchain/bifactory/factory.go,Modeled component responsibility,firefly.core.blockchain,https://github.com/hyperledger-firefly/firefly/blob/9d20f3081c9074d5b012427e5572ebc03da8d95d/internal/blockchain/bifactory/factory.go
firefly,internal/blockchain/bifactory/factory_test.go,Test or generated test support,,https://github.com/hyperledger-firefly/firefly/blob/9d20f3081c9074d5b012427e5572ebc03da8d95d/internal/blockchain/bifactory/factory_test.go
firefly,internal/blockchain/cardano/cardano.go,Modeled component responsibility,firefly.core.cardanoAdapter,https://github.com/hyperledger-firefly/firefly/blob/9d20f3081c9074d5b012427e5572ebc03da8d95d/internal/blockchain/cardano/cardano.go
firefly,internal/blockchain/cardano/cardano_test.go,Test or generated test support,,https://github.com/hyperledger-firefly/firefly/blob/9d20f3081c9074d5b012427e5572ebc03da8d95d/internal/blockchain/cardano/cardano_test.go
firefly,internal/blockchain/cardano/config.go,Modeled component responsibility,firefly.core.cardanoAdapter,https://github.com/hyperledger-firefly/firefly/blob/9d20f3081c9074d5b012427e5572ebc03da8d95d/internal/blockchain/cardano/config.go
firefly,internal/blockchain/cardano/eventstream.go,Modeled component responsibility,firefly.core.cardanoAdapter,https://github.com/hyperledger-firefly/firefly/blob/9d20f3081c9074d5b012427e5572ebc03da8d95d/internal/blockchain/cardano/eventstream.go
firefly,internal/blockchain/common/common.go,Modeled component responsibility,firefly.core.blockchain,https://github.com/hyperledger-firefly/firefly/blob/9d20f3081c9074d5b012427e5572ebc03da8d95d/internal/blockchain/common/common.go
firefly,internal/blockchain/common/common_test.go,Test or generated test support,,https://github.com/hyperledger-firefly/firefly/blob/9d20f3081c9074d5b012427e5572ebc03da8d95d/internal/blockchain/common/common_test.go
firefly,internal/blockchain/ethereum/abi_definitions.go,Modeled component responsibility,firefly.core.ethereum,https://github.com/hyperledger-firefly/firefly/blob/9d20f3081c9074d5b012427e5572ebc03da8d95d/internal/blockchain/ethereum/abi_definitions.go
firefly,internal/blockchain/ethereum/address_resolver.go,Modeled component responsibility,firefly.core.ethereum,https://github.com/hyperledger-firefly/firefly/blob/9d20f3081c9074d5b012427e5572ebc03da8d95d/internal/blockchain/ethereum/address_resolver.go
firefly,internal/blockchain/ethereum/address_resolver_test.go,Test or generated test support,,https://github.com/hyperledger-firefly/firefly/blob/9d20f3081c9074d5b012427e5572ebc03da8d95d/internal/blockchain/ethereum/address_resolver_test.go
firefly,internal/blockchain/ethereum/config.go,Modeled component responsibility,firefly.core.ethereum,https://github.com/hyperledger-firefly/firefly/blob/9d20f3081c9074d5b012427e5572ebc03da8d95d/internal/blockchain/ethereum/config.go
firefly,internal/blockchain/ethereum/ethereum.go,Modeled component responsibility,firefly.core.ethereum,https://github.com/hyperledger-firefly/firefly/blob/9d20f3081c9074d5b012427e5572ebc03da8d95d/internal/blockchain/ethereum/ethereum.go
firefly,internal/blockchain/ethereum/ethereum_test.go,Test or generated test support,,https://github.com/hyperledger-firefly/firefly/blob/9d20f3081c9074d5b012427e5572ebc03da8d95d/internal/blockchain/ethereum/ethereum_test.go
firefly,internal/blockchain/ethereum/eventstream.go,Modeled component responsibility,firefly.core.ethereum,https://github.com/hyperledger-firefly/firefly/blob/9d20f3081c9074d5b012427e5572ebc03da8d95d/internal/blockchain/ethereum/eventstream.go
firefly,internal/blockchain/ethereum/eventstream_test.go,Test or generated test support,,https://github.com/hyperledger-firefly/firefly/blob/9d20f3081c9074d5b012427e5572ebc03da8d95d/internal/blockchain/ethereum/eventstream_test.go
firefly,internal/blockchain/fabric/certs.go,Modeled component responsibility,firefly.core.fabricAdapter,https://github.com/hyperledger-firefly/firefly/blob/9d20f3081c9074d5b012427e5572ebc03da8d95d/internal/blockchain/fabric/certs.go
firefly,internal/blockchain/fabric/certs_test.go,Test or generated test support,,https://github.com/hyperledger-firefly/firefly/blob/9d20f3081c9074d5b012427e5572ebc03da8d95d/internal/blockchain/fabric/certs_test.go
firefly,internal/blockchain/fabric/config.go,Modeled component responsibility,firefly.core.fabricAdapter,https://github.com/hyperledger-firefly/firefly/blob/9d20f3081c9074d5b012427e5572ebc03da8d95d/internal/blockchain/fabric/config.go
firefly,internal/blockchain/fabric/eventstream.go,Modeled component responsibility,firefly.core.fabricAdapter,https://github.com/hyperledger-firefly/firefly/blob/9d20f3081c9074d5b012427e5572ebc03da8d95d/internal/blockchain/fabric/eventstream.go
firefly,internal/blockchain/fabric/eventstream_test.go,Test or generated test support,,https://github.com/hyperledger-firefly/firefly/blob/9d20f3081c9074d5b012427e5572ebc03da8d95d/internal/blockchain/fabric/eventstream_test.go
firefly,internal/blockchain/fabric/fabric.go,Modeled component responsibility,firefly.core.fabricAdapter,https://github.com/hyperledger-firefly/firefly/blob/9d20f3081c9074d5b012427e5572ebc03da8d95d/internal/blockchain/fabric/fabric.go
firefly,internal/blockchain/fabric/fabric_test.go,Test or generated test support,,https://github.com/hyperledger-firefly/firefly/blob/9d20f3081c9074d5b012427e5572ebc03da8d95d/internal/blockchain/fabric/fabric_test.go
firefly,internal/blockchain/tezos/address_resolver.go,Modeled component responsibility,firefly.core.tezosAdapter,https://github.com/hyperledger-firefly/firefly/blob/9d20f3081c9074d5b012427e5572ebc03da8d95d/internal/blockchain/tezos/address_resolver.go
firefly,internal/blockchain/tezos/address_resolver_test.go,Test or generated test support,,https://github.com/hyperledger-firefly/firefly/blob/9d20f3081c9074d5b012427e5572ebc03da8d95d/internal/blockchain/tezos/address_resolver_test.go
firefly,internal/blockchain/tezos/config.go,Modeled component responsibility,firefly.core.tezosAdapter,https://github.com/hyperledger-firefly/firefly/blob/9d20f3081c9074d5b012427e5572ebc03da8d95d/internal/blockchain/tezos/config.go
firefly,internal/blockchain/tezos/eventstream.go,Modeled component responsibility,firefly.core.tezosAdapter,https://github.com/hyperledger-firefly/firefly/blob/9d20f3081c9074d5b012427e5572ebc03da8d95d/internal/blockchain/tezos/eventstream.go
firefly,internal/blockchain/tezos/ffi2michelson.go,Modeled component responsibility,firefly.core.tezosAdapter,https://github.com/hyperledger-firefly/firefly/blob/9d20f3081c9074d5b012427e5572ebc03da8d95d/internal/blockchain/tezos/ffi2michelson.go
firefly,internal/blockchain/tezos/ffi2michelson_test.go,Test or generated test support,,https://github.com/hyperledger-firefly/firefly/blob/9d20f3081c9074d5b012427e5572ebc03da8d95d/internal/blockchain/tezos/ffi2michelson_test.go
firefly,internal/blockchain/tezos/tezos.go,Modeled component responsibility,firefly.core.tezosAdapter,https://github.com/hyperledger-firefly/firefly/blob/9d20f3081c9074d5b012427e5572ebc03da8d95d/internal/blockchain/tezos/tezos.go
firefly,internal/blockchain/tezos/tezos_test.go,Test or generated test support,,https://github.com/hyperledger-firefly/firefly/blob/9d20f3081c9074d5b012427e5572ebc03da8d95d/internal/blockchain/tezos/tezos_test.go
firefly,internal/broadcast/manager.go,Modeled component responsibility,firefly.core.broadcast,https://github.com/hyperledger-firefly/firefly/blob/9d20f3081c9074d5b012427e5572ebc03da8d95d/internal/broadcast/manager.go
firefly,internal/broadcast/manager_test.go,Test or generated test support,,https://github.com/hyperledger-firefly/firefly/blob/9d20f3081c9074d5b012427e5572ebc03da8d95d/internal/broadcast/manager_test.go
firefly,internal/broadcast/message.go,Modeled component responsibility,firefly.core.broadcast,https://github.com/hyperledger-firefly/firefly/blob/9d20f3081c9074d5b012427e5572ebc03da8d95d/internal/broadcast/message.go
firefly,internal/broadcast/message_test.go,Test or generated test support,,https://github.com/hyperledger-firefly/firefly/blob/9d20f3081c9074d5b012427e5572ebc03da8d95d/internal/broadcast/message_test.go
firefly,internal/broadcast/operations.go,Modeled component responsibility,firefly.core.broadcast,https://github.com/hyperledger-firefly/firefly/blob/9d20f3081c9074d5b012427e5572ebc03da8d95d/internal/broadcast/operations.go
firefly,internal/broadcast/operations_test.go,Test or generated test support,,https://github.com/hyperledger-firefly/firefly/blob/9d20f3081c9074d5b012427e5572ebc03da8d95d/internal/broadcast/operations_test.go
firefly,internal/cache/cache.go,Modeled component responsibility,firefly.core.cache,https://github.com/hyperledger-firefly/firefly/blob/9d20f3081c9074d5b012427e5572ebc03da8d95d/internal/cache/cache.go
firefly,internal/cache/cache_test.go,Test or generated test support,,https://github.com/hyperledger-firefly/firefly/blob/9d20f3081c9074d5b012427e5572ebc03da8d95d/internal/cache/cache_test.go
firefly,internal/contracts/manager.go,Modeled component responsibility,firefly.core.contracts,https://github.com/hyperledger-firefly/firefly/blob/9d20f3081c9074d5b012427e5572ebc03da8d95d/internal/contracts/manager.go
firefly,internal/contracts/manager_bench_test.go,Test or generated test support,,https://github.com/hyperledger-firefly/firefly/blob/9d20f3081c9074d5b012427e5572ebc03da8d95d/internal/contracts/manager_bench_test.go
firefly,internal/contracts/manager_error_cache_test.go,Test or generated test support,,https://github.com/hyperledger-firefly/firefly/blob/9d20f3081c9074d5b012427e5572ebc03da8d95d/internal/contracts/manager_error_cache_test.go
firefly,internal/contracts/manager_test.go,Test or generated test support,,https://github.com/hyperledger-firefly/firefly/blob/9d20f3081c9074d5b012427e5572ebc03da8d95d/internal/contracts/manager_test.go
firefly,internal/contracts/operations.go,Modeled component responsibility,firefly.core.contracts,https://github.com/hyperledger-firefly/firefly/blob/9d20f3081c9074d5b012427e5572ebc03da8d95d/internal/contracts/operations.go
firefly,internal/contracts/operations_test.go,Test or generated test support,,https://github.com/hyperledger-firefly/firefly/blob/9d20f3081c9074d5b012427e5572ebc03da8d95d/internal/contracts/operations_test.go
firefly,internal/coreconfig/coreconfig.go,Modeled component responsibility,firefly.core.config,https://github.com/hyperledger-firefly/firefly/blob/9d20f3081c9074d5b012427e5572ebc03da8d95d/internal/coreconfig/coreconfig.go
firefly,internal/coreconfig/coreconfig_test.go,Test or generated test support,,https://github.com/hyperledger-firefly/firefly/blob/9d20f3081c9074d5b012427e5572ebc03da8d95d/internal/coreconfig/coreconfig_test.go
firefly,internal/coremsgs/en_api_translations.go,Shared constants,firefly.core.config,https://github.com/hyperledger-firefly/firefly/blob/9d20f3081c9074d5b012427e5572ebc03da8d95d/internal/coremsgs/en_api_translations.go
firefly,internal/coremsgs/en_config_descriptions.go,Shared constants,firefly.core.config,https://github.com/hyperledger-firefly/firefly/blob/9d20f3081c9074d5b012427e5572ebc03da8d95d/internal/coremsgs/en_config_descriptions.go
firefly,internal/coremsgs/en_error_messages.go,Shared constants,firefly.core.config,https://github.com/hyperledger-firefly/firefly/blob/9d20f3081c9074d5b012427e5572ebc03da8d95d/internal/coremsgs/en_error_messages.go
firefly,internal/coremsgs/en_struct_descriptions.go,Shared constants,firefly.core.config,https://github.com/hyperledger-firefly/firefly/blob/9d20f3081c9074d5b012427e5572ebc03da8d95d/internal/coremsgs/en_struct_descriptions.go
firefly,internal/data/blobstore.go,Modeled component responsibility,firefly.core.data;firefly.core.schema,https://github.com/hyperledger-firefly/firefly/blob/9d20f3081c9074d5b012427e5572ebc03da8d95d/internal/data/blobstore.go
firefly,internal/data/blobstore_test.go,Test or generated test support,,https://github.com/hyperledger-firefly/firefly/blob/9d20f3081c9074d5b012427e5572ebc03da8d95d/internal/data/blobstore_test.go
firefly,internal/data/data_manager.go,Modeled component responsibility,firefly.core.data;firefly.core.schema,https://github.com/hyperledger-firefly/firefly/blob/9d20f3081c9074d5b012427e5572ebc03da8d95d/internal/data/data_manager.go
firefly,internal/data/data_manager_test.go,Test or generated test support,,https://github.com/hyperledger-firefly/firefly/blob/9d20f3081c9074d5b012427e5572ebc03da8d95d/internal/data/data_manager_test.go
firefly,internal/data/json_validator.go,Modeled component responsibility,firefly.core.data;firefly.core.schema,https://github.com/hyperledger-firefly/firefly/blob/9d20f3081c9074d5b012427e5572ebc03da8d95d/internal/data/json_validator.go
firefly,internal/data/json_validator_test.go,Test or generated test support,,https://github.com/hyperledger-firefly/firefly/blob/9d20f3081c9074d5b012427e5572ebc03da8d95d/internal/data/json_validator_test.go
firefly,internal/data/message_writer.go,Modeled component responsibility,firefly.core.data;firefly.core.schema,https://github.com/hyperledger-firefly/firefly/blob/9d20f3081c9074d5b012427e5572ebc03da8d95d/internal/data/message_writer.go
firefly,internal/data/message_writer_test.go,Test or generated test support,,https://github.com/hyperledger-firefly/firefly/blob/9d20f3081c9074d5b012427e5572ebc03da8d95d/internal/data/message_writer_test.go
firefly,internal/data/validator.go,Modeled component responsibility,firefly.core.data;firefly.core.schema,https://github.com/hyperledger-firefly/firefly/blob/9d20f3081c9074d5b012427e5572ebc03da8d95d/internal/data/validator.go
firefly,internal/database/difactory/factory.go,Modeled component responsibility,firefly.core.database,https://github.com/hyperledger-firefly/firefly/blob/9d20f3081c9074d5b012427e5572ebc03da8d95d/internal/database/difactory/factory.go
firefly,internal/database/difactory/factory_test.go,Test or generated test support,,https://github.com/hyperledger-firefly/firefly/blob/9d20f3081c9074d5b012427e5572ebc03da8d95d/internal/database/difactory/factory_test.go
firefly,internal/database/difactory/plugins_cgo.go,Modeled component responsibility,firefly.core.database,https://github.com/hyperledger-firefly/firefly/blob/9d20f3081c9074d5b012427e5572ebc03da8d95d/internal/database/difactory/plugins_cgo.go
firefly,internal/database/difactory/plugins_nocgo.go,Modeled component responsibility,firefly.core.database,https://github.com/hyperledger-firefly/firefly/blob/9d20f3081c9074d5b012427e5572ebc03da8d95d/internal/database/difactory/plugins_nocgo.go
firefly,internal/database/postgres/config.go,Modeled component responsibility,firefly.core.postgres,https://github.com/hyperledger-firefly/firefly/blob/9d20f3081c9074d5b012427e5572ebc03da8d95d/internal/database/postgres/config.go
firefly,internal/database/postgres/postgres.go,Modeled component responsibility,firefly.core.postgres,https://github.com/hyperledger-firefly/firefly/blob/9d20f3081c9074d5b012427e5572ebc03da8d95d/internal/database/postgres/postgres.go
firefly,internal/database/postgres/postgres_test.go,Test or generated test support,,https://github.com/hyperledger-firefly/firefly/blob/9d20f3081c9074d5b012427e5572ebc03da8d95d/internal/database/postgres/postgres_test.go
firefly,internal/database/sqlcommon/batch_sql.go,Modeled component responsibility,firefly.core.sql,https://github.com/hyperledger-firefly/firefly/blob/9d20f3081c9074d5b012427e5572ebc03da8d95d/internal/database/sqlcommon/batch_sql.go
firefly,internal/database/sqlcommon/batch_sql_test.go,Test or generated test support,,https://github.com/hyperledger-firefly/firefly/blob/9d20f3081c9074d5b012427e5572ebc03da8d95d/internal/database/sqlcommon/batch_sql_test.go
firefly,internal/database/sqlcommon/blob_sql.go,Modeled component responsibility,firefly.core.sql,https://github.com/hyperledger-firefly/firefly/blob/9d20f3081c9074d5b012427e5572ebc03da8d95d/internal/database/sqlcommon/blob_sql.go
firefly,internal/database/sqlcommon/blob_sql_test.go,Test or generated test support,,https://github.com/hyperledger-firefly/firefly/blob/9d20f3081c9074d5b012427e5572ebc03da8d95d/internal/database/sqlcommon/blob_sql_test.go
firefly,internal/database/sqlcommon/blockchainevents_sql.go,Modeled component responsibility,firefly.core.sql,https://github.com/hyperledger-firefly/firefly/blob/9d20f3081c9074d5b012427e5572ebc03da8d95d/internal/database/sqlcommon/blockchainevents_sql.go
firefly,internal/database/sqlcommon/blockchainevents_sql_test.go,Test or generated test support,,https://github.com/hyperledger-firefly/firefly/blob/9d20f3081c9074d5b012427e5572ebc03da8d95d/internal/database/sqlcommon/blockchainevents_sql_test.go
firefly,internal/database/sqlcommon/chart_sql.go,Modeled component responsibility,firefly.core.sql,https://github.com/hyperledger-firefly/firefly/blob/9d20f3081c9074d5b012427e5572ebc03da8d95d/internal/database/sqlcommon/chart_sql.go
firefly,internal/database/sqlcommon/chart_sql_test.go,Test or generated test support,,https://github.com/hyperledger-firefly/firefly/blob/9d20f3081c9074d5b012427e5572ebc03da8d95d/internal/database/sqlcommon/chart_sql_test.go
firefly,internal/database/sqlcommon/config.go,Modeled component responsibility,firefly.core.sql,https://github.com/hyperledger-firefly/firefly/blob/9d20f3081c9074d5b012427e5572ebc03da8d95d/internal/database/sqlcommon/config.go
firefly,internal/database/sqlcommon/contractapis_sql.go,Modeled component responsibility,firefly.core.sql,https://github.com/hyperledger-firefly/firefly/blob/9d20f3081c9074d5b012427e5572ebc03da8d95d/internal/database/sqlcommon/contractapis_sql.go
firefly,internal/database/sqlcommon/contractapis_sql_test.go,Test or generated test support,,https://github.com/hyperledger-firefly/firefly/blob/9d20f3081c9074d5b012427e5572ebc03da8d95d/internal/database/sqlcommon/contractapis_sql_test.go
firefly,internal/database/sqlcommon/contractlisteners_sql.go,Modeled component responsibility,firefly.core.sql,https://github.com/hyperledger-firefly/firefly/blob/9d20f3081c9074d5b012427e5572ebc03da8d95d/internal/database/sqlcommon/contractlisteners_sql.go
firefly,internal/database/sqlcommon/contractlisteners_sql_test.go,Test or generated test support,,https://github.com/hyperledger-firefly/firefly/blob/9d20f3081c9074d5b012427e5572ebc03da8d95d/internal/database/sqlcommon/contractlisteners_sql_test.go
firefly,internal/database/sqlcommon/data_sql.go,Modeled component responsibility,firefly.core.sql,https://github.com/hyperledger-firefly/firefly/blob/9d20f3081c9074d5b012427e5572ebc03da8d95d/internal/database/sqlcommon/data_sql.go
firefly,internal/database/sqlcommon/data_sql_test.go,Test or generated test support,,https://github.com/hyperledger-firefly/firefly/blob/9d20f3081c9074d5b012427e5572ebc03da8d95d/internal/database/sqlcommon/data_sql_test.go
firefly,internal/database/sqlcommon/datatype_sql.go,Modeled component responsibility,firefly.core.sql,https://github.com/hyperledger-firefly/firefly/blob/9d20f3081c9074d5b012427e5572ebc03da8d95d/internal/database/sqlcommon/datatype_sql.go
firefly,internal/database/sqlcommon/datatype_sql_test.go,Test or generated test support,,https://github.com/hyperledger-firefly/firefly/blob/9d20f3081c9074d5b012427e5572ebc03da8d95d/internal/database/sqlcommon/datatype_sql_test.go
firefly,internal/database/sqlcommon/event_sql.go,Modeled component responsibility,firefly.core.sql,https://github.com/hyperledger-firefly/firefly/blob/9d20f3081c9074d5b012427e5572ebc03da8d95d/internal/database/sqlcommon/event_sql.go
firefly,internal/database/sqlcommon/event_sql_test.go,Test or generated test support,,https://github.com/hyperledger-firefly/firefly/blob/9d20f3081c9074d5b012427e5572ebc03da8d95d/internal/database/sqlcommon/event_sql_test.go
firefly,internal/database/sqlcommon/ffi_errors_sql.go,Modeled component responsibility,firefly.core.sql,https://github.com/hyperledger-firefly/firefly/blob/9d20f3081c9074d5b012427e5572ebc03da8d95d/internal/database/sqlcommon/ffi_errors_sql.go
firefly,internal/database/sqlcommon/ffi_errors_sql_test.go,Test or generated test support,,https://github.com/hyperledger-firefly/firefly/blob/9d20f3081c9074d5b012427e5572ebc03da8d95d/internal/database/sqlcommon/ffi_errors_sql_test.go
firefly,internal/database/sqlcommon/ffi_events_sql.go,Modeled component responsibility,firefly.core.sql,https://github.com/hyperledger-firefly/firefly/blob/9d20f3081c9074d5b012427e5572ebc03da8d95d/internal/database/sqlcommon/ffi_events_sql.go
firefly,internal/database/sqlcommon/ffi_events_sql_test.go,Test or generated test support,,https://github.com/hyperledger-firefly/firefly/blob/9d20f3081c9074d5b012427e5572ebc03da8d95d/internal/database/sqlcommon/ffi_events_sql_test.go
firefly,internal/database/sqlcommon/ffi_methods_sql.go,Modeled component responsibility,firefly.core.sql,https://github.com/hyperledger-firefly/firefly/blob/9d20f3081c9074d5b012427e5572ebc03da8d95d/internal/database/sqlcommon/ffi_methods_sql.go
firefly,internal/database/sqlcommon/ffi_methods_sql_test.go,Test or generated test support,,https://github.com/hyperledger-firefly/firefly/blob/9d20f3081c9074d5b012427e5572ebc03da8d95d/internal/database/sqlcommon/ffi_methods_sql_test.go
firefly,internal/database/sqlcommon/ffi_sql.go,Modeled component responsibility,firefly.core.sql,https://github.com/hyperledger-firefly/firefly/blob/9d20f3081c9074d5b012427e5572ebc03da8d95d/internal/database/sqlcommon/ffi_sql.go
firefly,internal/database/sqlcommon/ffi_sql_test.go,Test or generated test support,,https://github.com/hyperledger-firefly/firefly/blob/9d20f3081c9074d5b012427e5572ebc03da8d95d/internal/database/sqlcommon/ffi_sql_test.go
firefly,internal/database/sqlcommon/group_sql.go,Modeled component responsibility,firefly.core.sql,https://github.com/hyperledger-firefly/firefly/blob/9d20f3081c9074d5b012427e5572ebc03da8d95d/internal/database/sqlcommon/group_sql.go
firefly,internal/database/sqlcommon/group_sql_test.go,Test or generated test support,,https://github.com/hyperledger-firefly/firefly/blob/9d20f3081c9074d5b012427e5572ebc03da8d95d/internal/database/sqlcommon/group_sql_test.go
firefly,internal/database/sqlcommon/identity_sql.go,Modeled component responsibility,firefly.core.sql,https://github.com/hyperledger-firefly/firefly/blob/9d20f3081c9074d5b012427e5572ebc03da8d95d/internal/database/sqlcommon/identity_sql.go
firefly,internal/database/sqlcommon/identity_sql_test.go,Test or generated test support,,https://github.com/hyperledger-firefly/firefly/blob/9d20f3081c9074d5b012427e5572ebc03da8d95d/internal/database/sqlcommon/identity_sql_test.go
firefly,internal/database/sqlcommon/message_sql.go,Modeled component responsibility,firefly.core.sql,https://github.com/hyperledger-firefly/firefly/blob/9d20f3081c9074d5b012427e5572ebc03da8d95d/internal/database/sqlcommon/message_sql.go
firefly,internal/database/sqlcommon/message_sql_test.go,Test or generated test support,,https://github.com/hyperledger-firefly/firefly/blob/9d20f3081c9074d5b012427e5572ebc03da8d95d/internal/database/sqlcommon/message_sql_test.go
firefly,internal/database/sqlcommon/namespace_sql.go,Modeled component responsibility,firefly.core.sql,https://github.com/hyperledger-firefly/firefly/blob/9d20f3081c9074d5b012427e5572ebc03da8d95d/internal/database/sqlcommon/namespace_sql.go
firefly,internal/database/sqlcommon/namespace_sql_test.go,Test or generated test support,,https://github.com/hyperledger-firefly/firefly/blob/9d20f3081c9074d5b012427e5572ebc03da8d95d/internal/database/sqlcommon/namespace_sql_test.go
firefly,internal/database/sqlcommon/nextpin_sql.go,Modeled component responsibility,firefly.core.sql,https://github.com/hyperledger-firefly/firefly/blob/9d20f3081c9074d5b012427e5572ebc03da8d95d/internal/database/sqlcommon/nextpin_sql.go
firefly,internal/database/sqlcommon/nextpin_sql_test.go,Test or generated test support,,https://github.com/hyperledger-firefly/firefly/blob/9d20f3081c9074d5b012427e5572ebc03da8d95d/internal/database/sqlcommon/nextpin_sql_test.go
firefly,internal/database/sqlcommon/nonce_sql.go,Modeled component responsibility,firefly.core.sql,https://github.com/hyperledger-firefly/firefly/blob/9d20f3081c9074d5b012427e5572ebc03da8d95d/internal/database/sqlcommon/nonce_sql.go
firefly,internal/database/sqlcommon/nonce_sql_test.go,Test or generated test support,,https://github.com/hyperledger-firefly/firefly/blob/9d20f3081c9074d5b012427e5572ebc03da8d95d/internal/database/sqlcommon/nonce_sql_test.go
firefly,internal/database/sqlcommon/offset_sql.go,Modeled component responsibility,firefly.core.sql,https://github.com/hyperledger-firefly/firefly/blob/9d20f3081c9074d5b012427e5572ebc03da8d95d/internal/database/sqlcommon/offset_sql.go
firefly,internal/database/sqlcommon/offset_sql_test.go,Test or generated test support,,https://github.com/hyperledger-firefly/firefly/blob/9d20f3081c9074d5b012427e5572ebc03da8d95d/internal/database/sqlcommon/offset_sql_test.go
firefly,internal/database/sqlcommon/operation_sql.go,Modeled component responsibility,firefly.core.sql,https://github.com/hyperledger-firefly/firefly/blob/9d20f3081c9074d5b012427e5572ebc03da8d95d/internal/database/sqlcommon/operation_sql.go
firefly,internal/database/sqlcommon/operation_sql_test.go,Test or generated test support,,https://github.com/hyperledger-firefly/firefly/blob/9d20f3081c9074d5b012427e5572ebc03da8d95d/internal/database/sqlcommon/operation_sql_test.go
firefly,internal/database/sqlcommon/pin_sql.go,Modeled component responsibility,firefly.core.sql,https://github.com/hyperledger-firefly/firefly/blob/9d20f3081c9074d5b012427e5572ebc03da8d95d/internal/database/sqlcommon/pin_sql.go
firefly,internal/database/sqlcommon/pin_sql_test.go,Test or generated test support,,https://github.com/hyperledger-firefly/firefly/blob/9d20f3081c9074d5b012427e5572ebc03da8d95d/internal/database/sqlcommon/pin_sql_test.go
firefly,internal/database/sqlcommon/provider_mock_test.go,Test or generated test support,,https://github.com/hyperledger-firefly/firefly/blob/9d20f3081c9074d5b012427e5572ebc03da8d95d/internal/database/sqlcommon/provider_mock_test.go
firefly,internal/database/sqlcommon/provider_sqlitego_test.go,Test or generated test support,,https://github.com/hyperledger-firefly/firefly/blob/9d20f3081c9074d5b012427e5572ebc03da8d95d/internal/database/sqlcommon/provider_sqlitego_test.go
firefly,internal/database/sqlcommon/sqlcommon.go,Modeled component responsibility,firefly.core.sql,https://github.com/hyperledger-firefly/firefly/blob/9d20f3081c9074d5b012427e5572ebc03da8d95d/internal/database/sqlcommon/sqlcommon.go
firefly,internal/database/sqlcommon/sqlcommon_test.go,Test or generated test support,,https://github.com/hyperledger-firefly/firefly/blob/9d20f3081c9074d5b012427e5572ebc03da8d95d/internal/database/sqlcommon/sqlcommon_test.go
firefly,internal/database/sqlcommon/subscription_sql.go,Modeled component responsibility,firefly.core.sql,https://github.com/hyperledger-firefly/firefly/blob/9d20f3081c9074d5b012427e5572ebc03da8d95d/internal/database/sqlcommon/subscription_sql.go
firefly,internal/database/sqlcommon/subscription_sql_test.go,Test or generated test support,,https://github.com/hyperledger-firefly/firefly/blob/9d20f3081c9074d5b012427e5572ebc03da8d95d/internal/database/sqlcommon/subscription_sql_test.go
firefly,internal/database/sqlcommon/tokenapproval_sql.go,Modeled component responsibility,firefly.core.sql,https://github.com/hyperledger-firefly/firefly/blob/9d20f3081c9074d5b012427e5572ebc03da8d95d/internal/database/sqlcommon/tokenapproval_sql.go
firefly,internal/database/sqlcommon/tokenapproval_sql_test.go,Test or generated test support,,https://github.com/hyperledger-firefly/firefly/blob/9d20f3081c9074d5b012427e5572ebc03da8d95d/internal/database/sqlcommon/tokenapproval_sql_test.go
firefly,internal/database/sqlcommon/tokenbalance_sql.go,Modeled component responsibility,firefly.core.sql,https://github.com/hyperledger-firefly/firefly/blob/9d20f3081c9074d5b012427e5572ebc03da8d95d/internal/database/sqlcommon/tokenbalance_sql.go
firefly,internal/database/sqlcommon/tokenbalance_sql_test.go,Test or generated test support,,https://github.com/hyperledger-firefly/firefly/blob/9d20f3081c9074d5b012427e5572ebc03da8d95d/internal/database/sqlcommon/tokenbalance_sql_test.go
firefly,internal/database/sqlcommon/tokenpool_sql.go,Modeled component responsibility,firefly.core.sql,https://github.com/hyperledger-firefly/firefly/blob/9d20f3081c9074d5b012427e5572ebc03da8d95d/internal/database/sqlcommon/tokenpool_sql.go
firefly,internal/database/sqlcommon/tokenpool_sql_test.go,Test or generated test support,,https://github.com/hyperledger-firefly/firefly/blob/9d20f3081c9074d5b012427e5572ebc03da8d95d/internal/database/sqlcommon/tokenpool_sql_test.go
firefly,internal/database/sqlcommon/tokentransfer_sql.go,Modeled component responsibility,firefly.core.sql,https://github.com/hyperledger-firefly/firefly/blob/9d20f3081c9074d5b012427e5572ebc03da8d95d/internal/database/sqlcommon/tokentransfer_sql.go
firefly,internal/database/sqlcommon/tokentransfer_sql_test.go,Test or generated test support,,https://github.com/hyperledger-firefly/firefly/blob/9d20f3081c9074d5b012427e5572ebc03da8d95d/internal/database/sqlcommon/tokentransfer_sql_test.go
firefly,internal/database/sqlcommon/transaction_sql.go,Modeled component responsibility,firefly.core.sql,https://github.com/hyperledger-firefly/firefly/blob/9d20f3081c9074d5b012427e5572ebc03da8d95d/internal/database/sqlcommon/transaction_sql.go
firefly,internal/database/sqlcommon/transaction_sql_test.go,Test or generated test support,,https://github.com/hyperledger-firefly/firefly/blob/9d20f3081c9074d5b012427e5572ebc03da8d95d/internal/database/sqlcommon/transaction_sql_test.go
firefly,internal/database/sqlcommon/verifier_sql.go,Modeled component responsibility,firefly.core.sql,https://github.com/hyperledger-firefly/firefly/blob/9d20f3081c9074d5b012427e5572ebc03da8d95d/internal/database/sqlcommon/verifier_sql.go
firefly,internal/database/sqlcommon/verifier_sql_test.go,Test or generated test support,,https://github.com/hyperledger-firefly/firefly/blob/9d20f3081c9074d5b012427e5572ebc03da8d95d/internal/database/sqlcommon/verifier_sql_test.go
firefly,internal/database/sqlite3/config.go,Modeled component responsibility,firefly.core.sqlite,https://github.com/hyperledger-firefly/firefly/blob/9d20f3081c9074d5b012427e5572ebc03da8d95d/internal/database/sqlite3/config.go
firefly,internal/database/sqlite3/sqlite3.go,Modeled component responsibility,firefly.core.sqlite,https://github.com/hyperledger-firefly/firefly/blob/9d20f3081c9074d5b012427e5572ebc03da8d95d/internal/database/sqlite3/sqlite3.go
firefly,internal/database/sqlite3/sqlite3_test.go,Test or generated test support,,https://github.com/hyperledger-firefly/firefly/blob/9d20f3081c9074d5b012427e5572ebc03da8d95d/internal/database/sqlite3/sqlite3_test.go
firefly,internal/dataexchange/dxfactory/factory.go,Modeled component responsibility,firefly.core.dataexchange,https://github.com/hyperledger-firefly/firefly/blob/9d20f3081c9074d5b012427e5572ebc03da8d95d/internal/dataexchange/dxfactory/factory.go
firefly,internal/dataexchange/dxfactory/factory_test.go,Test or generated test support,,https://github.com/hyperledger-firefly/firefly/blob/9d20f3081c9074d5b012427e5572ebc03da8d95d/internal/dataexchange/dxfactory/factory_test.go
firefly,internal/dataexchange/ffdx/config.go,Modeled component responsibility,firefly.core.ffdx,https://github.com/hyperledger-firefly/firefly/blob/9d20f3081c9074d5b012427e5572ebc03da8d95d/internal/dataexchange/ffdx/config.go
firefly,internal/dataexchange/ffdx/dxevent.go,Modeled component responsibility,firefly.core.ffdx,https://github.com/hyperledger-firefly/firefly/blob/9d20f3081c9074d5b012427e5572ebc03da8d95d/internal/dataexchange/ffdx/dxevent.go
firefly,internal/dataexchange/ffdx/ffdx.go,Modeled component responsibility,firefly.core.ffdx,https://github.com/hyperledger-firefly/firefly/blob/9d20f3081c9074d5b012427e5572ebc03da8d95d/internal/dataexchange/ffdx/ffdx.go
firefly,internal/dataexchange/ffdx/ffdx_test.go,Test or generated test support,,https://github.com/hyperledger-firefly/firefly/blob/9d20f3081c9074d5b012427e5572ebc03da8d95d/internal/dataexchange/ffdx/ffdx_test.go
firefly,internal/definitions/handler.go,Modeled component responsibility,firefly.core.definitions,https://github.com/hyperledger-firefly/firefly/blob/9d20f3081c9074d5b012427e5572ebc03da8d95d/internal/definitions/handler.go
firefly,internal/definitions/handler_contracts.go,Modeled component responsibility,firefly.core.definitions,https://github.com/hyperledger-firefly/firefly/blob/9d20f3081c9074d5b012427e5572ebc03da8d95d/internal/definitions/handler_contracts.go
firefly,internal/definitions/handler_contracts_test.go,Test or generated test support,,https://github.com/hyperledger-firefly/firefly/blob/9d20f3081c9074d5b012427e5572ebc03da8d95d/internal/definitions/handler_contracts_test.go
firefly,internal/definitions/handler_datatype.go,Modeled component responsibility,firefly.core.definitions,https://github.com/hyperledger-firefly/firefly/blob/9d20f3081c9074d5b012427e5572ebc03da8d95d/internal/definitions/handler_datatype.go
firefly,internal/definitions/handler_datatype_test.go,Test or generated test support,,https://github.com/hyperledger-firefly/firefly/blob/9d20f3081c9074d5b012427e5572ebc03da8d95d/internal/definitions/handler_datatype_test.go
firefly,internal/definitions/handler_identity_claim.go,Modeled component responsibility,firefly.core.definitions,https://github.com/hyperledger-firefly/firefly/blob/9d20f3081c9074d5b012427e5572ebc03da8d95d/internal/definitions/handler_identity_claim.go
firefly,internal/definitions/handler_identity_claim_test.go,Test or generated test support,,https://github.com/hyperledger-firefly/firefly/blob/9d20f3081c9074d5b012427e5572ebc03da8d95d/internal/definitions/handler_identity_claim_test.go
firefly,internal/definitions/handler_identity_update.go,Modeled component responsibility,firefly.core.definitions,https://github.com/hyperledger-firefly/firefly/blob/9d20f3081c9074d5b012427e5572ebc03da8d95d/internal/definitions/handler_identity_update.go
firefly,internal/definitions/handler_identity_update_test.go,Test or generated test support,,https://github.com/hyperledger-firefly/firefly/blob/9d20f3081c9074d5b012427e5572ebc03da8d95d/internal/definitions/handler_identity_update_test.go
firefly,internal/definitions/handler_identity_verification.go,Modeled component responsibility,firefly.core.definitions,https://github.com/hyperledger-firefly/firefly/blob/9d20f3081c9074d5b012427e5572ebc03da8d95d/internal/definitions/handler_identity_verification.go
firefly,internal/definitions/handler_identity_verification_test.go,Test or generated test support,,https://github.com/hyperledger-firefly/firefly/blob/9d20f3081c9074d5b012427e5572ebc03da8d95d/internal/definitions/handler_identity_verification_test.go
firefly,internal/definitions/handler_network_node.go,Modeled component responsibility,firefly.core.definitions,https://github.com/hyperledger-firefly/firefly/blob/9d20f3081c9074d5b012427e5572ebc03da8d95d/internal/definitions/handler_network_node.go
firefly,internal/definitions/handler_network_node_test.go,Test or generated test support,,https://github.com/hyperledger-firefly/firefly/blob/9d20f3081c9074d5b012427e5572ebc03da8d95d/internal/definitions/handler_network_node_test.go
firefly,internal/definitions/handler_network_org.go,Modeled component responsibility,firefly.core.definitions,https://github.com/hyperledger-firefly/firefly/blob/9d20f3081c9074d5b012427e5572ebc03da8d95d/internal/definitions/handler_network_org.go
firefly,internal/definitions/handler_network_org_test.go,Test or generated test support,,https://github.com/hyperledger-firefly/firefly/blob/9d20f3081c9074d5b012427e5572ebc03da8d95d/internal/definitions/handler_network_org_test.go
firefly,internal/definitions/handler_test.go,Test or generated test support,,https://github.com/hyperledger-firefly/firefly/blob/9d20f3081c9074d5b012427e5572ebc03da8d95d/internal/definitions/handler_test.go
firefly,internal/definitions/handler_tokenpool.go,Modeled component responsibility,firefly.core.definitions,https://github.com/hyperledger-firefly/firefly/blob/9d20f3081c9074d5b012427e5572ebc03da8d95d/internal/definitions/handler_tokenpool.go
firefly,internal/definitions/handler_tokenpool_test.go,Test or generated test support,,https://github.com/hyperledger-firefly/firefly/blob/9d20f3081c9074d5b012427e5572ebc03da8d95d/internal/definitions/handler_tokenpool_test.go
firefly,internal/definitions/sender.go,Modeled component responsibility,firefly.core.definitions,https://github.com/hyperledger-firefly/firefly/blob/9d20f3081c9074d5b012427e5572ebc03da8d95d/internal/definitions/sender.go
firefly,internal/definitions/sender_contracts.go,Modeled component responsibility,firefly.core.definitions,https://github.com/hyperledger-firefly/firefly/blob/9d20f3081c9074d5b012427e5572ebc03da8d95d/internal/definitions/sender_contracts.go
firefly,internal/definitions/sender_contracts_test.go,Test or generated test support,,https://github.com/hyperledger-firefly/firefly/blob/9d20f3081c9074d5b012427e5572ebc03da8d95d/internal/definitions/sender_contracts_test.go
firefly,internal/definitions/sender_datatype.go,Modeled component responsibility,firefly.core.definitions,https://github.com/hyperledger-firefly/firefly/blob/9d20f3081c9074d5b012427e5572ebc03da8d95d/internal/definitions/sender_datatype.go
firefly,internal/definitions/sender_datatype_test.go,Test or generated test support,,https://github.com/hyperledger-firefly/firefly/blob/9d20f3081c9074d5b012427e5572ebc03da8d95d/internal/definitions/sender_datatype_test.go
firefly,internal/definitions/sender_identity.go,Modeled component responsibility,firefly.core.definitions,https://github.com/hyperledger-firefly/firefly/blob/9d20f3081c9074d5b012427e5572ebc03da8d95d/internal/definitions/sender_identity.go
firefly,internal/definitions/sender_identity_test.go,Test or generated test support,,https://github.com/hyperledger-firefly/firefly/blob/9d20f3081c9074d5b012427e5572ebc03da8d95d/internal/definitions/sender_identity_test.go
firefly,internal/definitions/sender_test.go,Test or generated test support,,https://github.com/hyperledger-firefly/firefly/blob/9d20f3081c9074d5b012427e5572ebc03da8d95d/internal/definitions/sender_test.go
firefly,internal/definitions/sender_tokenpool.go,Modeled component responsibility,firefly.core.definitions,https://github.com/hyperledger-firefly/firefly/blob/9d20f3081c9074d5b012427e5572ebc03da8d95d/internal/definitions/sender_tokenpool.go
firefly,internal/definitions/sender_tokenpool_test.go,Test or generated test support,,https://github.com/hyperledger-firefly/firefly/blob/9d20f3081c9074d5b012427e5572ebc03da8d95d/internal/definitions/sender_tokenpool_test.go
firefly,internal/events/aggregator.go,Modeled component responsibility,firefly.core.aggregator,https://github.com/hyperledger-firefly/firefly/blob/9d20f3081c9074d5b012427e5572ebc03da8d95d/internal/events/aggregator.go
firefly,internal/events/aggregator_batch_state.go,Modeled component responsibility,firefly.core.eventplugin,https://github.com/hyperledger-firefly/firefly/blob/9d20f3081c9074d5b012427e5572ebc03da8d95d/internal/events/aggregator_batch_state.go
firefly,internal/events/aggregator_batch_state_test.go,Test or generated test support,,https://github.com/hyperledger-firefly/firefly/blob/9d20f3081c9074d5b012427e5572ebc03da8d95d/internal/events/aggregator_batch_state_test.go
firefly,internal/events/aggregator_rewind.go,Modeled component responsibility,firefly.core.eventplugin,https://github.com/hyperledger-firefly/firefly/blob/9d20f3081c9074d5b012427e5572ebc03da8d95d/internal/events/aggregator_rewind.go
firefly,internal/events/aggregator_rewind_test.go,Test or generated test support,,https://github.com/hyperledger-firefly/firefly/blob/9d20f3081c9074d5b012427e5572ebc03da8d95d/internal/events/aggregator_rewind_test.go
firefly,internal/events/aggregator_test.go,Test or generated test support,,https://github.com/hyperledger-firefly/firefly/blob/9d20f3081c9074d5b012427e5572ebc03da8d95d/internal/events/aggregator_test.go
firefly,internal/events/batch_pin_complete.go,Modeled component responsibility,firefly.core.eventplugin,https://github.com/hyperledger-firefly/firefly/blob/9d20f3081c9074d5b012427e5572ebc03da8d95d/internal/events/batch_pin_complete.go
firefly,internal/events/batch_pin_complete_test.go,Test or generated test support,,https://github.com/hyperledger-firefly/firefly/blob/9d20f3081c9074d5b012427e5572ebc03da8d95d/internal/events/batch_pin_complete_test.go
firefly,internal/events/blob_receiver.go,Modeled component responsibility,firefly.core.eventplugin,https://github.com/hyperledger-firefly/firefly/blob/9d20f3081c9074d5b012427e5572ebc03da8d95d/internal/events/blob_receiver.go
firefly,internal/events/blob_receiver_test.go,Test or generated test support,,https://github.com/hyperledger-firefly/firefly/blob/9d20f3081c9074d5b012427e5572ebc03da8d95d/internal/events/blob_receiver_test.go
firefly,internal/events/blockchain_event.go,Modeled component responsibility,firefly.core.eventplugin,https://github.com/hyperledger-firefly/firefly/blob/9d20f3081c9074d5b012427e5572ebc03da8d95d/internal/events/blockchain_event.go
firefly,internal/events/blockchain_event_test.go,Test or generated test support,,https://github.com/hyperledger-firefly/firefly/blob/9d20f3081c9074d5b012427e5572ebc03da8d95d/internal/events/blockchain_event_test.go
firefly,internal/events/bound_events_callbacks.go,Modeled component responsibility,firefly.core.eventplugin,https://github.com/hyperledger-firefly/firefly/blob/9d20f3081c9074d5b012427e5572ebc03da8d95d/internal/events/bound_events_callbacks.go
firefly,internal/events/dx_callbacks.go,Modeled component responsibility,firefly.core.eventplugin,https://github.com/hyperledger-firefly/firefly/blob/9d20f3081c9074d5b012427e5572ebc03da8d95d/internal/events/dx_callbacks.go
firefly,internal/events/dx_callbacks_test.go,Test or generated test support,,https://github.com/hyperledger-firefly/firefly/blob/9d20f3081c9074d5b012427e5572ebc03da8d95d/internal/events/dx_callbacks_test.go
firefly,internal/events/eifactory/factory.go,Modeled component responsibility,firefly.core.eventplugin,https://github.com/hyperledger-firefly/firefly/blob/9d20f3081c9074d5b012427e5572ebc03da8d95d/internal/events/eifactory/factory.go
firefly,internal/events/eifactory/factory_test.go,Test or generated test support,,https://github.com/hyperledger-firefly/firefly/blob/9d20f3081c9074d5b012427e5572ebc03da8d95d/internal/events/eifactory/factory_test.go
firefly,internal/events/event_dispatcher.go,Modeled component responsibility,firefly.core.dispatcher,https://github.com/hyperledger-firefly/firefly/blob/9d20f3081c9074d5b012427e5572ebc03da8d95d/internal/events/event_dispatcher.go
firefly,internal/events/event_dispatcher_test.go,Test or generated test support,,https://github.com/hyperledger-firefly/firefly/blob/9d20f3081c9074d5b012427e5572ebc03da8d95d/internal/events/event_dispatcher_test.go
firefly,internal/events/event_enrich.go,Modeled component responsibility,firefly.core.eventplugin,https://github.com/hyperledger-firefly/firefly/blob/9d20f3081c9074d5b012427e5572ebc03da8d95d/internal/events/event_enrich.go
firefly,internal/events/event_enrich_test.go,Test or generated test support,,https://github.com/hyperledger-firefly/firefly/blob/9d20f3081c9074d5b012427e5572ebc03da8d95d/internal/events/event_enrich_test.go
firefly,internal/events/event_manager.go,Modeled component responsibility,firefly.core.eventplugin,https://github.com/hyperledger-firefly/firefly/blob/9d20f3081c9074d5b012427e5572ebc03da8d95d/internal/events/event_manager.go
firefly,internal/events/event_manager_test.go,Test or generated test support,,https://github.com/hyperledger-firefly/firefly/blob/9d20f3081c9074d5b012427e5572ebc03da8d95d/internal/events/event_manager_test.go
firefly,internal/events/event_notifier.go,Modeled component responsibility,firefly.core.eventplugin,https://github.com/hyperledger-firefly/firefly/blob/9d20f3081c9074d5b012427e5572ebc03da8d95d/internal/events/event_notifier.go
firefly,internal/events/event_notifier_test.go,Test or generated test support,,https://github.com/hyperledger-firefly/firefly/blob/9d20f3081c9074d5b012427e5572ebc03da8d95d/internal/events/event_notifier_test.go
firefly,internal/events/event_poller.go,Modeled component responsibility,firefly.core.eventplugin,https://github.com/hyperledger-firefly/firefly/blob/9d20f3081c9074d5b012427e5572ebc03da8d95d/internal/events/event_poller.go
firefly,internal/events/event_poller_test.go,Test or generated test support,,https://github.com/hyperledger-firefly/firefly/blob/9d20f3081c9074d5b012427e5572ebc03da8d95d/internal/events/event_poller_test.go
firefly,internal/events/network_action.go,Modeled component responsibility,firefly.core.eventplugin,https://github.com/hyperledger-firefly/firefly/blob/9d20f3081c9074d5b012427e5572ebc03da8d95d/internal/events/network_action.go
firefly,internal/events/network_action_test.go,Test or generated test support,,https://github.com/hyperledger-firefly/firefly/blob/9d20f3081c9074d5b012427e5572ebc03da8d95d/internal/events/network_action_test.go
firefly,internal/events/offset_calc.go,Modeled component responsibility,firefly.core.eventplugin,https://github.com/hyperledger-firefly/firefly/blob/9d20f3081c9074d5b012427e5572ebc03da8d95d/internal/events/offset_calc.go
firefly,internal/events/persist_batch.go,Modeled component responsibility,firefly.core.eventplugin,https://github.com/hyperledger-firefly/firefly/blob/9d20f3081c9074d5b012427e5572ebc03da8d95d/internal/events/persist_batch.go
firefly,internal/events/persist_batch_test.go,Test or generated test support,,https://github.com/hyperledger-firefly/firefly/blob/9d20f3081c9074d5b012427e5572ebc03da8d95d/internal/events/persist_batch_test.go
firefly,internal/events/reply_sender.go,Modeled component responsibility,firefly.core.eventplugin,https://github.com/hyperledger-firefly/firefly/blob/9d20f3081c9074d5b012427e5572ebc03da8d95d/internal/events/reply_sender.go
firefly,internal/events/reply_sender_test.go,Test or generated test support,,https://github.com/hyperledger-firefly/firefly/blob/9d20f3081c9074d5b012427e5572ebc03da8d95d/internal/events/reply_sender_test.go
firefly,internal/events/ss_callbacks.go,Modeled component responsibility,firefly.core.eventplugin,https://github.com/hyperledger-firefly/firefly/blob/9d20f3081c9074d5b012427e5572ebc03da8d95d/internal/events/ss_callbacks.go
firefly,internal/events/ss_callbacks_test.go,Test or generated test support,,https://github.com/hyperledger-firefly/firefly/blob/9d20f3081c9074d5b012427e5572ebc03da8d95d/internal/events/ss_callbacks_test.go
firefly,internal/events/subscription_manager.go,Modeled component responsibility,firefly.core.subscriptions,https://github.com/hyperledger-firefly/firefly/blob/9d20f3081c9074d5b012427e5572ebc03da8d95d/internal/events/subscription_manager.go
firefly,internal/events/subscription_manager_test.go,Test or generated test support,,https://github.com/hyperledger-firefly/firefly/blob/9d20f3081c9074d5b012427e5572ebc03da8d95d/internal/events/subscription_manager_test.go
firefly,internal/events/system/config.go,Modeled component responsibility,firefly.core.systemEvents,https://github.com/hyperledger-firefly/firefly/blob/9d20f3081c9074d5b012427e5572ebc03da8d95d/internal/events/system/config.go
firefly,internal/events/system/events.go,Modeled component responsibility,firefly.core.systemEvents,https://github.com/hyperledger-firefly/firefly/blob/9d20f3081c9074d5b012427e5572ebc03da8d95d/internal/events/system/events.go
firefly,internal/events/system/events_test.go,Test or generated test support,,https://github.com/hyperledger-firefly/firefly/blob/9d20f3081c9074d5b012427e5572ebc03da8d95d/internal/events/system/events_test.go
firefly,internal/events/token_pool_created.go,Modeled component responsibility,firefly.core.eventplugin,https://github.com/hyperledger-firefly/firefly/blob/9d20f3081c9074d5b012427e5572ebc03da8d95d/internal/events/token_pool_created.go
firefly,internal/events/token_pool_created_test.go,Test or generated test support,,https://github.com/hyperledger-firefly/firefly/blob/9d20f3081c9074d5b012427e5572ebc03da8d95d/internal/events/token_pool_created_test.go
firefly,internal/events/tokens_approved.go,Modeled component responsibility,firefly.core.eventplugin,https://github.com/hyperledger-firefly/firefly/blob/9d20f3081c9074d5b012427e5572ebc03da8d95d/internal/events/tokens_approved.go
firefly,internal/events/tokens_approved_test.go,Test or generated test support,,https://github.com/hyperledger-firefly/firefly/blob/9d20f3081c9074d5b012427e5572ebc03da8d95d/internal/events/tokens_approved_test.go
firefly,internal/events/tokens_transferred.go,Modeled component responsibility,firefly.core.eventplugin,https://github.com/hyperledger-firefly/firefly/blob/9d20f3081c9074d5b012427e5572ebc03da8d95d/internal/events/tokens_transferred.go
firefly,internal/events/tokens_transferred_test.go,Test or generated test support,,https://github.com/hyperledger-firefly/firefly/blob/9d20f3081c9074d5b012427e5572ebc03da8d95d/internal/events/tokens_transferred_test.go
firefly,internal/events/webhooks/config.go,Modeled component responsibility,firefly.core.webhooks,https://github.com/hyperledger-firefly/firefly/blob/9d20f3081c9074d5b012427e5572ebc03da8d95d/internal/events/webhooks/config.go
firefly,internal/events/webhooks/webhooks.go,Modeled component responsibility,firefly.core.webhooks,https://github.com/hyperledger-firefly/firefly/blob/9d20f3081c9074d5b012427e5572ebc03da8d95d/internal/events/webhooks/webhooks.go
firefly,internal/events/webhooks/webhooks_test.go,Test or generated test support,,https://github.com/hyperledger-firefly/firefly/blob/9d20f3081c9074d5b012427e5572ebc03da8d95d/internal/events/webhooks/webhooks_test.go
firefly,internal/events/websockets/config.go,Modeled component responsibility,firefly.core.websockets,https://github.com/hyperledger-firefly/firefly/blob/9d20f3081c9074d5b012427e5572ebc03da8d95d/internal/events/websockets/config.go
firefly,internal/events/websockets/websocket_connection.go,Modeled component responsibility,firefly.core.websockets,https://github.com/hyperledger-firefly/firefly/blob/9d20f3081c9074d5b012427e5572ebc03da8d95d/internal/events/websockets/websocket_connection.go
firefly,internal/events/websockets/websockets.go,Modeled component responsibility,firefly.core.websockets,https://github.com/hyperledger-firefly/firefly/blob/9d20f3081c9074d5b012427e5572ebc03da8d95d/internal/events/websockets/websockets.go
firefly,internal/events/websockets/websockets_test.go,Test or generated test support,,https://github.com/hyperledger-firefly/firefly/blob/9d20f3081c9074d5b012427e5572ebc03da8d95d/internal/events/websockets/websockets_test.go
firefly,internal/identity/identitymanager.go,Modeled component responsibility,firefly.core.identity,https://github.com/hyperledger-firefly/firefly/blob/9d20f3081c9074d5b012427e5572ebc03da8d95d/internal/identity/identitymanager.go
firefly,internal/identity/identitymanager_test.go,Test or generated test support,,https://github.com/hyperledger-firefly/firefly/blob/9d20f3081c9074d5b012427e5572ebc03da8d95d/internal/identity/identitymanager_test.go
firefly,internal/identity/iifactory/factory.go,Modeled component responsibility,firefly.core.identity,https://github.com/hyperledger-firefly/firefly/blob/9d20f3081c9074d5b012427e5572ebc03da8d95d/internal/identity/iifactory/factory.go
firefly,internal/identity/iifactory/factory_test.go,Test or generated test support,,https://github.com/hyperledger-firefly/firefly/blob/9d20f3081c9074d5b012427e5572ebc03da8d95d/internal/identity/iifactory/factory_test.go
firefly,internal/identity/tbd/config.go,Modeled component responsibility,firefly.core.identityplugin,https://github.com/hyperledger-firefly/firefly/blob/9d20f3081c9074d5b012427e5572ebc03da8d95d/internal/identity/tbd/config.go
firefly,internal/identity/tbd/tbd.go,Modeled component responsibility,firefly.core.identityplugin,https://github.com/hyperledger-firefly/firefly/blob/9d20f3081c9074d5b012427e5572ebc03da8d95d/internal/identity/tbd/tbd.go
firefly,internal/identity/tbd/tbd_test.go,Test or generated test support,,https://github.com/hyperledger-firefly/firefly/blob/9d20f3081c9074d5b012427e5572ebc03da8d95d/internal/identity/tbd/tbd_test.go
firefly,internal/metrics/batch_pin.go,Modeled component responsibility,firefly.core.metrics,https://github.com/hyperledger-firefly/firefly/blob/9d20f3081c9074d5b012427e5572ebc03da8d95d/internal/metrics/batch_pin.go
firefly,internal/metrics/broadcast.go,Modeled component responsibility,firefly.core.metrics,https://github.com/hyperledger-firefly/firefly/blob/9d20f3081c9074d5b012427e5572ebc03da8d95d/internal/metrics/broadcast.go
firefly,internal/metrics/contracts.go,Modeled component responsibility,firefly.core.metrics,https://github.com/hyperledger-firefly/firefly/blob/9d20f3081c9074d5b012427e5572ebc03da8d95d/internal/metrics/contracts.go
firefly,internal/metrics/identity.go,Modeled component responsibility,firefly.core.metrics,https://github.com/hyperledger-firefly/firefly/blob/9d20f3081c9074d5b012427e5572ebc03da8d95d/internal/metrics/identity.go
firefly,internal/metrics/metrics.go,Modeled component responsibility,firefly.core.metrics,https://github.com/hyperledger-firefly/firefly/blob/9d20f3081c9074d5b012427e5572ebc03da8d95d/internal/metrics/metrics.go
firefly,internal/metrics/metrics_test.go,Test or generated test support,,https://github.com/hyperledger-firefly/firefly/blob/9d20f3081c9074d5b012427e5572ebc03da8d95d/internal/metrics/metrics_test.go
firefly,internal/metrics/private_msg.go,Modeled component responsibility,firefly.core.metrics,https://github.com/hyperledger-firefly/firefly/blob/9d20f3081c9074d5b012427e5572ebc03da8d95d/internal/metrics/private_msg.go
firefly,internal/metrics/prometheus.go,Modeled component responsibility,firefly.core.metrics,https://github.com/hyperledger-firefly/firefly/blob/9d20f3081c9074d5b012427e5572ebc03da8d95d/internal/metrics/prometheus.go
firefly,internal/metrics/prometheus_test.go,Test or generated test support,,https://github.com/hyperledger-firefly/firefly/blob/9d20f3081c9074d5b012427e5572ebc03da8d95d/internal/metrics/prometheus_test.go
firefly,internal/metrics/token_burn.go,Modeled component responsibility,firefly.core.metrics,https://github.com/hyperledger-firefly/firefly/blob/9d20f3081c9074d5b012427e5572ebc03da8d95d/internal/metrics/token_burn.go
firefly,internal/metrics/token_mint.go,Modeled component responsibility,firefly.core.metrics,https://github.com/hyperledger-firefly/firefly/blob/9d20f3081c9074d5b012427e5572ebc03da8d95d/internal/metrics/token_mint.go
firefly,internal/metrics/token_transfer.go,Modeled component responsibility,firefly.core.metrics,https://github.com/hyperledger-firefly/firefly/blob/9d20f3081c9074d5b012427e5572ebc03da8d95d/internal/metrics/token_transfer.go
firefly,internal/multiparty/manager.go,Modeled component responsibility,firefly.core.multiparty,https://github.com/hyperledger-firefly/firefly/blob/9d20f3081c9074d5b012427e5572ebc03da8d95d/internal/multiparty/manager.go
firefly,internal/multiparty/manager_test.go,Test or generated test support,,https://github.com/hyperledger-firefly/firefly/blob/9d20f3081c9074d5b012427e5572ebc03da8d95d/internal/multiparty/manager_test.go
firefly,internal/multiparty/operations.go,Modeled component responsibility,firefly.core.multiparty,https://github.com/hyperledger-firefly/firefly/blob/9d20f3081c9074d5b012427e5572ebc03da8d95d/internal/multiparty/operations.go
firefly,internal/multiparty/operations_test.go,Test or generated test support,,https://github.com/hyperledger-firefly/firefly/blob/9d20f3081c9074d5b012427e5572ebc03da8d95d/internal/multiparty/operations_test.go
firefly,internal/namespace/config.go,Modeled component responsibility,firefly.core.namespaces,https://github.com/hyperledger-firefly/firefly/blob/9d20f3081c9074d5b012427e5572ebc03da8d95d/internal/namespace/config.go
firefly,internal/namespace/configreload.go,Modeled component responsibility,firefly.core.namespaces,https://github.com/hyperledger-firefly/firefly/blob/9d20f3081c9074d5b012427e5572ebc03da8d95d/internal/namespace/configreload.go
firefly,internal/namespace/configreload_test.go,Test or generated test support,,https://github.com/hyperledger-firefly/firefly/blob/9d20f3081c9074d5b012427e5572ebc03da8d95d/internal/namespace/configreload_test.go
firefly,internal/namespace/manager.go,Modeled component responsibility,firefly.core.namespaces,https://github.com/hyperledger-firefly/firefly/blob/9d20f3081c9074d5b012427e5572ebc03da8d95d/internal/namespace/manager.go
firefly,internal/namespace/manager_test.go,Test or generated test support,,https://github.com/hyperledger-firefly/firefly/blob/9d20f3081c9074d5b012427e5572ebc03da8d95d/internal/namespace/manager_test.go
firefly,internal/namespace/persistence_events.go,Modeled component responsibility,firefly.core.namespaces,https://github.com/hyperledger-firefly/firefly/blob/9d20f3081c9074d5b012427e5572ebc03da8d95d/internal/namespace/persistence_events.go
firefly,internal/namespace/persistence_events_test.go,Test or generated test support,,https://github.com/hyperledger-firefly/firefly/blob/9d20f3081c9074d5b012427e5572ebc03da8d95d/internal/namespace/persistence_events_test.go
firefly,internal/networkmap/check_node.go,Modeled component responsibility,firefly.core.networkmap,https://github.com/hyperledger-firefly/firefly/blob/9d20f3081c9074d5b012427e5572ebc03da8d95d/internal/networkmap/check_node.go
firefly,internal/networkmap/check_node_test.go,Test or generated test support,,https://github.com/hyperledger-firefly/firefly/blob/9d20f3081c9074d5b012427e5572ebc03da8d95d/internal/networkmap/check_node_test.go
firefly,internal/networkmap/data_query.go,Modeled component responsibility,firefly.core.networkmap,https://github.com/hyperledger-firefly/firefly/blob/9d20f3081c9074d5b012427e5572ebc03da8d95d/internal/networkmap/data_query.go
firefly,internal/networkmap/data_query_test.go,Test or generated test support,,https://github.com/hyperledger-firefly/firefly/blob/9d20f3081c9074d5b012427e5572ebc03da8d95d/internal/networkmap/data_query_test.go
firefly,internal/networkmap/did.go,Modeled component responsibility,firefly.core.networkmap,https://github.com/hyperledger-firefly/firefly/blob/9d20f3081c9074d5b012427e5572ebc03da8d95d/internal/networkmap/did.go
firefly,internal/networkmap/did_test.go,Test or generated test support,,https://github.com/hyperledger-firefly/firefly/blob/9d20f3081c9074d5b012427e5572ebc03da8d95d/internal/networkmap/did_test.go
firefly,internal/networkmap/manager.go,Modeled component responsibility,firefly.core.networkmap,https://github.com/hyperledger-firefly/firefly/blob/9d20f3081c9074d5b012427e5572ebc03da8d95d/internal/networkmap/manager.go
firefly,internal/networkmap/manager_test.go,Test or generated test support,,https://github.com/hyperledger-firefly/firefly/blob/9d20f3081c9074d5b012427e5572ebc03da8d95d/internal/networkmap/manager_test.go
firefly,internal/networkmap/register_identity.go,Modeled component responsibility,firefly.core.networkmap,https://github.com/hyperledger-firefly/firefly/blob/9d20f3081c9074d5b012427e5572ebc03da8d95d/internal/networkmap/register_identity.go
firefly,internal/networkmap/register_identity_test.go,Test or generated test support,,https://github.com/hyperledger-firefly/firefly/blob/9d20f3081c9074d5b012427e5572ebc03da8d95d/internal/networkmap/register_identity_test.go
firefly,internal/networkmap/register_node.go,Modeled component responsibility,firefly.core.networkmap,https://github.com/hyperledger-firefly/firefly/blob/9d20f3081c9074d5b012427e5572ebc03da8d95d/internal/networkmap/register_node.go
firefly,internal/networkmap/register_node_test.go,Test or generated test support,,https://github.com/hyperledger-firefly/firefly/blob/9d20f3081c9074d5b012427e5572ebc03da8d95d/internal/networkmap/register_node_test.go
firefly,internal/networkmap/register_org.go,Modeled component responsibility,firefly.core.networkmap,https://github.com/hyperledger-firefly/firefly/blob/9d20f3081c9074d5b012427e5572ebc03da8d95d/internal/networkmap/register_org.go
firefly,internal/networkmap/register_org_test.go,Test or generated test support,,https://github.com/hyperledger-firefly/firefly/blob/9d20f3081c9074d5b012427e5572ebc03da8d95d/internal/networkmap/register_org_test.go
firefly,internal/networkmap/update_identity.go,Modeled component responsibility,firefly.core.networkmap,https://github.com/hyperledger-firefly/firefly/blob/9d20f3081c9074d5b012427e5572ebc03da8d95d/internal/networkmap/update_identity.go
firefly,internal/networkmap/update_identity_test.go,Test or generated test support,,https://github.com/hyperledger-firefly/firefly/blob/9d20f3081c9074d5b012427e5572ebc03da8d95d/internal/networkmap/update_identity_test.go
firefly,internal/operations/context.go,Modeled component responsibility,firefly.core.operations,https://github.com/hyperledger-firefly/firefly/blob/9d20f3081c9074d5b012427e5572ebc03da8d95d/internal/operations/context.go
firefly,internal/operations/context_test.go,Test or generated test support,,https://github.com/hyperledger-firefly/firefly/blob/9d20f3081c9074d5b012427e5572ebc03da8d95d/internal/operations/context_test.go
firefly,internal/operations/manager.go,Modeled component responsibility,firefly.core.operations,https://github.com/hyperledger-firefly/firefly/blob/9d20f3081c9074d5b012427e5572ebc03da8d95d/internal/operations/manager.go
firefly,internal/operations/manager_test.go,Test or generated test support,,https://github.com/hyperledger-firefly/firefly/blob/9d20f3081c9074d5b012427e5572ebc03da8d95d/internal/operations/manager_test.go
firefly,internal/operations/operation_updater.go,Modeled component responsibility,firefly.core.operations,https://github.com/hyperledger-firefly/firefly/blob/9d20f3081c9074d5b012427e5572ebc03da8d95d/internal/operations/operation_updater.go
firefly,internal/operations/operation_updater_test.go,Test or generated test support,,https://github.com/hyperledger-firefly/firefly/blob/9d20f3081c9074d5b012427e5572ebc03da8d95d/internal/operations/operation_updater_test.go
firefly,internal/orchestrator/bound_callbacks.go,Modeled component responsibility,firefly.core.orchestrator,https://github.com/hyperledger-firefly/firefly/blob/9d20f3081c9074d5b012427e5572ebc03da8d95d/internal/orchestrator/bound_callbacks.go
firefly,internal/orchestrator/bound_callbacks_test.go,Test or generated test support,,https://github.com/hyperledger-firefly/firefly/blob/9d20f3081c9074d5b012427e5572ebc03da8d95d/internal/orchestrator/bound_callbacks_test.go
firefly,internal/orchestrator/chart.go,Modeled component responsibility,firefly.core.orchestrator,https://github.com/hyperledger-firefly/firefly/blob/9d20f3081c9074d5b012427e5572ebc03da8d95d/internal/orchestrator/chart.go
firefly,internal/orchestrator/chart_test.go,Test or generated test support,,https://github.com/hyperledger-firefly/firefly/blob/9d20f3081c9074d5b012427e5572ebc03da8d95d/internal/orchestrator/chart_test.go
firefly,internal/orchestrator/data_query.go,Modeled component responsibility,firefly.core.orchestrator,https://github.com/hyperledger-firefly/firefly/blob/9d20f3081c9074d5b012427e5572ebc03da8d95d/internal/orchestrator/data_query.go
firefly,internal/orchestrator/data_query_test.go,Test or generated test support,,https://github.com/hyperledger-firefly/firefly/blob/9d20f3081c9074d5b012427e5572ebc03da8d95d/internal/orchestrator/data_query_test.go
firefly,internal/orchestrator/message.go,Modeled component responsibility,firefly.core.orchestrator,https://github.com/hyperledger-firefly/firefly/blob/9d20f3081c9074d5b012427e5572ebc03da8d95d/internal/orchestrator/message.go
firefly,internal/orchestrator/message_test.go,Test or generated test support,,https://github.com/hyperledger-firefly/firefly/blob/9d20f3081c9074d5b012427e5572ebc03da8d95d/internal/orchestrator/message_test.go
firefly,internal/orchestrator/orchestrator.go,Modeled component responsibility,firefly.core.orchestrator,https://github.com/hyperledger-firefly/firefly/blob/9d20f3081c9074d5b012427e5572ebc03da8d95d/internal/orchestrator/orchestrator.go
firefly,internal/orchestrator/orchestrator_test.go,Test or generated test support,,https://github.com/hyperledger-firefly/firefly/blob/9d20f3081c9074d5b012427e5572ebc03da8d95d/internal/orchestrator/orchestrator_test.go
firefly,internal/orchestrator/persistence_events.go,Modeled component responsibility,firefly.core.orchestrator,https://github.com/hyperledger-firefly/firefly/blob/9d20f3081c9074d5b012427e5572ebc03da8d95d/internal/orchestrator/persistence_events.go
firefly,internal/orchestrator/persistence_events_test.go,Test or generated test support,,https://github.com/hyperledger-firefly/firefly/blob/9d20f3081c9074d5b012427e5572ebc03da8d95d/internal/orchestrator/persistence_events_test.go
firefly,internal/orchestrator/status.go,Modeled component responsibility,firefly.core.orchestrator,https://github.com/hyperledger-firefly/firefly/blob/9d20f3081c9074d5b012427e5572ebc03da8d95d/internal/orchestrator/status.go
firefly,internal/orchestrator/status_test.go,Test or generated test support,,https://github.com/hyperledger-firefly/firefly/blob/9d20f3081c9074d5b012427e5572ebc03da8d95d/internal/orchestrator/status_test.go
firefly,internal/orchestrator/subscriptions.go,Modeled component responsibility,firefly.core.orchestrator,https://github.com/hyperledger-firefly/firefly/blob/9d20f3081c9074d5b012427e5572ebc03da8d95d/internal/orchestrator/subscriptions.go
firefly,internal/orchestrator/subscriptions_test.go,Test or generated test support,,https://github.com/hyperledger-firefly/firefly/blob/9d20f3081c9074d5b012427e5572ebc03da8d95d/internal/orchestrator/subscriptions_test.go
firefly,internal/orchestrator/txn_status.go,Modeled component responsibility,firefly.core.orchestrator,https://github.com/hyperledger-firefly/firefly/blob/9d20f3081c9074d5b012427e5572ebc03da8d95d/internal/orchestrator/txn_status.go
firefly,internal/orchestrator/txn_status_test.go,Test or generated test support,,https://github.com/hyperledger-firefly/firefly/blob/9d20f3081c9074d5b012427e5572ebc03da8d95d/internal/orchestrator/txn_status_test.go
firefly,internal/privatemessaging/groupmanager.go,Modeled component responsibility,firefly.core.private,https://github.com/hyperledger-firefly/firefly/blob/9d20f3081c9074d5b012427e5572ebc03da8d95d/internal/privatemessaging/groupmanager.go
firefly,internal/privatemessaging/groupmanager_test.go,Test or generated test support,,https://github.com/hyperledger-firefly/firefly/blob/9d20f3081c9074d5b012427e5572ebc03da8d95d/internal/privatemessaging/groupmanager_test.go
firefly,internal/privatemessaging/message.go,Modeled component responsibility,firefly.core.private,https://github.com/hyperledger-firefly/firefly/blob/9d20f3081c9074d5b012427e5572ebc03da8d95d/internal/privatemessaging/message.go
firefly,internal/privatemessaging/message_test.go,Test or generated test support,,https://github.com/hyperledger-firefly/firefly/blob/9d20f3081c9074d5b012427e5572ebc03da8d95d/internal/privatemessaging/message_test.go
firefly,internal/privatemessaging/operations.go,Modeled component responsibility,firefly.core.private,https://github.com/hyperledger-firefly/firefly/blob/9d20f3081c9074d5b012427e5572ebc03da8d95d/internal/privatemessaging/operations.go
firefly,internal/privatemessaging/operations_test.go,Test or generated test support,,https://github.com/hyperledger-firefly/firefly/blob/9d20f3081c9074d5b012427e5572ebc03da8d95d/internal/privatemessaging/operations_test.go
firefly,internal/privatemessaging/privatemessaging.go,Modeled component responsibility,firefly.core.private,https://github.com/hyperledger-firefly/firefly/blob/9d20f3081c9074d5b012427e5572ebc03da8d95d/internal/privatemessaging/privatemessaging.go
firefly,internal/privatemessaging/privatemessaging_test.go,Test or generated test support,,https://github.com/hyperledger-firefly/firefly/blob/9d20f3081c9074d5b012427e5572ebc03da8d95d/internal/privatemessaging/privatemessaging_test.go
firefly,internal/privatemessaging/recipients.go,Modeled component responsibility,firefly.core.private,https://github.com/hyperledger-firefly/firefly/blob/9d20f3081c9074d5b012427e5572ebc03da8d95d/internal/privatemessaging/recipients.go
firefly,internal/privatemessaging/recipients_test.go,Test or generated test support,,https://github.com/hyperledger-firefly/firefly/blob/9d20f3081c9074d5b012427e5572ebc03da8d95d/internal/privatemessaging/recipients_test.go
firefly,internal/reference/generate_reference_test.go,Test or generated test support,,https://github.com/hyperledger-firefly/firefly/blob/9d20f3081c9074d5b012427e5572ebc03da8d95d/internal/reference/generate_reference_test.go
firefly,internal/reference/reference.go,Documentation tooling,firefly.core.api,https://github.com/hyperledger-firefly/firefly/blob/9d20f3081c9074d5b012427e5572ebc03da8d95d/internal/reference/reference.go
firefly,internal/reference/reference_test.go,Test or generated test support,,https://github.com/hyperledger-firefly/firefly/blob/9d20f3081c9074d5b012427e5572ebc03da8d95d/internal/reference/reference_test.go
firefly,internal/shareddownload/download_manager.go,Modeled component responsibility,firefly.core.download,https://github.com/hyperledger-firefly/firefly/blob/9d20f3081c9074d5b012427e5572ebc03da8d95d/internal/shareddownload/download_manager.go
firefly,internal/shareddownload/download_manager_test.go,Test or generated test support,,https://github.com/hyperledger-firefly/firefly/blob/9d20f3081c9074d5b012427e5572ebc03da8d95d/internal/shareddownload/download_manager_test.go
firefly,internal/shareddownload/download_worker.go,Modeled component responsibility,firefly.core.download,https://github.com/hyperledger-firefly/firefly/blob/9d20f3081c9074d5b012427e5572ebc03da8d95d/internal/shareddownload/download_worker.go
firefly,internal/shareddownload/operations.go,Modeled component responsibility,firefly.core.download,https://github.com/hyperledger-firefly/firefly/blob/9d20f3081c9074d5b012427e5572ebc03da8d95d/internal/shareddownload/operations.go
firefly,internal/shareddownload/operations_test.go,Test or generated test support,,https://github.com/hyperledger-firefly/firefly/blob/9d20f3081c9074d5b012427e5572ebc03da8d95d/internal/shareddownload/operations_test.go
firefly,internal/sharedstorage/ipfs/config.go,Modeled component responsibility,firefly.core.ipfs,https://github.com/hyperledger-firefly/firefly/blob/9d20f3081c9074d5b012427e5572ebc03da8d95d/internal/sharedstorage/ipfs/config.go
firefly,internal/sharedstorage/ipfs/ipfs.go,Modeled component responsibility,firefly.core.ipfs,https://github.com/hyperledger-firefly/firefly/blob/9d20f3081c9074d5b012427e5572ebc03da8d95d/internal/sharedstorage/ipfs/ipfs.go
firefly,internal/sharedstorage/ipfs/ipfs_test.go,Test or generated test support,,https://github.com/hyperledger-firefly/firefly/blob/9d20f3081c9074d5b012427e5572ebc03da8d95d/internal/sharedstorage/ipfs/ipfs_test.go
firefly,internal/sharedstorage/ssfactory/factory.go,Modeled component responsibility,firefly.core.sharedstorage,https://github.com/hyperledger-firefly/firefly/blob/9d20f3081c9074d5b012427e5572ebc03da8d95d/internal/sharedstorage/ssfactory/factory.go
firefly,internal/sharedstorage/ssfactory/factory_test.go,Test or generated test support,,https://github.com/hyperledger-firefly/firefly/blob/9d20f3081c9074d5b012427e5572ebc03da8d95d/internal/sharedstorage/ssfactory/factory_test.go
firefly,internal/spievents/manager.go,Modeled component responsibility,firefly.core.spievents,https://github.com/hyperledger-firefly/firefly/blob/9d20f3081c9074d5b012427e5572ebc03da8d95d/internal/spievents/manager.go
firefly,internal/spievents/manager_test.go,Test or generated test support,,https://github.com/hyperledger-firefly/firefly/blob/9d20f3081c9074d5b012427e5572ebc03da8d95d/internal/spievents/manager_test.go
firefly,internal/spievents/websockets.go,Modeled component responsibility,firefly.core.spievents,https://github.com/hyperledger-firefly/firefly/blob/9d20f3081c9074d5b012427e5572ebc03da8d95d/internal/spievents/websockets.go
firefly,internal/spievents/websockets_test.go,Test or generated test support,,https://github.com/hyperledger-firefly/firefly/blob/9d20f3081c9074d5b012427e5572ebc03da8d95d/internal/spievents/websockets_test.go
firefly,internal/syncasync/sync_async_bridge.go,Modeled component responsibility,firefly.core.syncasync,https://github.com/hyperledger-firefly/firefly/blob/9d20f3081c9074d5b012427e5572ebc03da8d95d/internal/syncasync/sync_async_bridge.go
firefly,internal/syncasync/sync_async_bridge_test.go,Test or generated test support,,https://github.com/hyperledger-firefly/firefly/blob/9d20f3081c9074d5b012427e5572ebc03da8d95d/internal/syncasync/sync_async_bridge_test.go
firefly,internal/tokens/fftokens/config.go,Modeled component responsibility,firefly.core.fftokens,https://github.com/hyperledger-firefly/firefly/blob/9d20f3081c9074d5b012427e5572ebc03da8d95d/internal/tokens/fftokens/config.go
firefly,internal/tokens/fftokens/fftokens.go,Modeled component responsibility,firefly.core.fftokens,https://github.com/hyperledger-firefly/firefly/blob/9d20f3081c9074d5b012427e5572ebc03da8d95d/internal/tokens/fftokens/fftokens.go
firefly,internal/tokens/fftokens/fftokens_test.go,Test or generated test support,,https://github.com/hyperledger-firefly/firefly/blob/9d20f3081c9074d5b012427e5572ebc03da8d95d/internal/tokens/fftokens/fftokens_test.go
firefly,internal/tokens/tifactory/factory.go,Modeled component responsibility,firefly.core.tokens,https://github.com/hyperledger-firefly/firefly/blob/9d20f3081c9074d5b012427e5572ebc03da8d95d/internal/tokens/tifactory/factory.go
firefly,internal/tokens/tifactory/factory_test.go,Test or generated test support,,https://github.com/hyperledger-firefly/firefly/blob/9d20f3081c9074d5b012427e5572ebc03da8d95d/internal/tokens/tifactory/factory_test.go
firefly,internal/txcommon/contract_inputs.go,Modeled component responsibility,firefly.core.txhelper,https://github.com/hyperledger-firefly/firefly/blob/9d20f3081c9074d5b012427e5572ebc03da8d95d/internal/txcommon/contract_inputs.go
firefly,internal/txcommon/contract_inputs_test.go,Test or generated test support,,https://github.com/hyperledger-firefly/firefly/blob/9d20f3081c9074d5b012427e5572ebc03da8d95d/internal/txcommon/contract_inputs_test.go
firefly,internal/txcommon/token_inputs.go,Modeled component responsibility,firefly.core.txhelper,https://github.com/hyperledger-firefly/firefly/blob/9d20f3081c9074d5b012427e5572ebc03da8d95d/internal/txcommon/token_inputs.go
firefly,internal/txcommon/token_inputs_test.go,Test or generated test support,,https://github.com/hyperledger-firefly/firefly/blob/9d20f3081c9074d5b012427e5572ebc03da8d95d/internal/txcommon/token_inputs_test.go
firefly,internal/txcommon/txcommon.go,Modeled component responsibility,firefly.core.txhelper,https://github.com/hyperledger-firefly/firefly/blob/9d20f3081c9074d5b012427e5572ebc03da8d95d/internal/txcommon/txcommon.go
firefly,internal/txcommon/txcommon_test.go,Test or generated test support,,https://github.com/hyperledger-firefly/firefly/blob/9d20f3081c9074d5b012427e5572ebc03da8d95d/internal/txcommon/txcommon_test.go
firefly,internal/txwriter/txwriter.go,Modeled component responsibility,firefly.core.txwriter,https://github.com/hyperledger-firefly/firefly/blob/9d20f3081c9074d5b012427e5572ebc03da8d95d/internal/txwriter/txwriter.go
firefly,internal/txwriter/txwriter_test.go,Test or generated test support,,https://github.com/hyperledger-firefly/firefly/blob/9d20f3081c9074d5b012427e5572ebc03da8d95d/internal/txwriter/txwriter_test.go
firefly,main.go,Root executable/bootstrap,firefly.core,https://github.com/hyperledger-firefly/firefly/blob/9d20f3081c9074d5b012427e5572ebc03da8d95d/main.go
firefly,mocks/apiservermocks/ffi_swagger_gen.go,Test or generated test support,,https://github.com/hyperledger-firefly/firefly/blob/9d20f3081c9074d5b012427e5572ebc03da8d95d/mocks/apiservermocks/ffi_swagger_gen.go
firefly,mocks/apiservermocks/server.go,Test or generated test support,,https://github.com/hyperledger-firefly/firefly/blob/9d20f3081c9074d5b012427e5572ebc03da8d95d/mocks/apiservermocks/server.go
firefly,mocks/assetmocks/manager.go,Test or generated test support,,https://github.com/hyperledger-firefly/firefly/blob/9d20f3081c9074d5b012427e5572ebc03da8d95d/mocks/assetmocks/manager.go
firefly,mocks/batchmocks/manager.go,Test or generated test support,,https://github.com/hyperledger-firefly/firefly/blob/9d20f3081c9074d5b012427e5572ebc03da8d95d/mocks/batchmocks/manager.go
firefly,mocks/blockchaincommonmocks/firefly_subscriptions.go,Test or generated test support,,https://github.com/hyperledger-firefly/firefly/blob/9d20f3081c9074d5b012427e5572ebc03da8d95d/mocks/blockchaincommonmocks/firefly_subscriptions.go
firefly,mocks/blockchainmocks/callbacks.go,Test or generated test support,,https://github.com/hyperledger-firefly/firefly/blob/9d20f3081c9074d5b012427e5572ebc03da8d95d/mocks/blockchainmocks/callbacks.go
firefly,mocks/blockchainmocks/plugin.go,Test or generated test support,,https://github.com/hyperledger-firefly/firefly/blob/9d20f3081c9074d5b012427e5572ebc03da8d95d/mocks/blockchainmocks/plugin.go
firefly,mocks/broadcastmocks/manager.go,Test or generated test support,,https://github.com/hyperledger-firefly/firefly/blob/9d20f3081c9074d5b012427e5572ebc03da8d95d/mocks/broadcastmocks/manager.go
firefly,mocks/cachemocks/manager.go,Test or generated test support,,https://github.com/hyperledger-firefly/firefly/blob/9d20f3081c9074d5b012427e5572ebc03da8d95d/mocks/cachemocks/manager.go
firefly,mocks/contractmocks/manager.go,Test or generated test support,,https://github.com/hyperledger-firefly/firefly/blob/9d20f3081c9074d5b012427e5572ebc03da8d95d/mocks/contractmocks/manager.go
firefly,mocks/coremocks/operation_callbacks.go,Test or generated test support,,https://github.com/hyperledger-firefly/firefly/blob/9d20f3081c9074d5b012427e5572ebc03da8d95d/mocks/coremocks/operation_callbacks.go
firefly,mocks/databasemocks/callbacks.go,Test or generated test support,,https://github.com/hyperledger-firefly/firefly/blob/9d20f3081c9074d5b012427e5572ebc03da8d95d/mocks/databasemocks/callbacks.go
firefly,mocks/databasemocks/plugin.go,Test or generated test support,,https://github.com/hyperledger-firefly/firefly/blob/9d20f3081c9074d5b012427e5572ebc03da8d95d/mocks/databasemocks/plugin.go
firefly,mocks/dataexchangemocks/callbacks.go,Test or generated test support,,https://github.com/hyperledger-firefly/firefly/blob/9d20f3081c9074d5b012427e5572ebc03da8d95d/mocks/dataexchangemocks/callbacks.go
firefly,mocks/dataexchangemocks/dx_event.go,Test or generated test support,,https://github.com/hyperledger-firefly/firefly/blob/9d20f3081c9074d5b012427e5572ebc03da8d95d/mocks/dataexchangemocks/dx_event.go
firefly,mocks/dataexchangemocks/plugin.go,Test or generated test support,,https://github.com/hyperledger-firefly/firefly/blob/9d20f3081c9074d5b012427e5572ebc03da8d95d/mocks/dataexchangemocks/plugin.go
firefly,mocks/datamocks/manager.go,Test or generated test support,,https://github.com/hyperledger-firefly/firefly/blob/9d20f3081c9074d5b012427e5572ebc03da8d95d/mocks/datamocks/manager.go
firefly,mocks/definitionsmocks/handler.go,Test or generated test support,,https://github.com/hyperledger-firefly/firefly/blob/9d20f3081c9074d5b012427e5572ebc03da8d95d/mocks/definitionsmocks/handler.go
firefly,mocks/definitionsmocks/sender.go,Test or generated test support,,https://github.com/hyperledger-firefly/firefly/blob/9d20f3081c9074d5b012427e5572ebc03da8d95d/mocks/definitionsmocks/sender.go
firefly,mocks/eventmocks/event_manager.go,Test or generated test support,,https://github.com/hyperledger-firefly/firefly/blob/9d20f3081c9074d5b012427e5572ebc03da8d95d/mocks/eventmocks/event_manager.go
firefly,mocks/eventsmocks/callbacks.go,Test or generated test support,,https://github.com/hyperledger-firefly/firefly/blob/9d20f3081c9074d5b012427e5572ebc03da8d95d/mocks/eventsmocks/callbacks.go
firefly,mocks/eventsmocks/plugin.go,Test or generated test support,,https://github.com/hyperledger-firefly/firefly/blob/9d20f3081c9074d5b012427e5572ebc03da8d95d/mocks/eventsmocks/plugin.go
firefly,mocks/identitymanagermocks/manager.go,Test or generated test support,,https://github.com/hyperledger-firefly/firefly/blob/9d20f3081c9074d5b012427e5572ebc03da8d95d/mocks/identitymanagermocks/manager.go
firefly,mocks/identitymocks/callbacks.go,Test or generated test support,,https://github.com/hyperledger-firefly/firefly/blob/9d20f3081c9074d5b012427e5572ebc03da8d95d/mocks/identitymocks/callbacks.go
firefly,mocks/identitymocks/plugin.go,Test or generated test support,,https://github.com/hyperledger-firefly/firefly/blob/9d20f3081c9074d5b012427e5572ebc03da8d95d/mocks/identitymocks/plugin.go
firefly,mocks/metricsmocks/manager.go,Test or generated test support,,https://github.com/hyperledger-firefly/firefly/blob/9d20f3081c9074d5b012427e5572ebc03da8d95d/mocks/metricsmocks/manager.go
firefly,mocks/multipartymocks/manager.go,Test or generated test support,,https://github.com/hyperledger-firefly/firefly/blob/9d20f3081c9074d5b012427e5572ebc03da8d95d/mocks/multipartymocks/manager.go
firefly,mocks/namespacemocks/manager.go,Test or generated test support,,https://github.com/hyperledger-firefly/firefly/blob/9d20f3081c9074d5b012427e5572ebc03da8d95d/mocks/namespacemocks/manager.go
firefly,mocks/networkmapmocks/manager.go,Test or generated test support,,https://github.com/hyperledger-firefly/firefly/blob/9d20f3081c9074d5b012427e5572ebc03da8d95d/mocks/networkmapmocks/manager.go
firefly,mocks/operationmocks/manager.go,Test or generated test support,,https://github.com/hyperledger-firefly/firefly/blob/9d20f3081c9074d5b012427e5572ebc03da8d95d/mocks/operationmocks/manager.go
firefly,mocks/orchestratormocks/orchestrator.go,Test or generated test support,,https://github.com/hyperledger-firefly/firefly/blob/9d20f3081c9074d5b012427e5572ebc03da8d95d/mocks/orchestratormocks/orchestrator.go
firefly,mocks/privatemessagingmocks/manager.go,Test or generated test support,,https://github.com/hyperledger-firefly/firefly/blob/9d20f3081c9074d5b012427e5572ebc03da8d95d/mocks/privatemessagingmocks/manager.go
firefly,mocks/shareddownloadmocks/callbacks.go,Test or generated test support,,https://github.com/hyperledger-firefly/firefly/blob/9d20f3081c9074d5b012427e5572ebc03da8d95d/mocks/shareddownloadmocks/callbacks.go
firefly,mocks/shareddownloadmocks/manager.go,Test or generated test support,,https://github.com/hyperledger-firefly/firefly/blob/9d20f3081c9074d5b012427e5572ebc03da8d95d/mocks/shareddownloadmocks/manager.go
firefly,mocks/sharedstoragemocks/callbacks.go,Test or generated test support,,https://github.com/hyperledger-firefly/firefly/blob/9d20f3081c9074d5b012427e5572ebc03da8d95d/mocks/sharedstoragemocks/callbacks.go
firefly,mocks/sharedstoragemocks/plugin.go,Test or generated test support,,https://github.com/hyperledger-firefly/firefly/blob/9d20f3081c9074d5b012427e5572ebc03da8d95d/mocks/sharedstoragemocks/plugin.go
firefly,mocks/spieventsmocks/manager.go,Test or generated test support,,https://github.com/hyperledger-firefly/firefly/blob/9d20f3081c9074d5b012427e5572ebc03da8d95d/mocks/spieventsmocks/manager.go
firefly,mocks/syncasyncmocks/bridge.go,Test or generated test support,,https://github.com/hyperledger-firefly/firefly/blob/9d20f3081c9074d5b012427e5572ebc03da8d95d/mocks/syncasyncmocks/bridge.go
firefly,mocks/syncasyncmocks/sender.go,Test or generated test support,,https://github.com/hyperledger-firefly/firefly/blob/9d20f3081c9074d5b012427e5572ebc03da8d95d/mocks/syncasyncmocks/sender.go
firefly,mocks/systemeventmocks/event_interface.go,Test or generated test support,,https://github.com/hyperledger-firefly/firefly/blob/9d20f3081c9074d5b012427e5572ebc03da8d95d/mocks/systemeventmocks/event_interface.go
firefly,mocks/tokenmocks/callbacks.go,Test or generated test support,,https://github.com/hyperledger-firefly/firefly/blob/9d20f3081c9074d5b012427e5572ebc03da8d95d/mocks/tokenmocks/callbacks.go
firefly,mocks/tokenmocks/plugin.go,Test or generated test support,,https://github.com/hyperledger-firefly/firefly/blob/9d20f3081c9074d5b012427e5572ebc03da8d95d/mocks/tokenmocks/plugin.go
firefly,mocks/txcommonmocks/helper.go,Test or generated test support,,https://github.com/hyperledger-firefly/firefly/blob/9d20f3081c9074d5b012427e5572ebc03da8d95d/mocks/txcommonmocks/helper.go
firefly,mocks/txwritermocks/writer.go,Test or generated test support,,https://github.com/hyperledger-firefly/firefly/blob/9d20f3081c9074d5b012427e5572ebc03da8d95d/mocks/txwritermocks/writer.go
firefly,mocks/websocketsmocks/web_sockets_namespaced.go,Test or generated test support,,https://github.com/hyperledger-firefly/firefly/blob/9d20f3081c9074d5b012427e5572ebc03da8d95d/mocks/websocketsmocks/web_sockets_namespaced.go
firefly,mocks/wsmocks/ws_client.go,Test or generated test support,,https://github.com/hyperledger-firefly/firefly/blob/9d20f3081c9074d5b012427e5572ebc03da8d95d/mocks/wsmocks/ws_client.go
firefly,pkg/blockchain/plugin.go,Public API types and plugin interfaces,firefly.core,https://github.com/hyperledger-firefly/firefly/blob/9d20f3081c9074d5b012427e5572ebc03da8d95d/pkg/blockchain/plugin.go
firefly,pkg/core/authorizer.go,Public API types and plugin interfaces,firefly.core,https://github.com/hyperledger-firefly/firefly/blob/9d20f3081c9074d5b012427e5572ebc03da8d95d/pkg/core/authorizer.go
firefly,pkg/core/batch.go,Public API types and plugin interfaces,firefly.core,https://github.com/hyperledger-firefly/firefly/blob/9d20f3081c9074d5b012427e5572ebc03da8d95d/pkg/core/batch.go
firefly,pkg/core/batch_state.go,Public API types and plugin interfaces,firefly.core,https://github.com/hyperledger-firefly/firefly/blob/9d20f3081c9074d5b012427e5572ebc03da8d95d/pkg/core/batch_state.go
firefly,pkg/core/batch_state_test.go,Test or generated test support,,https://github.com/hyperledger-firefly/firefly/blob/9d20f3081c9074d5b012427e5572ebc03da8d95d/pkg/core/batch_state_test.go
firefly,pkg/core/batch_test.go,Test or generated test support,,https://github.com/hyperledger-firefly/firefly/blob/9d20f3081c9074d5b012427e5572ebc03da8d95d/pkg/core/batch_test.go
firefly,pkg/core/blob.go,Public API types and plugin interfaces,firefly.core,https://github.com/hyperledger-firefly/firefly/blob/9d20f3081c9074d5b012427e5572ebc03da8d95d/pkg/core/blob.go
firefly,pkg/core/blockchainevent.go,Public API types and plugin interfaces,firefly.core,https://github.com/hyperledger-firefly/firefly/blob/9d20f3081c9074d5b012427e5572ebc03da8d95d/pkg/core/blockchainevent.go
firefly,pkg/core/change_event.go,Public API types and plugin interfaces,firefly.core,https://github.com/hyperledger-firefly/firefly/blob/9d20f3081c9074d5b012427e5572ebc03da8d95d/pkg/core/change_event.go
firefly,pkg/core/charthistogram.go,Public API types and plugin interfaces,firefly.core,https://github.com/hyperledger-firefly/firefly/blob/9d20f3081c9074d5b012427e5572ebc03da8d95d/pkg/core/charthistogram.go
firefly,pkg/core/constants.go,Public API types and plugin interfaces,firefly.core,https://github.com/hyperledger-firefly/firefly/blob/9d20f3081c9074d5b012427e5572ebc03da8d95d/pkg/core/constants.go
firefly,pkg/core/contract_listener.go,Public API types and plugin interfaces,firefly.core,https://github.com/hyperledger-firefly/firefly/blob/9d20f3081c9074d5b012427e5572ebc03da8d95d/pkg/core/contract_listener.go
firefly,pkg/core/contract_listener_test.go,Test or generated test support,,https://github.com/hyperledger-firefly/firefly/blob/9d20f3081c9074d5b012427e5572ebc03da8d95d/pkg/core/contract_listener_test.go
firefly,pkg/core/contracts.go,Public API types and plugin interfaces,firefly.core,https://github.com/hyperledger-firefly/firefly/blob/9d20f3081c9074d5b012427e5572ebc03da8d95d/pkg/core/contracts.go
firefly,pkg/core/contracts_test.go,Test or generated test support,,https://github.com/hyperledger-firefly/firefly/blob/9d20f3081c9074d5b012427e5572ebc03da8d95d/pkg/core/contracts_test.go
firefly,pkg/core/data.go,Public API types and plugin interfaces,firefly.core,https://github.com/hyperledger-firefly/firefly/blob/9d20f3081c9074d5b012427e5572ebc03da8d95d/pkg/core/data.go
firefly,pkg/core/data_test.go,Test or generated test support,,https://github.com/hyperledger-firefly/firefly/blob/9d20f3081c9074d5b012427e5572ebc03da8d95d/pkg/core/data_test.go
firefly,pkg/core/datatype.go,Public API types and plugin interfaces,firefly.core,https://github.com/hyperledger-firefly/firefly/blob/9d20f3081c9074d5b012427e5572ebc03da8d95d/pkg/core/datatype.go
firefly,pkg/core/datatype_test.go,Test or generated test support,,https://github.com/hyperledger-firefly/firefly/blob/9d20f3081c9074d5b012427e5572ebc03da8d95d/pkg/core/datatype_test.go
firefly,pkg/core/definition.go,Public API types and plugin interfaces,firefly.core,https://github.com/hyperledger-firefly/firefly/blob/9d20f3081c9074d5b012427e5572ebc03da8d95d/pkg/core/definition.go
firefly,pkg/core/emptyinput.go,Public API types and plugin interfaces,firefly.core,https://github.com/hyperledger-firefly/firefly/blob/9d20f3081c9074d5b012427e5572ebc03da8d95d/pkg/core/emptyinput.go
firefly,pkg/core/event.go,Public API types and plugin interfaces,firefly.core,https://github.com/hyperledger-firefly/firefly/blob/9d20f3081c9074d5b012427e5572ebc03da8d95d/pkg/core/event.go
firefly,pkg/core/event_test.go,Test or generated test support,,https://github.com/hyperledger-firefly/firefly/blob/9d20f3081c9074d5b012427e5572ebc03da8d95d/pkg/core/event_test.go
firefly,pkg/core/group.go,Public API types and plugin interfaces,firefly.core,https://github.com/hyperledger-firefly/firefly/blob/9d20f3081c9074d5b012427e5572ebc03da8d95d/pkg/core/group.go
firefly,pkg/core/group_test.go,Test or generated test support,,https://github.com/hyperledger-firefly/firefly/blob/9d20f3081c9074d5b012427e5572ebc03da8d95d/pkg/core/group_test.go
firefly,pkg/core/headers.go,Public API types and plugin interfaces,firefly.core,https://github.com/hyperledger-firefly/firefly/blob/9d20f3081c9074d5b012427e5572ebc03da8d95d/pkg/core/headers.go
firefly,pkg/core/id_and_sequence.go,Public API types and plugin interfaces,firefly.core,https://github.com/hyperledger-firefly/firefly/blob/9d20f3081c9074d5b012427e5572ebc03da8d95d/pkg/core/id_and_sequence.go
firefly,pkg/core/idempotency_key.go,Public API types and plugin interfaces,firefly.core,https://github.com/hyperledger-firefly/firefly/blob/9d20f3081c9074d5b012427e5572ebc03da8d95d/pkg/core/idempotency_key.go
firefly,pkg/core/idempotency_key_test.go,Test or generated test support,,https://github.com/hyperledger-firefly/firefly/blob/9d20f3081c9074d5b012427e5572ebc03da8d95d/pkg/core/idempotency_key_test.go
firefly,pkg/core/identity.go,Public API types and plugin interfaces,firefly.core,https://github.com/hyperledger-firefly/firefly/blob/9d20f3081c9074d5b012427e5572ebc03da8d95d/pkg/core/identity.go
firefly,pkg/core/identity_test.go,Test or generated test support,,https://github.com/hyperledger-firefly/firefly/blob/9d20f3081c9074d5b012427e5572ebc03da8d95d/pkg/core/identity_test.go
firefly,pkg/core/locally_sequenced.go,Public API types and plugin interfaces,firefly.core,https://github.com/hyperledger-firefly/firefly/blob/9d20f3081c9074d5b012427e5572ebc03da8d95d/pkg/core/locally_sequenced.go
firefly,pkg/core/message.go,Public API types and plugin interfaces,firefly.core,https://github.com/hyperledger-firefly/firefly/blob/9d20f3081c9074d5b012427e5572ebc03da8d95d/pkg/core/message.go
firefly,pkg/core/message_test.go,Test or generated test support,,https://github.com/hyperledger-firefly/firefly/blob/9d20f3081c9074d5b012427e5572ebc03da8d95d/pkg/core/message_test.go
firefly,pkg/core/namespace.go,Public API types and plugin interfaces,firefly.core,https://github.com/hyperledger-firefly/firefly/blob/9d20f3081c9074d5b012427e5572ebc03da8d95d/pkg/core/namespace.go
firefly,pkg/core/namespace_status.go,Public API types and plugin interfaces,firefly.core,https://github.com/hyperledger-firefly/firefly/blob/9d20f3081c9074d5b012427e5572ebc03da8d95d/pkg/core/namespace_status.go
firefly,pkg/core/namespace_test.go,Test or generated test support,,https://github.com/hyperledger-firefly/firefly/blob/9d20f3081c9074d5b012427e5572ebc03da8d95d/pkg/core/namespace_test.go
firefly,pkg/core/nextpin.go,Public API types and plugin interfaces,firefly.core,https://github.com/hyperledger-firefly/firefly/blob/9d20f3081c9074d5b012427e5572ebc03da8d95d/pkg/core/nextpin.go
firefly,pkg/core/node.go,Public API types and plugin interfaces,firefly.core,https://github.com/hyperledger-firefly/firefly/blob/9d20f3081c9074d5b012427e5572ebc03da8d95d/pkg/core/node.go
firefly,pkg/core/node_test.go,Test or generated test support,,https://github.com/hyperledger-firefly/firefly/blob/9d20f3081c9074d5b012427e5572ebc03da8d95d/pkg/core/node_test.go
firefly,pkg/core/nonce.go,Public API types and plugin interfaces,firefly.core,https://github.com/hyperledger-firefly/firefly/blob/9d20f3081c9074d5b012427e5572ebc03da8d95d/pkg/core/nonce.go
firefly,pkg/core/offset.go,Public API types and plugin interfaces,firefly.core,https://github.com/hyperledger-firefly/firefly/blob/9d20f3081c9074d5b012427e5572ebc03da8d95d/pkg/core/offset.go
firefly,pkg/core/operation.go,Public API types and plugin interfaces,firefly.core,https://github.com/hyperledger-firefly/firefly/blob/9d20f3081c9074d5b012427e5572ebc03da8d95d/pkg/core/operation.go
firefly,pkg/core/operation_test.go,Test or generated test support,,https://github.com/hyperledger-firefly/firefly/blob/9d20f3081c9074d5b012427e5572ebc03da8d95d/pkg/core/operation_test.go
firefly,pkg/core/organization.go,Public API types and plugin interfaces,firefly.core,https://github.com/hyperledger-firefly/firefly/blob/9d20f3081c9074d5b012427e5572ebc03da8d95d/pkg/core/organization.go
firefly,pkg/core/organization_test.go,Test or generated test support,,https://github.com/hyperledger-firefly/firefly/blob/9d20f3081c9074d5b012427e5572ebc03da8d95d/pkg/core/organization_test.go
firefly,pkg/core/pin.go,Public API types and plugin interfaces,firefly.core,https://github.com/hyperledger-firefly/firefly/blob/9d20f3081c9074d5b012427e5572ebc03da8d95d/pkg/core/pin.go
firefly,pkg/core/pin_test.go,Test or generated test support,,https://github.com/hyperledger-firefly/firefly/blob/9d20f3081c9074d5b012427e5572ebc03da8d95d/pkg/core/pin_test.go
firefly,pkg/core/publish.go,Public API types and plugin interfaces,firefly.core,https://github.com/hyperledger-firefly/firefly/blob/9d20f3081c9074d5b012427e5572ebc03da8d95d/pkg/core/publish.go
firefly,pkg/core/subscription.go,Public API types and plugin interfaces,firefly.core,https://github.com/hyperledger-firefly/firefly/blob/9d20f3081c9074d5b012427e5572ebc03da8d95d/pkg/core/subscription.go
firefly,pkg/core/subscription_test.go,Test or generated test support,,https://github.com/hyperledger-firefly/firefly/blob/9d20f3081c9074d5b012427e5572ebc03da8d95d/pkg/core/subscription_test.go
firefly,pkg/core/tokenapproval.go,Public API types and plugin interfaces,firefly.core,https://github.com/hyperledger-firefly/firefly/blob/9d20f3081c9074d5b012427e5572ebc03da8d95d/pkg/core/tokenapproval.go
firefly,pkg/core/tokenbalance.go,Public API types and plugin interfaces,firefly.core,https://github.com/hyperledger-firefly/firefly/blob/9d20f3081c9074d5b012427e5572ebc03da8d95d/pkg/core/tokenbalance.go
firefly,pkg/core/tokenbalance_test.go,Test or generated test support,,https://github.com/hyperledger-firefly/firefly/blob/9d20f3081c9074d5b012427e5572ebc03da8d95d/pkg/core/tokenbalance_test.go
firefly,pkg/core/tokenconnector.go,Public API types and plugin interfaces,firefly.core,https://github.com/hyperledger-firefly/firefly/blob/9d20f3081c9074d5b012427e5572ebc03da8d95d/pkg/core/tokenconnector.go
firefly,pkg/core/tokenpool.go,Public API types and plugin interfaces,firefly.core,https://github.com/hyperledger-firefly/firefly/blob/9d20f3081c9074d5b012427e5572ebc03da8d95d/pkg/core/tokenpool.go
firefly,pkg/core/tokenpool_test.go,Test or generated test support,,https://github.com/hyperledger-firefly/firefly/blob/9d20f3081c9074d5b012427e5572ebc03da8d95d/pkg/core/tokenpool_test.go
firefly,pkg/core/tokentransfer.go,Public API types and plugin interfaces,firefly.core,https://github.com/hyperledger-firefly/firefly/blob/9d20f3081c9074d5b012427e5572ebc03da8d95d/pkg/core/tokentransfer.go
firefly,pkg/core/transaction.go,Public API types and plugin interfaces,firefly.core,https://github.com/hyperledger-firefly/firefly/blob/9d20f3081c9074d5b012427e5572ebc03da8d95d/pkg/core/transaction.go
firefly,pkg/core/transaction_test.go,Test or generated test support,,https://github.com/hyperledger-firefly/firefly/blob/9d20f3081c9074d5b012427e5572ebc03da8d95d/pkg/core/transaction_test.go
firefly,pkg/core/transport_wrapper.go,Public API types and plugin interfaces,firefly.core,https://github.com/hyperledger-firefly/firefly/blob/9d20f3081c9074d5b012427e5572ebc03da8d95d/pkg/core/transport_wrapper.go
firefly,pkg/core/transport_wrapper_test.go,Test or generated test support,,https://github.com/hyperledger-firefly/firefly/blob/9d20f3081c9074d5b012427e5572ebc03da8d95d/pkg/core/transport_wrapper_test.go
firefly,pkg/core/verifier.go,Public API types and plugin interfaces,firefly.core,https://github.com/hyperledger-firefly/firefly/blob/9d20f3081c9074d5b012427e5572ebc03da8d95d/pkg/core/verifier.go
firefly,pkg/core/verifier_test.go,Test or generated test support,,https://github.com/hyperledger-firefly/firefly/blob/9d20f3081c9074d5b012427e5572ebc03da8d95d/pkg/core/verifier_test.go
firefly,pkg/core/webhooks.go,Public API types and plugin interfaces,firefly.core,https://github.com/hyperledger-firefly/firefly/blob/9d20f3081c9074d5b012427e5572ebc03da8d95d/pkg/core/webhooks.go
firefly,pkg/core/websocket_actions.go,Public API types and plugin interfaces,firefly.core,https://github.com/hyperledger-firefly/firefly/blob/9d20f3081c9074d5b012427e5572ebc03da8d95d/pkg/core/websocket_actions.go
firefly,pkg/core/websocket_status.go,Public API types and plugin interfaces,firefly.core,https://github.com/hyperledger-firefly/firefly/blob/9d20f3081c9074d5b012427e5572ebc03da8d95d/pkg/core/websocket_status.go
firefly,pkg/database/plugin.go,Public API types and plugin interfaces,firefly.core,https://github.com/hyperledger-firefly/firefly/blob/9d20f3081c9074d5b012427e5572ebc03da8d95d/pkg/database/plugin.go
firefly,pkg/dataexchange/plugin.go,Public API types and plugin interfaces,firefly.core,https://github.com/hyperledger-firefly/firefly/blob/9d20f3081c9074d5b012427e5572ebc03da8d95d/pkg/dataexchange/plugin.go
firefly,pkg/events/plugin.go,Public API types and plugin interfaces,firefly.core,https://github.com/hyperledger-firefly/firefly/blob/9d20f3081c9074d5b012427e5572ebc03da8d95d/pkg/events/plugin.go
firefly,pkg/identity/plugin.go,Public API types and plugin interfaces,firefly.core,https://github.com/hyperledger-firefly/firefly/blob/9d20f3081c9074d5b012427e5572ebc03da8d95d/pkg/identity/plugin.go
firefly,pkg/sharedstorage/plugin.go,Public API types and plugin interfaces,firefly.core,https://github.com/hyperledger-firefly/firefly/blob/9d20f3081c9074d5b012427e5572ebc03da8d95d/pkg/sharedstorage/plugin.go
firefly,pkg/tokens/config.go,Public API types and plugin interfaces,firefly.core,https://github.com/hyperledger-firefly/firefly/blob/9d20f3081c9074d5b012427e5572ebc03da8d95d/pkg/tokens/config.go
firefly,pkg/tokens/plugin.go,Public API types and plugin interfaces,firefly.core,https://github.com/hyperledger-firefly/firefly/blob/9d20f3081c9074d5b012427e5572ebc03da8d95d/pkg/tokens/plugin.go
firefly,pkg/utils/dbstring.go,Public API types and plugin interfaces,firefly.core,https://github.com/hyperledger-firefly/firefly/blob/9d20f3081c9074d5b012427e5572ebc03da8d95d/pkg/utils/dbstring.go
firefly,pkg/utils/dbstring_test.go,Test or generated test support,,https://github.com/hyperledger-firefly/firefly/blob/9d20f3081c9074d5b012427e5572ebc03da8d95d/pkg/utils/dbstring_test.go
firefly,smart_contracts/corda/cordapp_kat/kat-contracts/src/main/java/io/kaleido/kat/contracts/AssetTrailContract.java,Deployed contract examples and artifacts,firefly.core.blockchain,https://github.com/hyperledger-firefly/firefly/blob/9d20f3081c9074d5b012427e5572ebc03da8d95d/smart_contracts/corda/cordapp_kat/kat-contracts/src/main/java/io/kaleido/kat/contracts/AssetTrailContract.java
firefly,smart_contracts/corda/cordapp_kat/kat-contracts/src/main/java/io/kaleido/kat/states/AssetEventState.java,Deployed contract examples and artifacts,firefly.core.blockchain,https://github.com/hyperledger-firefly/firefly/blob/9d20f3081c9074d5b012427e5572ebc03da8d95d/smart_contracts/corda/cordapp_kat/kat-contracts/src/main/java/io/kaleido/kat/states/AssetEventState.java
firefly,smart_contracts/corda/cordapp_kat/kat-contracts/src/main/java/io/kaleido/kat/states/AssetInstanceBatchCreated.java,Deployed contract examples and artifacts,firefly.core.blockchain,https://github.com/hyperledger-firefly/firefly/blob/9d20f3081c9074d5b012427e5572ebc03da8d95d/smart_contracts/corda/cordapp_kat/kat-contracts/src/main/java/io/kaleido/kat/states/AssetInstanceBatchCreated.java
firefly,smart_contracts/corda/cordapp_kat/kat-contracts/src/main/java/io/kaleido/kat/states/AssetInstanceCreated.java,Deployed contract examples and artifacts,firefly.core.blockchain,https://github.com/hyperledger-firefly/firefly/blob/9d20f3081c9074d5b012427e5572ebc03da8d95d/smart_contracts/corda/cordapp_kat/kat-contracts/src/main/java/io/kaleido/kat/states/AssetInstanceCreated.java
firefly,smart_contracts/corda/cordapp_kat/kat-contracts/src/main/java/io/kaleido/kat/states/AssetInstancePropertySet.java,Deployed contract examples and artifacts,firefly.core.blockchain,https://github.com/hyperledger-firefly/firefly/blob/9d20f3081c9074d5b012427e5572ebc03da8d95d/smart_contracts/corda/cordapp_kat/kat-contracts/src/main/java/io/kaleido/kat/states/AssetInstancePropertySet.java
firefly,smart_contracts/corda/cordapp_kat/kat-contracts/src/main/java/io/kaleido/kat/states/DescribedAssetInstanceCreated.java,Deployed contract examples and artifacts,firefly.core.blockchain,https://github.com/hyperledger-firefly/firefly/blob/9d20f3081c9074d5b012427e5572ebc03da8d95d/smart_contracts/corda/cordapp_kat/kat-contracts/src/main/java/io/kaleido/kat/states/DescribedAssetInstanceCreated.java
firefly,smart_contracts/corda/cordapp_kat/kat-contracts/src/main/java/io/kaleido/kat/states/KatOrderingContext.java,Deployed contract examples and artifacts,firefly.core.blockchain,https://github.com/hyperledger-firefly/firefly/blob/9d20f3081c9074d5b012427e5572ebc03da8d95d/smart_contracts/corda/cordapp_kat/kat-contracts/src/main/java/io/kaleido/kat/states/KatOrderingContext.java
firefly,smart_contracts/corda/cordapp_kat/kat-flows/src/main/java/io/kaleido/kat/flows/CreateAssetEventFlow.java,Deployed contract examples and artifacts,firefly.core.blockchain,https://github.com/hyperledger-firefly/firefly/blob/9d20f3081c9074d5b012427e5572ebc03da8d95d/smart_contracts/corda/cordapp_kat/kat-flows/src/main/java/io/kaleido/kat/flows/CreateAssetEventFlow.java
firefly,smart_contracts/corda/cordapp_kat/kat-flows/src/main/java/io/kaleido/kat/flows/CreateAssetInstanceBatchFlow.java,Deployed contract examples and artifacts,firefly.core.blockchain,https://github.com/hyperledger-firefly/firefly/blob/9d20f3081c9074d5b012427e5572ebc03da8d95d/smart_contracts/corda/cordapp_kat/kat-flows/src/main/java/io/kaleido/kat/flows/CreateAssetInstanceBatchFlow.java
firefly,smart_contracts/corda/cordapp_kat/kat-flows/src/main/java/io/kaleido/kat/flows/CreateAssetInstanceFlow.java,Deployed contract examples and artifacts,firefly.core.blockchain,https://github.com/hyperledger-firefly/firefly/blob/9d20f3081c9074d5b012427e5572ebc03da8d95d/smart_contracts/corda/cordapp_kat/kat-flows/src/main/java/io/kaleido/kat/flows/CreateAssetInstanceFlow.java
firefly,smart_contracts/corda/cordapp_kat/kat-flows/src/main/java/io/kaleido/kat/flows/CreateDescribedAssetInstanceFlow.java,Deployed contract examples and artifacts,firefly.core.blockchain,https://github.com/hyperledger-firefly/firefly/blob/9d20f3081c9074d5b012427e5572ebc03da8d95d/smart_contracts/corda/cordapp_kat/kat-flows/src/main/java/io/kaleido/kat/flows/CreateDescribedAssetInstanceFlow.java
firefly,smart_contracts/corda/cordapp_kat/kat-flows/src/main/java/io/kaleido/kat/flows/CreateOrderingContextFlow.java,Deployed contract examples and artifacts,firefly.core.blockchain,https://github.com/hyperledger-firefly/firefly/blob/9d20f3081c9074d5b012427e5572ebc03da8d95d/smart_contracts/corda/cordapp_kat/kat-flows/src/main/java/io/kaleido/kat/flows/CreateOrderingContextFlow.java
firefly,smart_contracts/corda/cordapp_kat/kat-flows/src/main/java/io/kaleido/kat/flows/ReceiveAssetEventFlow.java,Deployed contract examples and artifacts,firefly.core.blockchain,https://github.com/hyperledger-firefly/firefly/blob/9d20f3081c9074d5b012427e5572ebc03da8d95d/smart_contracts/corda/cordapp_kat/kat-flows/src/main/java/io/kaleido/kat/flows/ReceiveAssetEventFlow.java
firefly,smart_contracts/corda/cordapp_kat/kat-flows/src/main/java/io/kaleido/kat/flows/ReceiveAssetEventInstanceBatchFlow.java,Deployed contract examples and artifacts,firefly.core.blockchain,https://github.com/hyperledger-firefly/firefly/blob/9d20f3081c9074d5b012427e5572ebc03da8d95d/smart_contracts/corda/cordapp_kat/kat-flows/src/main/java/io/kaleido/kat/flows/ReceiveAssetEventInstanceBatchFlow.java
firefly,smart_contracts/corda/cordapp_kat/kat-flows/src/main/java/io/kaleido/kat/flows/ReceiveAssetInstanceFlow.java,Deployed contract examples and artifacts,firefly.core.blockchain,https://github.com/hyperledger-firefly/firefly/blob/9d20f3081c9074d5b012427e5572ebc03da8d95d/smart_contracts/corda/cordapp_kat/kat-flows/src/main/java/io/kaleido/kat/flows/ReceiveAssetInstanceFlow.java
firefly,smart_contracts/corda/cordapp_kat/kat-flows/src/main/java/io/kaleido/kat/flows/ReceiveDescribedAssetInstanceFlow.java,Deployed contract examples and artifacts,firefly.core.blockchain,https://github.com/hyperledger-firefly/firefly/blob/9d20f3081c9074d5b012427e5572ebc03da8d95d/smart_contracts/corda/cordapp_kat/kat-flows/src/main/java/io/kaleido/kat/flows/ReceiveDescribedAssetInstanceFlow.java
firefly,smart_contracts/corda/cordapp_kat/kat-flows/src/main/java/io/kaleido/kat/flows/ReceiveOrderingContextFlow.java,Deployed contract examples and artifacts,firefly.core.blockchain,https://github.com/hyperledger-firefly/firefly/blob/9d20f3081c9074d5b012427e5572ebc03da8d95d/smart_contracts/corda/cordapp_kat/kat-flows/src/main/java/io/kaleido/kat/flows/ReceiveOrderingContextFlow.java
firefly,smart_contracts/corda/cordapp_kat/kat-flows/src/main/java/io/kaleido/kat/flows/ReceiveSetAssetInstancePropertyFlow.java,Deployed contract examples and artifacts,firefly.core.blockchain,https://github.com/hyperledger-firefly/firefly/blob/9d20f3081c9074d5b012427e5572ebc03da8d95d/smart_contracts/corda/cordapp_kat/kat-flows/src/main/java/io/kaleido/kat/flows/ReceiveSetAssetInstancePropertyFlow.java
firefly,smart_contracts/corda/cordapp_kat/kat-flows/src/main/java/io/kaleido/kat/flows/SetAssetInstancePropertyFlow.java,Deployed contract examples and artifacts,firefly.core.blockchain,https://github.com/hyperledger-firefly/firefly/blob/9d20f3081c9074d5b012427e5572ebc03da8d95d/smart_contracts/corda/cordapp_kat/kat-flows/src/main/java/io/kaleido/kat/flows/SetAssetInstancePropertyFlow.java
firefly,smart_contracts/ethereum/custompin_sample/contracts/CustomPin.sol,Deployed contract examples and artifacts,firefly.core.blockchain,https://github.com/hyperledger-firefly/firefly/blob/9d20f3081c9074d5b012427e5572ebc03da8d95d/smart_contracts/ethereum/custompin_sample/contracts/CustomPin.sol
firefly,smart_contracts/ethereum/custompin_sample/hardhat.config.ts,Deployed contract examples and artifacts,firefly.core.blockchain,https://github.com/hyperledger-firefly/firefly/blob/9d20f3081c9074d5b012427e5572ebc03da8d95d/smart_contracts/ethereum/custompin_sample/hardhat.config.ts
firefly,smart_contracts/ethereum/custompin_sample/test/CustomPin.ts,Test or generated test support,,https://github.com/hyperledger-firefly/firefly/blob/9d20f3081c9074d5b012427e5572ebc03da8d95d/smart_contracts/ethereum/custompin_sample/test/CustomPin.ts
firefly,smart_contracts/ethereum/solidity_firefly/contracts/Firefly.sol,Modeled component responsibility,besu.node.fireflycontract,https://github.com/hyperledger-firefly/firefly/blob/9d20f3081c9074d5b012427e5572ebc03da8d95d/smart_contracts/ethereum/solidity_firefly/contracts/Firefly.sol
firefly,smart_contracts/ethereum/solidity_firefly/contracts/IBatchPin.sol,Deployed contract examples and artifacts,firefly.core.blockchain,https://github.com/hyperledger-firefly/firefly/blob/9d20f3081c9074d5b012427e5572ebc03da8d95d/smart_contracts/ethereum/solidity_firefly/contracts/IBatchPin.sol
firefly,smart_contracts/ethereum/solidity_firefly/hardhat.config.ts,Deployed contract examples and artifacts,firefly.core.blockchain,https://github.com/hyperledger-firefly/firefly/blob/9d20f3081c9074d5b012427e5572ebc03da8d95d/smart_contracts/ethereum/solidity_firefly/hardhat.config.ts
firefly,smart_contracts/ethereum/solidity_firefly/scripts/deploy.ts,Deployed contract examples and artifacts,firefly.core.blockchain,https://github.com/hyperledger-firefly/firefly/blob/9d20f3081c9074d5b012427e5572ebc03da8d95d/smart_contracts/ethereum/solidity_firefly/scripts/deploy.ts
firefly,smart_contracts/ethereum/solidity_firefly/test/Firefly.ts,Test or generated test support,,https://github.com/hyperledger-firefly/firefly/blob/9d20f3081c9074d5b012427e5572ebc03da8d95d/smart_contracts/ethereum/solidity_firefly/test/Firefly.ts
firefly,smart_contracts/fabric/custompin-sample/batchpin/batchpin.go,Deployed contract examples and artifacts,firefly.core.blockchain,https://github.com/hyperledger-firefly/firefly/blob/9d20f3081c9074d5b012427e5572ebc03da8d95d/smart_contracts/fabric/custompin-sample/batchpin/batchpin.go
firefly,smart_contracts/fabric/custompin-sample/chaincode/contract.go,Deployed contract examples and artifacts,firefly.core.blockchain,https://github.com/hyperledger-firefly/firefly/blob/9d20f3081c9074d5b012427e5572ebc03da8d95d/smart_contracts/fabric/custompin-sample/chaincode/contract.go
firefly,smart_contracts/fabric/custompin-sample/chaincode/contract_test.go,Test or generated test support,,https://github.com/hyperledger-firefly/firefly/blob/9d20f3081c9074d5b012427e5572ebc03da8d95d/smart_contracts/fabric/custompin-sample/chaincode/contract_test.go
firefly,smart_contracts/fabric/custompin-sample/chaincode/mocks/chaincodestub.go,Test or generated test support,,https://github.com/hyperledger-firefly/firefly/blob/9d20f3081c9074d5b012427e5572ebc03da8d95d/smart_contracts/fabric/custompin-sample/chaincode/mocks/chaincodestub.go
firefly,smart_contracts/fabric/custompin-sample/chaincode/mocks/clientidentity.go,Test or generated test support,,https://github.com/hyperledger-firefly/firefly/blob/9d20f3081c9074d5b012427e5572ebc03da8d95d/smart_contracts/fabric/custompin-sample/chaincode/mocks/clientidentity.go
firefly,smart_contracts/fabric/custompin-sample/chaincode/mocks/statequeryiterator.go,Test or generated test support,,https://github.com/hyperledger-firefly/firefly/blob/9d20f3081c9074d5b012427e5572ebc03da8d95d/smart_contracts/fabric/custompin-sample/chaincode/mocks/statequeryiterator.go
firefly,smart_contracts/fabric/custompin-sample/chaincode/mocks/transaction.go,Test or generated test support,,https://github.com/hyperledger-firefly/firefly/blob/9d20f3081c9074d5b012427e5572ebc03da8d95d/smart_contracts/fabric/custompin-sample/chaincode/mocks/transaction.go
firefly,smart_contracts/fabric/custompin-sample/custompin.go,Deployed contract examples and artifacts,firefly.core.blockchain,https://github.com/hyperledger-firefly/firefly/blob/9d20f3081c9074d5b012427e5572ebc03da8d95d/smart_contracts/fabric/custompin-sample/custompin.go
firefly,smart_contracts/fabric/firefly-go/batchpin/batchpin.go,Deployed contract examples and artifacts,firefly.core.blockchain,https://github.com/hyperledger-firefly/firefly/blob/9d20f3081c9074d5b012427e5572ebc03da8d95d/smart_contracts/fabric/firefly-go/batchpin/batchpin.go
firefly,smart_contracts/fabric/firefly-go/chaincode/contract.go,Deployed contract examples and artifacts,firefly.core.blockchain,https://github.com/hyperledger-firefly/firefly/blob/9d20f3081c9074d5b012427e5572ebc03da8d95d/smart_contracts/fabric/firefly-go/chaincode/contract.go
firefly,smart_contracts/fabric/firefly-go/chaincode/contract_test.go,Test or generated test support,,https://github.com/hyperledger-firefly/firefly/blob/9d20f3081c9074d5b012427e5572ebc03da8d95d/smart_contracts/fabric/firefly-go/chaincode/contract_test.go
firefly,smart_contracts/fabric/firefly-go/chaincode/mocks/chaincodestub.go,Test or generated test support,,https://github.com/hyperledger-firefly/firefly/blob/9d20f3081c9074d5b012427e5572ebc03da8d95d/smart_contracts/fabric/firefly-go/chaincode/mocks/chaincodestub.go
firefly,smart_contracts/fabric/firefly-go/chaincode/mocks/clientidentity.go,Test or generated test support,,https://github.com/hyperledger-firefly/firefly/blob/9d20f3081c9074d5b012427e5572ebc03da8d95d/smart_contracts/fabric/firefly-go/chaincode/mocks/clientidentity.go
firefly,smart_contracts/fabric/firefly-go/chaincode/mocks/statequeryiterator.go,Test or generated test support,,https://github.com/hyperledger-firefly/firefly/blob/9d20f3081c9074d5b012427e5572ebc03da8d95d/smart_contracts/fabric/firefly-go/chaincode/mocks/statequeryiterator.go
firefly,smart_contracts/fabric/firefly-go/chaincode/mocks/transaction.go,Test or generated test support,,https://github.com/hyperledger-firefly/firefly/blob/9d20f3081c9074d5b012427e5572ebc03da8d95d/smart_contracts/fabric/firefly-go/chaincode/mocks/transaction.go
firefly,smart_contracts/fabric/firefly-go/firefly.go,Deployed contract examples and artifacts,firefly.core.blockchain,https://github.com/hyperledger-firefly/firefly/blob/9d20f3081c9074d5b012427e5572ebc03da8d95d/smart_contracts/fabric/firefly-go/firefly.go
firefly,test/data/contracts/assetcreator/assetCreator.go,Test or generated test support,,https://github.com/hyperledger-firefly/firefly/blob/9d20f3081c9074d5b012427e5572ebc03da8d95d/test/data/contracts/assetcreator/assetCreator.go
firefly,test/data/contracts/assetcreator/chaincode/smartcontract.go,Test or generated test support,,https://github.com/hyperledger-firefly/firefly/blob/9d20f3081c9074d5b012427e5572ebc03da8d95d/test/data/contracts/assetcreator/chaincode/smartcontract.go
firefly,test/data/contracts/reverter/reverter.sol,Test or generated test support,,https://github.com/hyperledger-firefly/firefly/blob/9d20f3081c9074d5b012427e5572ebc03da8d95d/test/data/contracts/reverter/reverter.sol
firefly,test/e2e/client/restclient.go,Test or generated test support,,https://github.com/hyperledger-firefly/firefly/blob/9d20f3081c9074d5b012427e5572ebc03da8d95d/test/e2e/client/restclient.go
firefly,test/e2e/common.go,Test or generated test support,,https://github.com/hyperledger-firefly/firefly/blob/9d20f3081c9074d5b012427e5572ebc03da8d95d/test/e2e/common.go
firefly,test/e2e/e2e.go,Test or generated test support,,https://github.com/hyperledger-firefly/firefly/blob/9d20f3081c9074d5b012427e5572ebc03da8d95d/test/e2e/e2e.go
firefly,test/e2e/gateway/common.go,Test or generated test support,,https://github.com/hyperledger-firefly/firefly/blob/9d20f3081c9074d5b012427e5572ebc03da8d95d/test/e2e/gateway/common.go
firefly,test/e2e/gateway/ethereum_coupon.go,Test or generated test support,,https://github.com/hyperledger-firefly/firefly/blob/9d20f3081c9074d5b012427e5572ebc03da8d95d/test/e2e/gateway/ethereum_coupon.go
firefly,test/e2e/gateway/ethereum_revert.go,Test or generated test support,,https://github.com/hyperledger-firefly/firefly/blob/9d20f3081c9074d5b012427e5572ebc03da8d95d/test/e2e/gateway/ethereum_revert.go
firefly,test/e2e/gateway/ethereum_simplestorage.go,Test or generated test support,,https://github.com/hyperledger-firefly/firefly/blob/9d20f3081c9074d5b012427e5572ebc03da8d95d/test/e2e/gateway/ethereum_simplestorage.go
firefly,test/e2e/gateway/fabric_contracts.go,Test or generated test support,,https://github.com/hyperledger-firefly/firefly/blob/9d20f3081c9074d5b012427e5572ebc03da8d95d/test/e2e/gateway/fabric_contracts.go
firefly,test/e2e/gateway/tokens.go,Test or generated test support,,https://github.com/hyperledger-firefly/firefly/blob/9d20f3081c9074d5b012427e5572ebc03da8d95d/test/e2e/gateway/tokens.go
firefly,test/e2e/gateway/tokens_only.go,Test or generated test support,,https://github.com/hyperledger-firefly/firefly/blob/9d20f3081c9074d5b012427e5572ebc03da8d95d/test/e2e/gateway/tokens_only.go
firefly,test/e2e/multiparty/common.go,Test or generated test support,,https://github.com/hyperledger-firefly/firefly/blob/9d20f3081c9074d5b012427e5572ebc03da8d95d/test/e2e/multiparty/common.go
firefly,test/e2e/multiparty/contract_migration.go,Test or generated test support,,https://github.com/hyperledger-firefly/firefly/blob/9d20f3081c9074d5b012427e5572ebc03da8d95d/test/e2e/multiparty/contract_migration.go
firefly,test/e2e/multiparty/contract_migration_v1.go,Test or generated test support,,https://github.com/hyperledger-firefly/firefly/blob/9d20f3081c9074d5b012427e5572ebc03da8d95d/test/e2e/multiparty/contract_migration_v1.go
firefly,test/e2e/multiparty/ethereum_contract_message.go,Test or generated test support,,https://github.com/hyperledger-firefly/firefly/blob/9d20f3081c9074d5b012427e5572ebc03da8d95d/test/e2e/multiparty/ethereum_contract_message.go
firefly,test/e2e/multiparty/ethereum_contracts.go,Test or generated test support,,https://github.com/hyperledger-firefly/firefly/blob/9d20f3081c9074d5b012427e5572ebc03da8d95d/test/e2e/multiparty/ethereum_contracts.go
firefly,test/e2e/multiparty/ethereum_token_contract.go,Test or generated test support,,https://github.com/hyperledger-firefly/firefly/blob/9d20f3081c9074d5b012427e5572ebc03da8d95d/test/e2e/multiparty/ethereum_token_contract.go
firefly,test/e2e/multiparty/fabric_contract_message.go,Test or generated test support,,https://github.com/hyperledger-firefly/firefly/blob/9d20f3081c9074d5b012427e5572ebc03da8d95d/test/e2e/multiparty/fabric_contract_message.go
firefly,test/e2e/multiparty/fabric_contracts.go,Test or generated test support,,https://github.com/hyperledger-firefly/firefly/blob/9d20f3081c9074d5b012427e5572ebc03da8d95d/test/e2e/multiparty/fabric_contracts.go
firefly,test/e2e/multiparty/identity.go,Test or generated test support,,https://github.com/hyperledger-firefly/firefly/blob/9d20f3081c9074d5b012427e5572ebc03da8d95d/test/e2e/multiparty/identity.go
firefly,test/e2e/multiparty/multi_tenancy.go,Test or generated test support,,https://github.com/hyperledger-firefly/firefly/blob/9d20f3081c9074d5b012427e5572ebc03da8d95d/test/e2e/multiparty/multi_tenancy.go
firefly,test/e2e/multiparty/onchain_offchain.go,Test or generated test support,,https://github.com/hyperledger-firefly/firefly/blob/9d20f3081c9074d5b012427e5572ebc03da8d95d/test/e2e/multiparty/onchain_offchain.go
firefly,test/e2e/multiparty/tokens.go,Test or generated test support,,https://github.com/hyperledger-firefly/firefly/blob/9d20f3081c9074d5b012427e5572ebc03da8d95d/test/e2e/multiparty/tokens.go
firefly,test/e2e/multiparty/tokens_remote_name.go,Test or generated test support,,https://github.com/hyperledger-firefly/firefly/blob/9d20f3081c9074d5b012427e5572ebc03da8d95d/test/e2e/multiparty/tokens_remote_name.go
firefly,test/e2e/runners/ethereum_gateway_test.go,Test or generated test support,,https://github.com/hyperledger-firefly/firefly/blob/9d20f3081c9074d5b012427e5572ebc03da8d95d/test/e2e/runners/ethereum_gateway_test.go
firefly,test/e2e/runners/ethereum_multiparty_test.go,Test or generated test support,,https://github.com/hyperledger-firefly/firefly/blob/9d20f3081c9074d5b012427e5572ebc03da8d95d/test/e2e/runners/ethereum_multiparty_test.go
firefly,test/e2e/runners/ethereum_multiparty_tokens_remote_name_test.go,Test or generated test support,,https://github.com/hyperledger-firefly/firefly/blob/9d20f3081c9074d5b012427e5572ebc03da8d95d/test/e2e/runners/ethereum_multiparty_tokens_remote_name_test.go
firefly,test/e2e/runners/ethereum_namespace.go,Test or generated test support,,https://github.com/hyperledger-firefly/firefly/blob/9d20f3081c9074d5b012427e5572ebc03da8d95d/test/e2e/runners/ethereum_namespace.go
firefly,test/e2e/runners/ethereum_v1_migration_test.go,Test or generated test support,,https://github.com/hyperledger-firefly/firefly/blob/9d20f3081c9074d5b012427e5572ebc03da8d95d/test/e2e/runners/ethereum_v1_migration_test.go
firefly,test/e2e/runners/fabric_gateway_test.go,Test or generated test support,,https://github.com/hyperledger-firefly/firefly/blob/9d20f3081c9074d5b012427e5572ebc03da8d95d/test/e2e/runners/fabric_gateway_test.go
firefly,test/e2e/runners/fabric_multiparty_global_listener_test.go,Test or generated test support,,https://github.com/hyperledger-firefly/firefly/blob/9d20f3081c9074d5b012427e5572ebc03da8d95d/test/e2e/runners/fabric_multiparty_global_listener_test.go
firefly,test/e2e/runners/fabric_multiparty_test.go,Test or generated test support,,https://github.com/hyperledger-firefly/firefly/blob/9d20f3081c9074d5b012427e5572ebc03da8d95d/test/e2e/runners/fabric_multiparty_test.go
firefly,test/e2e/stack.go,Test or generated test support,,https://github.com/hyperledger-firefly/firefly/blob/9d20f3081c9074d5b012427e5572ebc03da8d95d/test/e2e/stack.go
common,examples/ffpubsub.go,Library examples,firefly.core,https://github.com/hyperledger-firefly/common/blob/b91a1eb645e5bc39c54ed20ad0e917cff7d15d2e/examples/ffpubsub.go
common,mocks/authmocks/plugin.go,Test or generated test support,,https://github.com/hyperledger-firefly/common/blob/b91a1eb645e5bc39c54ed20ad0e917cff7d15d2e/mocks/authmocks/plugin.go
common,mocks/crudmocks/crud.go,Test or generated test support,,https://github.com/hyperledger-firefly/common/blob/b91a1eb645e5bc39c54ed20ad0e917cff7d15d2e/mocks/crudmocks/crud.go
common,mocks/dbmigratemocks/driver.go,Test or generated test support,,https://github.com/hyperledger-firefly/common/blob/b91a1eb645e5bc39c54ed20ad0e917cff7d15d2e/mocks/dbmigratemocks/driver.go
common,mocks/httpservermocks/go_http_server.go,Test or generated test support,,https://github.com/hyperledger-firefly/common/blob/b91a1eb645e5bc39c54ed20ad0e917cff7d15d2e/mocks/httpservermocks/go_http_server.go
common,mocks/wsservermocks/protocol.go,Test or generated test support,,https://github.com/hyperledger-firefly/common/blob/b91a1eb645e5bc39c54ed20ad0e917cff7d15d2e/mocks/wsservermocks/protocol.go
common,mocks/wsservermocks/web_socket_server.go,Test or generated test support,,https://github.com/hyperledger-firefly/common/blob/b91a1eb645e5bc39c54ed20ad0e917cff7d15d2e/mocks/wsservermocks/web_socket_server.go
common,pkg/auth/authfactory/factory.go,Modeled component responsibility,firefly.core.auth,https://github.com/hyperledger-firefly/common/blob/b91a1eb645e5bc39c54ed20ad0e917cff7d15d2e/pkg/auth/authfactory/factory.go
common,pkg/auth/basic/basic_auth.go,Modeled component responsibility,firefly.core.basicAuth,https://github.com/hyperledger-firefly/common/blob/b91a1eb645e5bc39c54ed20ad0e917cff7d15d2e/pkg/auth/basic/basic_auth.go
common,pkg/auth/basic/basic_auth_test.go,Test or generated test support,,https://github.com/hyperledger-firefly/common/blob/b91a1eb645e5bc39c54ed20ad0e917cff7d15d2e/pkg/auth/basic/basic_auth_test.go
common,pkg/auth/basic/config.go,Modeled component responsibility,firefly.core.basicAuth,https://github.com/hyperledger-firefly/common/blob/b91a1eb645e5bc39c54ed20ad0e917cff7d15d2e/pkg/auth/basic/config.go
common,pkg/auth/handler.go,Modeled component responsibility,firefly.core.auth,https://github.com/hyperledger-firefly/common/blob/b91a1eb645e5bc39c54ed20ad0e917cff7d15d2e/pkg/auth/handler.go
common,pkg/auth/handler_test.go,Test or generated test support,,https://github.com/hyperledger-firefly/common/blob/b91a1eb645e5bc39c54ed20ad0e917cff7d15d2e/pkg/auth/handler_test.go
common,pkg/auth/plugin.go,Modeled component responsibility,firefly.core.auth,https://github.com/hyperledger-firefly/common/blob/b91a1eb645e5bc39c54ed20ad0e917cff7d15d2e/pkg/auth/plugin.go
common,pkg/cache/cache.go,Embedded shared library,firefly.core,https://github.com/hyperledger-firefly/common/blob/b91a1eb645e5bc39c54ed20ad0e917cff7d15d2e/pkg/cache/cache.go
common,pkg/cache/cache_test.go,Test or generated test support,,https://github.com/hyperledger-firefly/common/blob/b91a1eb645e5bc39c54ed20ad0e917cff7d15d2e/pkg/cache/cache_test.go
common,pkg/config/cobracmd.go,Embedded shared library,firefly.core,https://github.com/hyperledger-firefly/common/blob/b91a1eb645e5bc39c54ed20ad0e917cff7d15d2e/pkg/config/cobracmd.go
common,pkg/config/cobracmd_test.go,Test or generated test support,,https://github.com/hyperledger-firefly/common/blob/b91a1eb645e5bc39c54ed20ad0e917cff7d15d2e/pkg/config/cobracmd_test.go
common,pkg/config/config.go,Embedded shared library,firefly.core,https://github.com/hyperledger-firefly/common/blob/b91a1eb645e5bc39c54ed20ad0e917cff7d15d2e/pkg/config/config.go
common,pkg/config/config_test.go,Test or generated test support,,https://github.com/hyperledger-firefly/common/blob/b91a1eb645e5bc39c54ed20ad0e917cff7d15d2e/pkg/config/config_test.go
common,pkg/dbsql/config.go,Embedded shared library,firefly.core,https://github.com/hyperledger-firefly/common/blob/b91a1eb645e5bc39c54ed20ad0e917cff7d15d2e/pkg/dbsql/config.go
common,pkg/dbsql/crud.go,Embedded shared library,firefly.core,https://github.com/hyperledger-firefly/common/blob/b91a1eb645e5bc39c54ed20ad0e917cff7d15d2e/pkg/dbsql/crud.go
common,pkg/dbsql/crud_test.go,Test or generated test support,,https://github.com/hyperledger-firefly/common/blob/b91a1eb645e5bc39c54ed20ad0e917cff7d15d2e/pkg/dbsql/crud_test.go
common,pkg/dbsql/database.go,Embedded shared library,firefly.core,https://github.com/hyperledger-firefly/common/blob/b91a1eb645e5bc39c54ed20ad0e917cff7d15d2e/pkg/dbsql/database.go
common,pkg/dbsql/database_test.go,Test or generated test support,,https://github.com/hyperledger-firefly/common/blob/b91a1eb645e5bc39c54ed20ad0e917cff7d15d2e/pkg/dbsql/database_test.go
common,pkg/dbsql/filter_sql.go,Embedded shared library,firefly.core,https://github.com/hyperledger-firefly/common/blob/b91a1eb645e5bc39c54ed20ad0e917cff7d15d2e/pkg/dbsql/filter_sql.go
common,pkg/dbsql/filter_sql_test.go,Test or generated test support,,https://github.com/hyperledger-firefly/common/blob/b91a1eb645e5bc39c54ed20ad0e917cff7d15d2e/pkg/dbsql/filter_sql_test.go
common,pkg/dbsql/mock_provider.go,Embedded shared library,firefly.core,https://github.com/hyperledger-firefly/common/blob/b91a1eb645e5bc39c54ed20ad0e917cff7d15d2e/pkg/dbsql/mock_provider.go
common,pkg/dbsql/mock_provider_test.go,Test or generated test support,,https://github.com/hyperledger-firefly/common/blob/b91a1eb645e5bc39c54ed20ad0e917cff7d15d2e/pkg/dbsql/mock_provider_test.go
common,pkg/dbsql/postgres_helpers.go,Embedded shared library,firefly.core,https://github.com/hyperledger-firefly/common/blob/b91a1eb645e5bc39c54ed20ad0e917cff7d15d2e/pkg/dbsql/postgres_helpers.go
common,pkg/dbsql/postgres_helpers_test.go,Test or generated test support,,https://github.com/hyperledger-firefly/common/blob/b91a1eb645e5bc39c54ed20ad0e917cff7d15d2e/pkg/dbsql/postgres_helpers_test.go
common,pkg/dbsql/provider.go,Embedded shared library,firefly.core,https://github.com/hyperledger-firefly/common/blob/b91a1eb645e5bc39c54ed20ad0e917cff7d15d2e/pkg/dbsql/provider.go
common,pkg/dbsql/provider_sqlitego.go,Embedded shared library,firefly.core,https://github.com/hyperledger-firefly/common/blob/b91a1eb645e5bc39c54ed20ad0e917cff7d15d2e/pkg/dbsql/provider_sqlitego.go
common,pkg/eventstreams/activestream.go,Embedded shared library,firefly.core,https://github.com/hyperledger-firefly/common/blob/b91a1eb645e5bc39c54ed20ad0e917cff7d15d2e/pkg/eventstreams/activestream.go
common,pkg/eventstreams/activestream_test.go,Test or generated test support,,https://github.com/hyperledger-firefly/common/blob/b91a1eb645e5bc39c54ed20ad0e917cff7d15d2e/pkg/eventstreams/activestream_test.go
common,pkg/eventstreams/config.go,Embedded shared library,firefly.core,https://github.com/hyperledger-firefly/common/blob/b91a1eb645e5bc39c54ed20ad0e917cff7d15d2e/pkg/eventstreams/config.go
common,pkg/eventstreams/config_test.go,Test or generated test support,,https://github.com/hyperledger-firefly/common/blob/b91a1eb645e5bc39c54ed20ad0e917cff7d15d2e/pkg/eventstreams/config_test.go
common,pkg/eventstreams/e2e_test.go,Test or generated test support,,https://github.com/hyperledger-firefly/common/blob/b91a1eb645e5bc39c54ed20ad0e917cff7d15d2e/pkg/eventstreams/e2e_test.go
common,pkg/eventstreams/event.go,Embedded shared library,firefly.core,https://github.com/hyperledger-firefly/common/blob/b91a1eb645e5bc39c54ed20ad0e917cff7d15d2e/pkg/eventstreams/event.go
common,pkg/eventstreams/event_test.go,Test or generated test support,,https://github.com/hyperledger-firefly/common/blob/b91a1eb645e5bc39c54ed20ad0e917cff7d15d2e/pkg/eventstreams/event_test.go
common,pkg/eventstreams/eventstreams.go,Embedded shared library,firefly.core,https://github.com/hyperledger-firefly/common/blob/b91a1eb645e5bc39c54ed20ad0e917cff7d15d2e/pkg/eventstreams/eventstreams.go
common,pkg/eventstreams/eventstreams_test.go,Test or generated test support,,https://github.com/hyperledger-firefly/common/blob/b91a1eb645e5bc39c54ed20ad0e917cff7d15d2e/pkg/eventstreams/eventstreams_test.go
common,pkg/eventstreams/manager.go,Embedded shared library,firefly.core,https://github.com/hyperledger-firefly/common/blob/b91a1eb645e5bc39c54ed20ad0e917cff7d15d2e/pkg/eventstreams/manager.go
common,pkg/eventstreams/manager_test.go,Test or generated test support,,https://github.com/hyperledger-firefly/common/blob/b91a1eb645e5bc39c54ed20ad0e917cff7d15d2e/pkg/eventstreams/manager_test.go
common,pkg/eventstreams/persistence.go,Embedded shared library,firefly.core,https://github.com/hyperledger-firefly/common/blob/b91a1eb645e5bc39c54ed20ad0e917cff7d15d2e/pkg/eventstreams/persistence.go
common,pkg/eventstreams/webhooks.go,Embedded shared library,firefly.core,https://github.com/hyperledger-firefly/common/blob/b91a1eb645e5bc39c54ed20ad0e917cff7d15d2e/pkg/eventstreams/webhooks.go
common,pkg/eventstreams/webhooks_test.go,Test or generated test support,,https://github.com/hyperledger-firefly/common/blob/b91a1eb645e5bc39c54ed20ad0e917cff7d15d2e/pkg/eventstreams/webhooks_test.go
common,pkg/eventstreams/websockets.go,Embedded shared library,firefly.core,https://github.com/hyperledger-firefly/common/blob/b91a1eb645e5bc39c54ed20ad0e917cff7d15d2e/pkg/eventstreams/websockets.go
common,pkg/eventstreams/websockets_test.go,Test or generated test support,,https://github.com/hyperledger-firefly/common/blob/b91a1eb645e5bc39c54ed20ad0e917cff7d15d2e/pkg/eventstreams/websockets_test.go
common,pkg/ffapi/apirequest.go,Embedded shared library,firefly.core,https://github.com/hyperledger-firefly/common/blob/b91a1eb645e5bc39c54ed20ad0e917cff7d15d2e/pkg/ffapi/apirequest.go
common,pkg/ffapi/apirequest_test.go,Test or generated test support,,https://github.com/hyperledger-firefly/common/blob/b91a1eb645e5bc39c54ed20ad0e917cff7d15d2e/pkg/ffapi/apirequest_test.go
common,pkg/ffapi/apiserver.go,Embedded shared library,firefly.core,https://github.com/hyperledger-firefly/common/blob/b91a1eb645e5bc39c54ed20ad0e917cff7d15d2e/pkg/ffapi/apiserver.go
common,pkg/ffapi/apiserver_config.go,Embedded shared library,firefly.core,https://github.com/hyperledger-firefly/common/blob/b91a1eb645e5bc39c54ed20ad0e917cff7d15d2e/pkg/ffapi/apiserver_config.go
common,pkg/ffapi/apiserver_test.go,Test or generated test support,,https://github.com/hyperledger-firefly/common/blob/b91a1eb645e5bc39c54ed20ad0e917cff7d15d2e/pkg/ffapi/apiserver_test.go
common,pkg/ffapi/favicons.go,Embedded shared library,firefly.core,https://github.com/hyperledger-firefly/common/blob/b91a1eb645e5bc39c54ed20ad0e917cff7d15d2e/pkg/ffapi/favicons.go
common,pkg/ffapi/favicons_test.go,Test or generated test support,,https://github.com/hyperledger-firefly/common/blob/b91a1eb645e5bc39c54ed20ad0e917cff7d15d2e/pkg/ffapi/favicons_test.go
common,pkg/ffapi/filter.go,Embedded shared library,firefly.core,https://github.com/hyperledger-firefly/common/blob/b91a1eb645e5bc39c54ed20ad0e917cff7d15d2e/pkg/ffapi/filter.go
common,pkg/ffapi/filter_test.go,Test or generated test support,,https://github.com/hyperledger-firefly/common/blob/b91a1eb645e5bc39c54ed20ad0e917cff7d15d2e/pkg/ffapi/filter_test.go
common,pkg/ffapi/handler.go,Embedded shared library,firefly.core,https://github.com/hyperledger-firefly/common/blob/b91a1eb645e5bc39c54ed20ad0e917cff7d15d2e/pkg/ffapi/handler.go
common,pkg/ffapi/handler_test.go,Test or generated test support,,https://github.com/hyperledger-firefly/common/blob/b91a1eb645e5bc39c54ed20ad0e917cff7d15d2e/pkg/ffapi/handler_test.go
common,pkg/ffapi/multipart.go,Embedded shared library,firefly.core,https://github.com/hyperledger-firefly/common/blob/b91a1eb645e5bc39c54ed20ad0e917cff7d15d2e/pkg/ffapi/multipart.go
common,pkg/ffapi/openapi3.go,Embedded shared library,firefly.core,https://github.com/hyperledger-firefly/common/blob/b91a1eb645e5bc39c54ed20ad0e917cff7d15d2e/pkg/ffapi/openapi3.go
common,pkg/ffapi/openapi3_test.go,Test or generated test support,,https://github.com/hyperledger-firefly/common/blob/b91a1eb645e5bc39c54ed20ad0e917cff7d15d2e/pkg/ffapi/openapi3_test.go
common,pkg/ffapi/openapihandler.go,Embedded shared library,firefly.core,https://github.com/hyperledger-firefly/common/blob/b91a1eb645e5bc39c54ed20ad0e917cff7d15d2e/pkg/ffapi/openapihandler.go
common,pkg/ffapi/openapihandler_test.go,Test or generated test support,,https://github.com/hyperledger-firefly/common/blob/b91a1eb645e5bc39c54ed20ad0e917cff7d15d2e/pkg/ffapi/openapihandler_test.go
common,pkg/ffapi/query_fields.go,Embedded shared library,firefly.core,https://github.com/hyperledger-firefly/common/blob/b91a1eb645e5bc39c54ed20ad0e917cff7d15d2e/pkg/ffapi/query_fields.go
common,pkg/ffapi/query_fields_test.go,Test or generated test support,,https://github.com/hyperledger-firefly/common/blob/b91a1eb645e5bc39c54ed20ad0e917cff7d15d2e/pkg/ffapi/query_fields_test.go
common,pkg/ffapi/restfilter.go,Embedded shared library,firefly.core,https://github.com/hyperledger-firefly/common/blob/b91a1eb645e5bc39c54ed20ad0e917cff7d15d2e/pkg/ffapi/restfilter.go
common,pkg/ffapi/restfilter_json.go,Embedded shared library,firefly.core,https://github.com/hyperledger-firefly/common/blob/b91a1eb645e5bc39c54ed20ad0e917cff7d15d2e/pkg/ffapi/restfilter_json.go
common,pkg/ffapi/restfilter_json_builder.go,Embedded shared library,firefly.core,https://github.com/hyperledger-firefly/common/blob/b91a1eb645e5bc39c54ed20ad0e917cff7d15d2e/pkg/ffapi/restfilter_json_builder.go
common,pkg/ffapi/restfilter_json_builder_test.go,Test or generated test support,,https://github.com/hyperledger-firefly/common/blob/b91a1eb645e5bc39c54ed20ad0e917cff7d15d2e/pkg/ffapi/restfilter_json_builder_test.go
common,pkg/ffapi/restfilter_json_test.go,Test or generated test support,,https://github.com/hyperledger-firefly/common/blob/b91a1eb645e5bc39c54ed20ad0e917cff7d15d2e/pkg/ffapi/restfilter_json_test.go
common,pkg/ffapi/restfilter_test.go,Test or generated test support,,https://github.com/hyperledger-firefly/common/blob/b91a1eb645e5bc39c54ed20ad0e917cff7d15d2e/pkg/ffapi/restfilter_test.go
common,pkg/ffapi/routes.go,Embedded shared library,firefly.core,https://github.com/hyperledger-firefly/common/blob/b91a1eb645e5bc39c54ed20ad0e917cff7d15d2e/pkg/ffapi/routes.go
common,pkg/ffapi/update.go,Embedded shared library,firefly.core,https://github.com/hyperledger-firefly/common/blob/b91a1eb645e5bc39c54ed20ad0e917cff7d15d2e/pkg/ffapi/update.go
common,pkg/ffapi/update_test.go,Test or generated test support,,https://github.com/hyperledger-firefly/common/blob/b91a1eb645e5bc39c54ed20ad0e917cff7d15d2e/pkg/ffapi/update_test.go
common,pkg/ffdns/config.go,Embedded shared library,firefly.core,https://github.com/hyperledger-firefly/common/blob/b91a1eb645e5bc39c54ed20ad0e917cff7d15d2e/pkg/ffdns/config.go
common,pkg/ffdns/ffdns.go,Embedded shared library,firefly.core,https://github.com/hyperledger-firefly/common/blob/b91a1eb645e5bc39c54ed20ad0e917cff7d15d2e/pkg/ffdns/ffdns.go
common,pkg/ffdns/ffdns_test.go,Test or generated test support,,https://github.com/hyperledger-firefly/common/blob/b91a1eb645e5bc39c54ed20ad0e917cff7d15d2e/pkg/ffdns/ffdns_test.go
common,pkg/ffnet/config.go,Embedded shared library,firefly.core,https://github.com/hyperledger-firefly/common/blob/b91a1eb645e5bc39c54ed20ad0e917cff7d15d2e/pkg/ffnet/config.go
common,pkg/ffnet/ffnet.go,Embedded shared library,firefly.core,https://github.com/hyperledger-firefly/common/blob/b91a1eb645e5bc39c54ed20ad0e917cff7d15d2e/pkg/ffnet/ffnet.go
common,pkg/ffnet/ffnet_test.go,Test or generated test support,,https://github.com/hyperledger-firefly/common/blob/b91a1eb645e5bc39c54ed20ad0e917cff7d15d2e/pkg/ffnet/ffnet_test.go
common,pkg/ffresty/config.go,Embedded shared library,firefly.core,https://github.com/hyperledger-firefly/common/blob/b91a1eb645e5bc39c54ed20ad0e917cff7d15d2e/pkg/ffresty/config.go
common,pkg/ffresty/config_test.go,Test or generated test support,,https://github.com/hyperledger-firefly/common/blob/b91a1eb645e5bc39c54ed20ad0e917cff7d15d2e/pkg/ffresty/config_test.go
common,pkg/ffresty/ffresty.go,Embedded shared library,firefly.core,https://github.com/hyperledger-firefly/common/blob/b91a1eb645e5bc39c54ed20ad0e917cff7d15d2e/pkg/ffresty/ffresty.go
common,pkg/ffresty/ffresty_test.go,Test or generated test support,,https://github.com/hyperledger-firefly/common/blob/b91a1eb645e5bc39c54ed20ad0e917cff7d15d2e/pkg/ffresty/ffresty_test.go
common,pkg/fftls/certexpiry_test.go,Test or generated test support,,https://github.com/hyperledger-firefly/common/blob/b91a1eb645e5bc39c54ed20ad0e917cff7d15d2e/pkg/fftls/certexpiry_test.go
common,pkg/fftls/config.go,Embedded shared library,firefly.core,https://github.com/hyperledger-firefly/common/blob/b91a1eb645e5bc39c54ed20ad0e917cff7d15d2e/pkg/fftls/config.go
common,pkg/fftls/fftls.go,Embedded shared library,firefly.core,https://github.com/hyperledger-firefly/common/blob/b91a1eb645e5bc39c54ed20ad0e917cff7d15d2e/pkg/fftls/fftls.go
common,pkg/fftls/fftls_test.go,Test or generated test support,,https://github.com/hyperledger-firefly/common/blob/b91a1eb645e5bc39c54ed20ad0e917cff7d15d2e/pkg/fftls/fftls_test.go
common,pkg/fftypes/auth.go,Embedded shared library,firefly.core,https://github.com/hyperledger-firefly/common/blob/b91a1eb645e5bc39c54ed20ad0e917cff7d15d2e/pkg/fftypes/auth.go
common,pkg/fftypes/bigint.go,Embedded shared library,firefly.core,https://github.com/hyperledger-firefly/common/blob/b91a1eb645e5bc39c54ed20ad0e917cff7d15d2e/pkg/fftypes/bigint.go
common,pkg/fftypes/bigint_test.go,Test or generated test support,,https://github.com/hyperledger-firefly/common/blob/b91a1eb645e5bc39c54ed20ad0e917cff7d15d2e/pkg/fftypes/bigint_test.go
common,pkg/fftypes/bytetypes.go,Embedded shared library,firefly.core,https://github.com/hyperledger-firefly/common/blob/b91a1eb645e5bc39c54ed20ad0e917cff7d15d2e/pkg/fftypes/bytetypes.go
common,pkg/fftypes/bytetypes_test.go,Test or generated test support,,https://github.com/hyperledger-firefly/common/blob/b91a1eb645e5bc39c54ed20ad0e917cff7d15d2e/pkg/fftypes/bytetypes_test.go
common,pkg/fftypes/config_record.go,Embedded shared library,firefly.core,https://github.com/hyperledger-firefly/common/blob/b91a1eb645e5bc39c54ed20ad0e917cff7d15d2e/pkg/fftypes/config_record.go
common,pkg/fftypes/enum.go,Embedded shared library,firefly.core,https://github.com/hyperledger-firefly/common/blob/b91a1eb645e5bc39c54ed20ad0e917cff7d15d2e/pkg/fftypes/enum.go
common,pkg/fftypes/enum_test.go,Test or generated test support,,https://github.com/hyperledger-firefly/common/blob/b91a1eb645e5bc39c54ed20ad0e917cff7d15d2e/pkg/fftypes/enum_test.go
common,pkg/fftypes/ffi.go,Embedded shared library,firefly.core,https://github.com/hyperledger-firefly/common/blob/b91a1eb645e5bc39c54ed20ad0e917cff7d15d2e/pkg/fftypes/ffi.go
common,pkg/fftypes/ffi_param_validator.go,Embedded shared library,firefly.core,https://github.com/hyperledger-firefly/common/blob/b91a1eb645e5bc39c54ed20ad0e917cff7d15d2e/pkg/fftypes/ffi_param_validator.go
common,pkg/fftypes/ffi_param_validator_test.go,Test or generated test support,,https://github.com/hyperledger-firefly/common/blob/b91a1eb645e5bc39c54ed20ad0e917cff7d15d2e/pkg/fftypes/ffi_param_validator_test.go
common,pkg/fftypes/ffi_test.go,Test or generated test support,,https://github.com/hyperledger-firefly/common/blob/b91a1eb645e5bc39c54ed20ad0e917cff7d15d2e/pkg/fftypes/ffi_test.go
common,pkg/fftypes/hashutils.go,Embedded shared library,firefly.core,https://github.com/hyperledger-firefly/common/blob/b91a1eb645e5bc39c54ed20ad0e917cff7d15d2e/pkg/fftypes/hashutils.go
common,pkg/fftypes/idutils.go,Embedded shared library,firefly.core,https://github.com/hyperledger-firefly/common/blob/b91a1eb645e5bc39c54ed20ad0e917cff7d15d2e/pkg/fftypes/idutils.go
common,pkg/fftypes/idutils_test.go,Test or generated test support,,https://github.com/hyperledger-firefly/common/blob/b91a1eb645e5bc39c54ed20ad0e917cff7d15d2e/pkg/fftypes/idutils_test.go
common,pkg/fftypes/int.go,Embedded shared library,firefly.core,https://github.com/hyperledger-firefly/common/blob/b91a1eb645e5bc39c54ed20ad0e917cff7d15d2e/pkg/fftypes/int.go
common,pkg/fftypes/int_test.go,Test or generated test support,,https://github.com/hyperledger-firefly/common/blob/b91a1eb645e5bc39c54ed20ad0e917cff7d15d2e/pkg/fftypes/int_test.go
common,pkg/fftypes/jsonany.go,Embedded shared library,firefly.core,https://github.com/hyperledger-firefly/common/blob/b91a1eb645e5bc39c54ed20ad0e917cff7d15d2e/pkg/fftypes/jsonany.go
common,pkg/fftypes/jsonany_test.go,Test or generated test support,,https://github.com/hyperledger-firefly/common/blob/b91a1eb645e5bc39c54ed20ad0e917cff7d15d2e/pkg/fftypes/jsonany_test.go
common,pkg/fftypes/jsonobject.go,Embedded shared library,firefly.core,https://github.com/hyperledger-firefly/common/blob/b91a1eb645e5bc39c54ed20ad0e917cff7d15d2e/pkg/fftypes/jsonobject.go
common,pkg/fftypes/jsonobject_test.go,Test or generated test support,,https://github.com/hyperledger-firefly/common/blob/b91a1eb645e5bc39c54ed20ad0e917cff7d15d2e/pkg/fftypes/jsonobject_test.go
common,pkg/fftypes/jsonobjectarray.go,Embedded shared library,firefly.core,https://github.com/hyperledger-firefly/common/blob/b91a1eb645e5bc39c54ed20ad0e917cff7d15d2e/pkg/fftypes/jsonobjectarray.go
common,pkg/fftypes/jsonobjectarray_test.go,Test or generated test support,,https://github.com/hyperledger-firefly/common/blob/b91a1eb645e5bc39c54ed20ad0e917cff7d15d2e/pkg/fftypes/jsonobjectarray_test.go
common,pkg/fftypes/jsonobjectutils.go,Embedded shared library,firefly.core,https://github.com/hyperledger-firefly/common/blob/b91a1eb645e5bc39c54ed20ad0e917cff7d15d2e/pkg/fftypes/jsonobjectutils.go
common,pkg/fftypes/jsonobjectutils_test.go,Test or generated test support,,https://github.com/hyperledger-firefly/common/blob/b91a1eb645e5bc39c54ed20ad0e917cff7d15d2e/pkg/fftypes/jsonobjectutils_test.go
common,pkg/fftypes/jsonscan.go,Embedded shared library,firefly.core,https://github.com/hyperledger-firefly/common/blob/b91a1eb645e5bc39c54ed20ad0e917cff7d15d2e/pkg/fftypes/jsonscan.go
common,pkg/fftypes/jsonscan_test.go,Test or generated test support,,https://github.com/hyperledger-firefly/common/blob/b91a1eb645e5bc39c54ed20ad0e917cff7d15d2e/pkg/fftypes/jsonscan_test.go
common,pkg/fftypes/nilcheck.go,Embedded shared library,firefly.core,https://github.com/hyperledger-firefly/common/blob/b91a1eb645e5bc39c54ed20ad0e917cff7d15d2e/pkg/fftypes/nilcheck.go
common,pkg/fftypes/resterror.go,Embedded shared library,firefly.core,https://github.com/hyperledger-firefly/common/blob/b91a1eb645e5bc39c54ed20ad0e917cff7d15d2e/pkg/fftypes/resterror.go
common,pkg/fftypes/sentinal_errors.go,Embedded shared library,firefly.core,https://github.com/hyperledger-firefly/common/blob/b91a1eb645e5bc39c54ed20ad0e917cff7d15d2e/pkg/fftypes/sentinal_errors.go
common,pkg/fftypes/sizeutils.go,Embedded shared library,firefly.core,https://github.com/hyperledger-firefly/common/blob/b91a1eb645e5bc39c54ed20ad0e917cff7d15d2e/pkg/fftypes/sizeutils.go
common,pkg/fftypes/sizeutils_test.go,Test or generated test support,,https://github.com/hyperledger-firefly/common/blob/b91a1eb645e5bc39c54ed20ad0e917cff7d15d2e/pkg/fftypes/sizeutils_test.go
common,pkg/fftypes/stringarray.go,Embedded shared library,firefly.core,https://github.com/hyperledger-firefly/common/blob/b91a1eb645e5bc39c54ed20ad0e917cff7d15d2e/pkg/fftypes/stringarray.go
common,pkg/fftypes/stringarray_test.go,Test or generated test support,,https://github.com/hyperledger-firefly/common/blob/b91a1eb645e5bc39c54ed20ad0e917cff7d15d2e/pkg/fftypes/stringarray_test.go
common,pkg/fftypes/timeutils.go,Embedded shared library,firefly.core,https://github.com/hyperledger-firefly/common/blob/b91a1eb645e5bc39c54ed20ad0e917cff7d15d2e/pkg/fftypes/timeutils.go
common,pkg/fftypes/timeutils_test.go,Test or generated test support,,https://github.com/hyperledger-firefly/common/blob/b91a1eb645e5bc39c54ed20ad0e917cff7d15d2e/pkg/fftypes/timeutils_test.go
common,pkg/fftypes/uuid.go,Embedded shared library,firefly.core,https://github.com/hyperledger-firefly/common/blob/b91a1eb645e5bc39c54ed20ad0e917cff7d15d2e/pkg/fftypes/uuid.go
common,pkg/fftypes/uuid_test.go,Test or generated test support,,https://github.com/hyperledger-firefly/common/blob/b91a1eb645e5bc39c54ed20ad0e917cff7d15d2e/pkg/fftypes/uuid_test.go
common,pkg/fftypes/validations.go,Embedded shared library,firefly.core,https://github.com/hyperledger-firefly/common/blob/b91a1eb645e5bc39c54ed20ad0e917cff7d15d2e/pkg/fftypes/validations.go
common,pkg/fftypes/validations_test.go,Test or generated test support,,https://github.com/hyperledger-firefly/common/blob/b91a1eb645e5bc39c54ed20ad0e917cff7d15d2e/pkg/fftypes/validations_test.go
common,pkg/fswatcher/fswatcher.go,Embedded shared library,firefly.core,https://github.com/hyperledger-firefly/common/blob/b91a1eb645e5bc39c54ed20ad0e917cff7d15d2e/pkg/fswatcher/fswatcher.go
common,pkg/fswatcher/fswatcher_test.go,Test or generated test support,,https://github.com/hyperledger-firefly/common/blob/b91a1eb645e5bc39c54ed20ad0e917cff7d15d2e/pkg/fswatcher/fswatcher_test.go
common,pkg/httpserver/config.go,Embedded shared library,firefly.core,https://github.com/hyperledger-firefly/common/blob/b91a1eb645e5bc39c54ed20ad0e917cff7d15d2e/pkg/httpserver/config.go
common,pkg/httpserver/debugserver.go,Embedded shared library,firefly.core,https://github.com/hyperledger-firefly/common/blob/b91a1eb645e5bc39c54ed20ad0e917cff7d15d2e/pkg/httpserver/debugserver.go
common,pkg/httpserver/debugserver_test.go,Test or generated test support,,https://github.com/hyperledger-firefly/common/blob/b91a1eb645e5bc39c54ed20ad0e917cff7d15d2e/pkg/httpserver/debugserver_test.go
common,pkg/httpserver/httpserver.go,Embedded shared library,firefly.core,https://github.com/hyperledger-firefly/common/blob/b91a1eb645e5bc39c54ed20ad0e917cff7d15d2e/pkg/httpserver/httpserver.go
common,pkg/httpserver/httpserver_test.go,Test or generated test support,,https://github.com/hyperledger-firefly/common/blob/b91a1eb645e5bc39c54ed20ad0e917cff7d15d2e/pkg/httpserver/httpserver_test.go
common,pkg/httpserver/server_auth.go,Embedded shared library,firefly.core,https://github.com/hyperledger-firefly/common/blob/b91a1eb645e5bc39c54ed20ad0e917cff7d15d2e/pkg/httpserver/server_auth.go
common,pkg/httpserver/server_auth_test.go,Test or generated test support,,https://github.com/hyperledger-firefly/common/blob/b91a1eb645e5bc39c54ed20ad0e917cff7d15d2e/pkg/httpserver/server_auth_test.go
common,pkg/httpserver/server_cors.go,Embedded shared library,firefly.core,https://github.com/hyperledger-firefly/common/blob/b91a1eb645e5bc39c54ed20ad0e917cff7d15d2e/pkg/httpserver/server_cors.go
common,pkg/httpserver/server_cors_test.go,Test or generated test support,,https://github.com/hyperledger-firefly/common/blob/b91a1eb645e5bc39c54ed20ad0e917cff7d15d2e/pkg/httpserver/server_cors_test.go
common,pkg/i18n/en_base_config_descriptions.go,Embedded shared library,firefly.core,https://github.com/hyperledger-firefly/common/blob/b91a1eb645e5bc39c54ed20ad0e917cff7d15d2e/pkg/i18n/en_base_config_descriptions.go
common,pkg/i18n/en_base_error_messages.go,Embedded shared library,firefly.core,https://github.com/hyperledger-firefly/common/blob/b91a1eb645e5bc39c54ed20ad0e917cff7d15d2e/pkg/i18n/en_base_error_messages.go
common,pkg/i18n/en_base_field_descriptions.go,Embedded shared library,firefly.core,https://github.com/hyperledger-firefly/common/blob/b91a1eb645e5bc39c54ed20ad0e917cff7d15d2e/pkg/i18n/en_base_field_descriptions.go
common,pkg/i18n/en_base_messages.go,Embedded shared library,firefly.core,https://github.com/hyperledger-firefly/common/blob/b91a1eb645e5bc39c54ed20ad0e917cff7d15d2e/pkg/i18n/en_base_messages.go
common,pkg/i18n/errors.go,Embedded shared library,firefly.core,https://github.com/hyperledger-firefly/common/blob/b91a1eb645e5bc39c54ed20ad0e917cff7d15d2e/pkg/i18n/errors.go
common,pkg/i18n/errors_test.go,Test or generated test support,,https://github.com/hyperledger-firefly/common/blob/b91a1eb645e5bc39c54ed20ad0e917cff7d15d2e/pkg/i18n/errors_test.go
common,pkg/i18n/es/es_base_config_descriptions.go,Embedded shared library,firefly.core,https://github.com/hyperledger-firefly/common/blob/b91a1eb645e5bc39c54ed20ad0e917cff7d15d2e/pkg/i18n/es/es_base_config_descriptions.go
common,pkg/i18n/messages.go,Embedded shared library,firefly.core,https://github.com/hyperledger-firefly/common/blob/b91a1eb645e5bc39c54ed20ad0e917cff7d15d2e/pkg/i18n/messages.go
common,pkg/i18n/messages_test.go,Test or generated test support,,https://github.com/hyperledger-firefly/common/blob/b91a1eb645e5bc39c54ed20ad0e917cff7d15d2e/pkg/i18n/messages_test.go
common,pkg/jsonmap/jsonmap.go,Embedded shared library,firefly.core,https://github.com/hyperledger-firefly/common/blob/b91a1eb645e5bc39c54ed20ad0e917cff7d15d2e/pkg/jsonmap/jsonmap.go
common,pkg/jsonmap/jsonmap_test.go,Test or generated test support,,https://github.com/hyperledger-firefly/common/blob/b91a1eb645e5bc39c54ed20ad0e917cff7d15d2e/pkg/jsonmap/jsonmap_test.go
common,pkg/log/log.go,Embedded shared library,firefly.core,https://github.com/hyperledger-firefly/common/blob/b91a1eb645e5bc39c54ed20ad0e917cff7d15d2e/pkg/log/log.go
common,pkg/log/log_test.go,Test or generated test support,,https://github.com/hyperledger-firefly/common/blob/b91a1eb645e5bc39c54ed20ad0e917cff7d15d2e/pkg/log/log_test.go
common,pkg/metric/metric.go,Embedded shared library,firefly.core,https://github.com/hyperledger-firefly/common/blob/b91a1eb645e5bc39c54ed20ad0e917cff7d15d2e/pkg/metric/metric.go
common,pkg/metric/metric_test.go,Test or generated test support,,https://github.com/hyperledger-firefly/common/blob/b91a1eb645e5bc39c54ed20ad0e917cff7d15d2e/pkg/metric/metric_test.go
common,pkg/metric/prometheusMetricsManager.go,Embedded shared library,firefly.core,https://github.com/hyperledger-firefly/common/blob/b91a1eb645e5bc39c54ed20ad0e917cff7d15d2e/pkg/metric/prometheusMetricsManager.go
common,pkg/retry/config.go,Embedded shared library,firefly.core,https://github.com/hyperledger-firefly/common/blob/b91a1eb645e5bc39c54ed20ad0e917cff7d15d2e/pkg/retry/config.go
common,pkg/retry/config_test.go,Test or generated test support,,https://github.com/hyperledger-firefly/common/blob/b91a1eb645e5bc39c54ed20ad0e917cff7d15d2e/pkg/retry/config_test.go
common,pkg/retry/retry.go,Embedded shared library,firefly.core,https://github.com/hyperledger-firefly/common/blob/b91a1eb645e5bc39c54ed20ad0e917cff7d15d2e/pkg/retry/retry.go
common,pkg/retry/retry_test.go,Test or generated test support,,https://github.com/hyperledger-firefly/common/blob/b91a1eb645e5bc39c54ed20ad0e917cff7d15d2e/pkg/retry/retry_test.go
common,pkg/version/version.go,Embedded shared library,firefly.core,https://github.com/hyperledger-firefly/common/blob/b91a1eb645e5bc39c54ed20ad0e917cff7d15d2e/pkg/version/version.go
common,pkg/version/version_test.go,Test or generated test support,,https://github.com/hyperledger-firefly/common/blob/b91a1eb645e5bc39c54ed20ad0e917cff7d15d2e/pkg/version/version_test.go
common,pkg/wsclient/wsclient.go,Embedded shared library,firefly.core,https://github.com/hyperledger-firefly/common/blob/b91a1eb645e5bc39c54ed20ad0e917cff7d15d2e/pkg/wsclient/wsclient.go
common,pkg/wsclient/wsclient_test.go,Test or generated test support,,https://github.com/hyperledger-firefly/common/blob/b91a1eb645e5bc39c54ed20ad0e917cff7d15d2e/pkg/wsclient/wsclient_test.go
common,pkg/wsclient/wsconfig.go,Embedded shared library,firefly.core,https://github.com/hyperledger-firefly/common/blob/b91a1eb645e5bc39c54ed20ad0e917cff7d15d2e/pkg/wsclient/wsconfig.go
common,pkg/wsclient/wsconfig_test.go,Test or generated test support,,https://github.com/hyperledger-firefly/common/blob/b91a1eb645e5bc39c54ed20ad0e917cff7d15d2e/pkg/wsclient/wsconfig_test.go
common,pkg/wsclient/wstestserver.go,Embedded shared library,firefly.core,https://github.com/hyperledger-firefly/common/blob/b91a1eb645e5bc39c54ed20ad0e917cff7d15d2e/pkg/wsclient/wstestserver.go
common,pkg/wsserver/config.go,Embedded shared library,firefly.core,https://github.com/hyperledger-firefly/common/blob/b91a1eb645e5bc39c54ed20ad0e917cff7d15d2e/pkg/wsserver/config.go
common,pkg/wsserver/config_test.go,Test or generated test support,,https://github.com/hyperledger-firefly/common/blob/b91a1eb645e5bc39c54ed20ad0e917cff7d15d2e/pkg/wsserver/config_test.go
common,pkg/wsserver/wsconn.go,Embedded shared library,firefly.core,https://github.com/hyperledger-firefly/common/blob/b91a1eb645e5bc39c54ed20ad0e917cff7d15d2e/pkg/wsserver/wsconn.go
common,pkg/wsserver/wsserver.go,Embedded shared library,firefly.core,https://github.com/hyperledger-firefly/common/blob/b91a1eb645e5bc39c54ed20ad0e917cff7d15d2e/pkg/wsserver/wsserver.go
common,pkg/wsserver/wsserver_test.go,Test or generated test support,,https://github.com/hyperledger-firefly/common/blob/b91a1eb645e5bc39c54ed20ad0e917cff7d15d2e/pkg/wsserver/wsserver_test.go
evmconnect,cmd/config.go,Runtime entrypoint,firefly.evm,https://github.com/hyperledger-firefly/evmconnect/blob/6e12bb4c050677780cf5dd975a926923868b0cb8/cmd/config.go
evmconnect,cmd/config_docs_generate_test.go,Test or generated test support,,https://github.com/hyperledger-firefly/evmconnect/blob/6e12bb4c050677780cf5dd975a926923868b0cb8/cmd/config_docs_generate_test.go
evmconnect,cmd/config_docs_test.go,Test or generated test support,,https://github.com/hyperledger-firefly/evmconnect/blob/6e12bb4c050677780cf5dd975a926923868b0cb8/cmd/config_docs_test.go
evmconnect,cmd/config_test.go,Test or generated test support,,https://github.com/hyperledger-firefly/evmconnect/blob/6e12bb4c050677780cf5dd975a926923868b0cb8/cmd/config_test.go
evmconnect,cmd/evmconnect.go,Modeled component responsibility,firefly.evm.api,https://github.com/hyperledger-firefly/evmconnect/blob/6e12bb4c050677780cf5dd975a926923868b0cb8/cmd/evmconnect.go
evmconnect,cmd/evmconnect_test.go,Test or generated test support,,https://github.com/hyperledger-firefly/evmconnect/blob/6e12bb4c050677780cf5dd975a926923868b0cb8/cmd/evmconnect_test.go
evmconnect,cmd/version.go,Runtime entrypoint,firefly.evm,https://github.com/hyperledger-firefly/evmconnect/blob/6e12bb4c050677780cf5dd975a926923868b0cb8/cmd/version.go
evmconnect,cmd/version_test.go,Test or generated test support,,https://github.com/hyperledger-firefly/evmconnect/blob/6e12bb4c050677780cf5dd975a926923868b0cb8/cmd/version_test.go
evmconnect,evmconnect/main.go,Executable bootstrap,firefly.evm,https://github.com/hyperledger-firefly/evmconnect/blob/6e12bb4c050677780cf5dd975a926923868b0cb8/evmconnect/main.go
evmconnect,internal/ethereum/config.go,Modeled component responsibility,firefly.evm.abi,https://github.com/hyperledger-firefly/evmconnect/blob/6e12bb4c050677780cf5dd975a926923868b0cb8/internal/ethereum/config.go
evmconnect,internal/ethereum/deploy_contract_prepare.go,Modeled component responsibility,firefly.evm.abi,https://github.com/hyperledger-firefly/evmconnect/blob/6e12bb4c050677780cf5dd975a926923868b0cb8/internal/ethereum/deploy_contract_prepare.go
evmconnect,internal/ethereum/deploy_contract_prepare_test.go,Test or generated test support,,https://github.com/hyperledger-firefly/evmconnect/blob/6e12bb4c050677780cf5dd975a926923868b0cb8/internal/ethereum/deploy_contract_prepare_test.go
evmconnect,internal/ethereum/estimate_gas.go,Modeled component responsibility,firefly.evm.abi,https://github.com/hyperledger-firefly/evmconnect/blob/6e12bb4c050677780cf5dd975a926923868b0cb8/internal/ethereum/estimate_gas.go
evmconnect,internal/ethereum/estimate_gas_test.go,Test or generated test support,,https://github.com/hyperledger-firefly/evmconnect/blob/6e12bb4c050677780cf5dd975a926923868b0cb8/internal/ethereum/estimate_gas_test.go
evmconnect,internal/ethereum/ethereum.go,Modeled component responsibility,firefly.evm.abi,https://github.com/hyperledger-firefly/evmconnect/blob/6e12bb4c050677780cf5dd975a926923868b0cb8/internal/ethereum/ethereum.go
evmconnect,internal/ethereum/ethereum_test.go,Test or generated test support,,https://github.com/hyperledger-firefly/evmconnect/blob/6e12bb4c050677780cf5dd975a926923868b0cb8/internal/ethereum/ethereum_test.go
evmconnect,internal/ethereum/event_actions.go,Modeled component responsibility,firefly.evm.abi,https://github.com/hyperledger-firefly/evmconnect/blob/6e12bb4c050677780cf5dd975a926923868b0cb8/internal/ethereum/event_actions.go
evmconnect,internal/ethereum/event_actions_test.go,Test or generated test support,,https://github.com/hyperledger-firefly/evmconnect/blob/6e12bb4c050677780cf5dd975a926923868b0cb8/internal/ethereum/event_actions_test.go
evmconnect,internal/ethereum/event_enricher.go,Modeled component responsibility,firefly.evm.abi,https://github.com/hyperledger-firefly/evmconnect/blob/6e12bb4c050677780cf5dd975a926923868b0cb8/internal/ethereum/event_enricher.go
evmconnect,internal/ethereum/event_enricher_test.go,Test or generated test support,,https://github.com/hyperledger-firefly/evmconnect/blob/6e12bb4c050677780cf5dd975a926923868b0cb8/internal/ethereum/event_enricher_test.go
evmconnect,internal/ethereum/event_listener.go,Modeled component responsibility,firefly.evm.abi,https://github.com/hyperledger-firefly/evmconnect/blob/6e12bb4c050677780cf5dd975a926923868b0cb8/internal/ethereum/event_listener.go
evmconnect,internal/ethereum/event_listener_test.go,Test or generated test support,,https://github.com/hyperledger-firefly/evmconnect/blob/6e12bb4c050677780cf5dd975a926923868b0cb8/internal/ethereum/event_listener_test.go
evmconnect,internal/ethereum/event_stream.go,Modeled component responsibility,firefly.evm.abi,https://github.com/hyperledger-firefly/evmconnect/blob/6e12bb4c050677780cf5dd975a926923868b0cb8/internal/ethereum/event_stream.go
evmconnect,internal/ethereum/event_stream_getlogs.go,Modeled component responsibility,firefly.evm.abi,https://github.com/hyperledger-firefly/evmconnect/blob/6e12bb4c050677780cf5dd975a926923868b0cb8/internal/ethereum/event_stream_getlogs.go
evmconnect,internal/ethereum/event_stream_test.go,Test or generated test support,,https://github.com/hyperledger-firefly/evmconnect/blob/6e12bb4c050677780cf5dd975a926923868b0cb8/internal/ethereum/event_stream_test.go
evmconnect,internal/ethereum/exec_query.go,Modeled component responsibility,firefly.evm.abi,https://github.com/hyperledger-firefly/evmconnect/blob/6e12bb4c050677780cf5dd975a926923868b0cb8/internal/ethereum/exec_query.go
evmconnect,internal/ethereum/exec_query_test.go,Test or generated test support,,https://github.com/hyperledger-firefly/evmconnect/blob/6e12bb4c050677780cf5dd975a926923868b0cb8/internal/ethereum/exec_query_test.go
evmconnect,internal/ethereum/get_address_balance.go,Modeled component responsibility,firefly.evm.abi,https://github.com/hyperledger-firefly/evmconnect/blob/6e12bb4c050677780cf5dd975a926923868b0cb8/internal/ethereum/get_address_balance.go
evmconnect,internal/ethereum/get_address_balance_test.go,Test or generated test support,,https://github.com/hyperledger-firefly/evmconnect/blob/6e12bb4c050677780cf5dd975a926923868b0cb8/internal/ethereum/get_address_balance_test.go
evmconnect,internal/ethereum/get_block_info.go,Modeled component responsibility,firefly.evm.abi,https://github.com/hyperledger-firefly/evmconnect/blob/6e12bb4c050677780cf5dd975a926923868b0cb8/internal/ethereum/get_block_info.go
evmconnect,internal/ethereum/get_block_info_test.go,Test or generated test support,,https://github.com/hyperledger-firefly/evmconnect/blob/6e12bb4c050677780cf5dd975a926923868b0cb8/internal/ethereum/get_block_info_test.go
evmconnect,internal/ethereum/get_gas_price.go,Modeled component responsibility,firefly.evm.abi,https://github.com/hyperledger-firefly/evmconnect/blob/6e12bb4c050677780cf5dd975a926923868b0cb8/internal/ethereum/get_gas_price.go
evmconnect,internal/ethereum/get_gas_price_test.go,Test or generated test support,,https://github.com/hyperledger-firefly/evmconnect/blob/6e12bb4c050677780cf5dd975a926923868b0cb8/internal/ethereum/get_gas_price_test.go
evmconnect,internal/ethereum/get_next_nonce.go,Modeled component responsibility,firefly.evm.abi,https://github.com/hyperledger-firefly/evmconnect/blob/6e12bb4c050677780cf5dd975a926923868b0cb8/internal/ethereum/get_next_nonce.go
evmconnect,internal/ethereum/get_next_nonce_test.go,Test or generated test support,,https://github.com/hyperledger-firefly/evmconnect/blob/6e12bb4c050677780cf5dd975a926923868b0cb8/internal/ethereum/get_next_nonce_test.go
evmconnect,internal/ethereum/get_receipt.go,Modeled component responsibility,firefly.evm.abi,https://github.com/hyperledger-firefly/evmconnect/blob/6e12bb4c050677780cf5dd975a926923868b0cb8/internal/ethereum/get_receipt.go
evmconnect,internal/ethereum/get_receipt_test.go,Test or generated test support,,https://github.com/hyperledger-firefly/evmconnect/blob/6e12bb4c050677780cf5dd975a926923868b0cb8/internal/ethereum/get_receipt_test.go
evmconnect,internal/ethereum/new_block_listener.go,Modeled component responsibility,firefly.evm.abi,https://github.com/hyperledger-firefly/evmconnect/blob/6e12bb4c050677780cf5dd975a926923868b0cb8/internal/ethereum/new_block_listener.go
evmconnect,internal/ethereum/new_block_listener_test.go,Test or generated test support,,https://github.com/hyperledger-firefly/evmconnect/blob/6e12bb4c050677780cf5dd975a926923868b0cb8/internal/ethereum/new_block_listener_test.go
evmconnect,internal/ethereum/prepare_transaction.go,Modeled component responsibility,firefly.evm.abi,https://github.com/hyperledger-firefly/evmconnect/blob/6e12bb4c050677780cf5dd975a926923868b0cb8/internal/ethereum/prepare_transaction.go
evmconnect,internal/ethereum/prepare_transaction_test.go,Test or generated test support,,https://github.com/hyperledger-firefly/evmconnect/blob/6e12bb4c050677780cf5dd975a926923868b0cb8/internal/ethereum/prepare_transaction_test.go
evmconnect,internal/ethereum/send_transaction.go,Modeled component responsibility,firefly.evm.abi,https://github.com/hyperledger-firefly/evmconnect/blob/6e12bb4c050677780cf5dd975a926923868b0cb8/internal/ethereum/send_transaction.go
evmconnect,internal/ethereum/send_transaction_test.go,Test or generated test support,,https://github.com/hyperledger-firefly/evmconnect/blob/6e12bb4c050677780cf5dd975a926923868b0cb8/internal/ethereum/send_transaction_test.go
evmconnect,internal/ethereum/statuses.go,Modeled component responsibility,firefly.evm.abi,https://github.com/hyperledger-firefly/evmconnect/blob/6e12bb4c050677780cf5dd975a926923868b0cb8/internal/ethereum/statuses.go
evmconnect,internal/ethereum/statuses_test.go,Test or generated test support,,https://github.com/hyperledger-firefly/evmconnect/blob/6e12bb4c050677780cf5dd975a926923868b0cb8/internal/ethereum/statuses_test.go
evmconnect,internal/msgs/en_config_descriptions.go,Messages and configuration descriptions,firefly.evm.abi,https://github.com/hyperledger-firefly/evmconnect/blob/6e12bb4c050677780cf5dd975a926923868b0cb8/internal/msgs/en_config_descriptions.go
evmconnect,internal/msgs/en_error_messages.go,Messages and configuration descriptions,firefly.evm.abi,https://github.com/hyperledger-firefly/evmconnect/blob/6e12bb4c050677780cf5dd975a926923868b0cb8/internal/msgs/en_error_messages.go
evmconnect,internal/msgs/en_field_descriptions.go,Messages and configuration descriptions,firefly.evm.abi,https://github.com/hyperledger-firefly/evmconnect/blob/6e12bb4c050677780cf5dd975a926923868b0cb8/internal/msgs/en_field_descriptions.go
evmconnect,internal/retryutil/retry_delay.go,Retry helper,firefly.evm.rpc,https://github.com/hyperledger-firefly/evmconnect/blob/6e12bb4c050677780cf5dd975a926923868b0cb8/internal/retryutil/retry_delay.go
evmconnect,internal/retryutil/retry_delay_test.go,Test or generated test support,,https://github.com/hyperledger-firefly/evmconnect/blob/6e12bb4c050677780cf5dd975a926923868b0cb8/internal/retryutil/retry_delay_test.go
evmconnect,mocks/ethblocklistenermocks/block_listener.go,Test or generated test support,,https://github.com/hyperledger-firefly/evmconnect/blob/6e12bb4c050677780cf5dd975a926923868b0cb8/mocks/ethblocklistenermocks/block_listener.go
evmconnect,mocks/fftmmocks/manager.go,Test or generated test support,,https://github.com/hyperledger-firefly/evmconnect/blob/6e12bb4c050677780cf5dd975a926923868b0cb8/mocks/fftmmocks/manager.go
evmconnect,mocks/jsonrpcmocks/client.go,Test or generated test support,,https://github.com/hyperledger-firefly/evmconnect/blob/6e12bb4c050677780cf5dd975a926923868b0cb8/mocks/jsonrpcmocks/client.go
evmconnect,mocks/rpcbackendmocks/backend.go,Test or generated test support,,https://github.com/hyperledger-firefly/evmconnect/blob/6e12bb4c050677780cf5dd975a926923868b0cb8/mocks/rpcbackendmocks/backend.go
evmconnect,mocks/rpcbackendmocks/subscription.go,Test or generated test support,,https://github.com/hyperledger-firefly/evmconnect/blob/6e12bb4c050677780cf5dd975a926923868b0cb8/mocks/rpcbackendmocks/subscription.go
evmconnect,pkg/ethblocklistener/block_receipt_fetcher.go,Modeled component responsibility,firefly.evm.blocks,https://github.com/hyperledger-firefly/evmconnect/blob/6e12bb4c050677780cf5dd975a926923868b0cb8/pkg/ethblocklistener/block_receipt_fetcher.go
evmconnect,pkg/ethblocklistener/block_receipt_fetcher_test.go,Test or generated test support,,https://github.com/hyperledger-firefly/evmconnect/blob/6e12bb4c050677780cf5dd975a926923868b0cb8/pkg/ethblocklistener/block_receipt_fetcher_test.go
evmconnect,pkg/ethblocklistener/blocklistener.go,Modeled component responsibility,firefly.evm.blocks,https://github.com/hyperledger-firefly/evmconnect/blob/6e12bb4c050677780cf5dd975a926923868b0cb8/pkg/ethblocklistener/blocklistener.go
evmconnect,pkg/ethblocklistener/blocklistener_blockquery.go,Modeled component responsibility,firefly.evm.blocks,https://github.com/hyperledger-firefly/evmconnect/blob/6e12bb4c050677780cf5dd975a926923868b0cb8/pkg/ethblocklistener/blocklistener_blockquery.go
evmconnect,pkg/ethblocklistener/blocklistener_blockquery_test.go,Test or generated test support,,https://github.com/hyperledger-firefly/evmconnect/blob/6e12bb4c050677780cf5dd975a926923868b0cb8/pkg/ethblocklistener/blocklistener_blockquery_test.go
evmconnect,pkg/ethblocklistener/blocklistener_metrics.go,Modeled component responsibility,firefly.evm.blocks,https://github.com/hyperledger-firefly/evmconnect/blob/6e12bb4c050677780cf5dd975a926923868b0cb8/pkg/ethblocklistener/blocklistener_metrics.go
evmconnect,pkg/ethblocklistener/blocklistener_metrics_test.go,Test or generated test support,,https://github.com/hyperledger-firefly/evmconnect/blob/6e12bb4c050677780cf5dd975a926923868b0cb8/pkg/ethblocklistener/blocklistener_metrics_test.go
evmconnect,pkg/ethblocklistener/blocklistener_test.go,Test or generated test support,,https://github.com/hyperledger-firefly/evmconnect/blob/6e12bb4c050677780cf5dd975a926923868b0cb8/pkg/ethblocklistener/blocklistener_test.go
evmconnect,pkg/ethblocklistener/confirmation_reconciler.go,Modeled component responsibility,firefly.evm.blocks,https://github.com/hyperledger-firefly/evmconnect/blob/6e12bb4c050677780cf5dd975a926923868b0cb8/pkg/ethblocklistener/confirmation_reconciler.go
evmconnect,pkg/ethblocklistener/confirmation_reconciler_test.go,Test or generated test support,,https://github.com/hyperledger-firefly/evmconnect/blob/6e12bb4c050677780cf5dd975a926923868b0cb8/pkg/ethblocklistener/confirmation_reconciler_test.go
evmconnect,pkg/etherrors/error_mapping.go,RPC error mapping,firefly.evm.rpc,https://github.com/hyperledger-firefly/evmconnect/blob/6e12bb4c050677780cf5dd975a926923868b0cb8/pkg/etherrors/error_mapping.go
evmconnect,pkg/etherrors/error_mapping_test.go,Test or generated test support,,https://github.com/hyperledger-firefly/evmconnect/blob/6e12bb4c050677780cf5dd975a926923868b0cb8/pkg/etherrors/error_mapping_test.go
evmconnect,pkg/ethrpc/client.go,Modeled component responsibility,firefly.evm.rpc,https://github.com/hyperledger-firefly/evmconnect/blob/6e12bb4c050677780cf5dd975a926923868b0cb8/pkg/ethrpc/client.go
evmconnect,pkg/ethrpc/client_test.go,Test or generated test support,,https://github.com/hyperledger-firefly/evmconnect/blob/6e12bb4c050677780cf5dd975a926923868b0cb8/pkg/ethrpc/client_test.go
evmconnect,pkg/ethrpc/ethrpc.go,Modeled component responsibility,firefly.evm.rpc,https://github.com/hyperledger-firefly/evmconnect/blob/6e12bb4c050677780cf5dd975a926923868b0cb8/pkg/ethrpc/ethrpc.go
evmconnect,pkg/ethrpc/ethrpc_test.go,Test or generated test support,,https://github.com/hyperledger-firefly/evmconnect/blob/6e12bb4c050677780cf5dd975a926923868b0cb8/pkg/ethrpc/ethrpc_test.go
evmconnect,pkg/ethrpc/jsonformatoptions.go,Modeled component responsibility,firefly.evm.rpc,https://github.com/hyperledger-firefly/evmconnect/blob/6e12bb4c050677780cf5dd975a926923868b0cb8/pkg/ethrpc/jsonformatoptions.go
evmconnect,pkg/ethrpc/jsonformatoptions_test.go,Test or generated test support,,https://github.com/hyperledger-firefly/evmconnect/blob/6e12bb4c050677780cf5dd975a926923868b0cb8/pkg/ethrpc/jsonformatoptions_test.go
fftm,cmd/client.go,Embedded manager initialization,firefly.evm.manager,https://github.com/hyperledger-firefly/transaction-manager/blob/5915cbc4e0e30dea25068b770dadbcc8bdfa9321/cmd/client.go
fftm,cmd/client_eventstreams.go,Embedded manager initialization,firefly.evm.manager,https://github.com/hyperledger-firefly/transaction-manager/blob/5915cbc4e0e30dea25068b770dadbcc8bdfa9321/cmd/client_eventstreams.go
fftm,cmd/client_eventstreams_delete.go,Embedded manager initialization,firefly.evm.manager,https://github.com/hyperledger-firefly/transaction-manager/blob/5915cbc4e0e30dea25068b770dadbcc8bdfa9321/cmd/client_eventstreams_delete.go
fftm,cmd/client_eventstreams_delete_test.go,Test or generated test support,,https://github.com/hyperledger-firefly/transaction-manager/blob/5915cbc4e0e30dea25068b770dadbcc8bdfa9321/cmd/client_eventstreams_delete_test.go
fftm,cmd/client_eventstreams_list.go,Embedded manager initialization,firefly.evm.manager,https://github.com/hyperledger-firefly/transaction-manager/blob/5915cbc4e0e30dea25068b770dadbcc8bdfa9321/cmd/client_eventstreams_list.go
fftm,cmd/client_eventstreams_list_test.go,Test or generated test support,,https://github.com/hyperledger-firefly/transaction-manager/blob/5915cbc4e0e30dea25068b770dadbcc8bdfa9321/cmd/client_eventstreams_list_test.go
fftm,cmd/client_listeners.go,Embedded manager initialization,firefly.evm.manager,https://github.com/hyperledger-firefly/transaction-manager/blob/5915cbc4e0e30dea25068b770dadbcc8bdfa9321/cmd/client_listeners.go
fftm,cmd/client_listeners_delete.go,Embedded manager initialization,firefly.evm.manager,https://github.com/hyperledger-firefly/transaction-manager/blob/5915cbc4e0e30dea25068b770dadbcc8bdfa9321/cmd/client_listeners_delete.go
fftm,cmd/client_listeners_delete_test.go,Test or generated test support,,https://github.com/hyperledger-firefly/transaction-manager/blob/5915cbc4e0e30dea25068b770dadbcc8bdfa9321/cmd/client_listeners_delete_test.go
fftm,cmd/client_listeners_list.go,Embedded manager initialization,firefly.evm.manager,https://github.com/hyperledger-firefly/transaction-manager/blob/5915cbc4e0e30dea25068b770dadbcc8bdfa9321/cmd/client_listeners_list.go
fftm,cmd/client_listeners_list_test.go,Test or generated test support,,https://github.com/hyperledger-firefly/transaction-manager/blob/5915cbc4e0e30dea25068b770dadbcc8bdfa9321/cmd/client_listeners_list_test.go
fftm,cmd/client_test.go,Test or generated test support,,https://github.com/hyperledger-firefly/transaction-manager/blob/5915cbc4e0e30dea25068b770dadbcc8bdfa9321/cmd/client_test.go
fftm,cmd/migrate.go,Embedded manager initialization,firefly.evm.manager,https://github.com/hyperledger-firefly/transaction-manager/blob/5915cbc4e0e30dea25068b770dadbcc8bdfa9321/cmd/migrate.go
fftm,cmd/migrate_test.go,Test or generated test support,,https://github.com/hyperledger-firefly/transaction-manager/blob/5915cbc4e0e30dea25068b770dadbcc8bdfa9321/cmd/migrate_test.go
fftm,internal/apiclient/eventstreams.go,API client library,firefly.evm.manager,https://github.com/hyperledger-firefly/transaction-manager/blob/5915cbc4e0e30dea25068b770dadbcc8bdfa9321/internal/apiclient/eventstreams.go
fftm,internal/apiclient/eventstreams_test.go,Test or generated test support,,https://github.com/hyperledger-firefly/transaction-manager/blob/5915cbc4e0e30dea25068b770dadbcc8bdfa9321/internal/apiclient/eventstreams_test.go
fftm,internal/apiclient/fftm_client.go,API client library,firefly.evm.manager,https://github.com/hyperledger-firefly/transaction-manager/blob/5915cbc4e0e30dea25068b770dadbcc8bdfa9321/internal/apiclient/fftm_client.go
fftm,internal/apiclient/fftm_client_test.go,Test or generated test support,,https://github.com/hyperledger-firefly/transaction-manager/blob/5915cbc4e0e30dea25068b770dadbcc8bdfa9321/internal/apiclient/fftm_client_test.go
fftm,internal/blocklistener/blocklistener.go,Modeled component responsibility,firefly.evm.blocklistener,https://github.com/hyperledger-firefly/transaction-manager/blob/5915cbc4e0e30dea25068b770dadbcc8bdfa9321/internal/blocklistener/blocklistener.go
fftm,internal/blocklistener/blocklistener_test.go,Test or generated test support,,https://github.com/hyperledger-firefly/transaction-manager/blob/5915cbc4e0e30dea25068b770dadbcc8bdfa9321/internal/blocklistener/blocklistener_test.go
fftm,internal/confirmations/confirmations.go,Modeled component responsibility,firefly.evm.confirmations,https://github.com/hyperledger-firefly/transaction-manager/blob/5915cbc4e0e30dea25068b770dadbcc8bdfa9321/internal/confirmations/confirmations.go
fftm,internal/confirmations/confirmations_test.go,Test or generated test support,,https://github.com/hyperledger-firefly/transaction-manager/blob/5915cbc4e0e30dea25068b770dadbcc8bdfa9321/internal/confirmations/confirmations_test.go
fftm,internal/confirmations/confirmed_block_listener.go,Modeled component responsibility,firefly.evm.confirmations,https://github.com/hyperledger-firefly/transaction-manager/blob/5915cbc4e0e30dea25068b770dadbcc8bdfa9321/internal/confirmations/confirmed_block_listener.go
fftm,internal/confirmations/confirmed_block_listener_test.go,Test or generated test support,,https://github.com/hyperledger-firefly/transaction-manager/blob/5915cbc4e0e30dea25068b770dadbcc8bdfa9321/internal/confirmations/confirmed_block_listener_test.go
fftm,internal/confirmations/receipt_checker.go,Modeled component responsibility,firefly.evm.confirmations,https://github.com/hyperledger-firefly/transaction-manager/blob/5915cbc4e0e30dea25068b770dadbcc8bdfa9321/internal/confirmations/receipt_checker.go
fftm,internal/confirmations/receipt_checker_test.go,Test or generated test support,,https://github.com/hyperledger-firefly/transaction-manager/blob/5915cbc4e0e30dea25068b770dadbcc8bdfa9321/internal/confirmations/receipt_checker_test.go
fftm,internal/events/eventstream.go,Modeled component responsibility,firefly.evm.streams;firefly.evm.webhook,https://github.com/hyperledger-firefly/transaction-manager/blob/5915cbc4e0e30dea25068b770dadbcc8bdfa9321/internal/events/eventstream.go
fftm,internal/events/eventstream_test.go,Test or generated test support,,https://github.com/hyperledger-firefly/transaction-manager/blob/5915cbc4e0e30dea25068b770dadbcc8bdfa9321/internal/events/eventstream_test.go
fftm,internal/events/listener.go,Modeled component responsibility,firefly.evm.streams;firefly.evm.webhook,https://github.com/hyperledger-firefly/transaction-manager/blob/5915cbc4e0e30dea25068b770dadbcc8bdfa9321/internal/events/listener.go
fftm,internal/events/webhooks.go,Modeled component responsibility,firefly.evm.streams;firefly.evm.webhook,https://github.com/hyperledger-firefly/transaction-manager/blob/5915cbc4e0e30dea25068b770dadbcc8bdfa9321/internal/events/webhooks.go
fftm,internal/events/webhooks_test.go,Test or generated test support,,https://github.com/hyperledger-firefly/transaction-manager/blob/5915cbc4e0e30dea25068b770dadbcc8bdfa9321/internal/events/webhooks_test.go
fftm,internal/events/websockets.go,Modeled component responsibility,firefly.evm.streams;firefly.evm.webhook,https://github.com/hyperledger-firefly/transaction-manager/blob/5915cbc4e0e30dea25068b770dadbcc8bdfa9321/internal/events/websockets.go
fftm,internal/events/websockets_test.go,Test or generated test support,,https://github.com/hyperledger-firefly/transaction-manager/blob/5915cbc4e0e30dea25068b770dadbcc8bdfa9321/internal/events/websockets_test.go
fftm,internal/metrics/event_metrics.go,Modeled component responsibility,firefly.evm.metrics,https://github.com/hyperledger-firefly/transaction-manager/blob/5915cbc4e0e30dea25068b770dadbcc8bdfa9321/internal/metrics/event_metrics.go
fftm,internal/metrics/event_metrics_test.go,Test or generated test support,,https://github.com/hyperledger-firefly/transaction-manager/blob/5915cbc4e0e30dea25068b770dadbcc8bdfa9321/internal/metrics/event_metrics_test.go
fftm,internal/metrics/metrics.go,Modeled component responsibility,firefly.evm.metrics,https://github.com/hyperledger-firefly/transaction-manager/blob/5915cbc4e0e30dea25068b770dadbcc8bdfa9321/internal/metrics/metrics.go
fftm,internal/metrics/metrics_test.go,Test or generated test support,,https://github.com/hyperledger-firefly/transaction-manager/blob/5915cbc4e0e30dea25068b770dadbcc8bdfa9321/internal/metrics/metrics_test.go
fftm,internal/persistence/dbmigration/leveldb2postgres.go,Modeled component responsibility,firefly.evm.nonce;firefly.evm.persistence,https://github.com/hyperledger-firefly/transaction-manager/blob/5915cbc4e0e30dea25068b770dadbcc8bdfa9321/internal/persistence/dbmigration/leveldb2postgres.go
fftm,internal/persistence/dbmigration/leveldb2postgres_test.go,Test or generated test support,,https://github.com/hyperledger-firefly/transaction-manager/blob/5915cbc4e0e30dea25068b770dadbcc8bdfa9321/internal/persistence/dbmigration/leveldb2postgres_test.go
fftm,internal/persistence/dbmigration/migration.go,Modeled component responsibility,firefly.evm.nonce;firefly.evm.persistence,https://github.com/hyperledger-firefly/transaction-manager/blob/5915cbc4e0e30dea25068b770dadbcc8bdfa9321/internal/persistence/dbmigration/migration.go
fftm,internal/persistence/dbmigration/migration_test.go,Test or generated test support,,https://github.com/hyperledger-firefly/transaction-manager/blob/5915cbc4e0e30dea25068b770dadbcc8bdfa9321/internal/persistence/dbmigration/migration_test.go
fftm,internal/persistence/leveldb/leveldb_persistence.go,Modeled component responsibility,firefly.evm.leveldb,https://github.com/hyperledger-firefly/transaction-manager/blob/5915cbc4e0e30dea25068b770dadbcc8bdfa9321/internal/persistence/leveldb/leveldb_persistence.go
fftm,internal/persistence/leveldb/leveldb_persistence_test.go,Test or generated test support,,https://github.com/hyperledger-firefly/transaction-manager/blob/5915cbc4e0e30dea25068b770dadbcc8bdfa9321/internal/persistence/leveldb/leveldb_persistence_test.go
fftm,internal/persistence/leveldb/nonces.go,Modeled component responsibility,firefly.evm.leveldb,https://github.com/hyperledger-firefly/transaction-manager/blob/5915cbc4e0e30dea25068b770dadbcc8bdfa9321/internal/persistence/leveldb/nonces.go
fftm,internal/persistence/leveldb/nonces_test.go,Test or generated test support,,https://github.com/hyperledger-firefly/transaction-manager/blob/5915cbc4e0e30dea25068b770dadbcc8bdfa9321/internal/persistence/leveldb/nonces_test.go
fftm,internal/persistence/persistence.go,Modeled component responsibility,firefly.evm.nonce;firefly.evm.persistence,https://github.com/hyperledger-firefly/transaction-manager/blob/5915cbc4e0e30dea25068b770dadbcc8bdfa9321/internal/persistence/persistence.go
fftm,internal/persistence/persistence_test.go,Test or generated test support,,https://github.com/hyperledger-firefly/transaction-manager/blob/5915cbc4e0e30dea25068b770dadbcc8bdfa9321/internal/persistence/persistence_test.go
fftm,internal/persistence/postgres/checkpoints.go,Modeled component responsibility,firefly.evm.postgres,https://github.com/hyperledger-firefly/transaction-manager/blob/5915cbc4e0e30dea25068b770dadbcc8bdfa9321/internal/persistence/postgres/checkpoints.go
fftm,internal/persistence/postgres/checkpoints_test.go,Test or generated test support,,https://github.com/hyperledger-firefly/transaction-manager/blob/5915cbc4e0e30dea25068b770dadbcc8bdfa9321/internal/persistence/postgres/checkpoints_test.go
fftm,internal/persistence/postgres/confirmations.go,Modeled component responsibility,firefly.evm.postgres,https://github.com/hyperledger-firefly/transaction-manager/blob/5915cbc4e0e30dea25068b770dadbcc8bdfa9321/internal/persistence/postgres/confirmations.go
fftm,internal/persistence/postgres/confirmations_test.go,Test or generated test support,,https://github.com/hyperledger-firefly/transaction-manager/blob/5915cbc4e0e30dea25068b770dadbcc8bdfa9321/internal/persistence/postgres/confirmations_test.go
fftm,internal/persistence/postgres/eventstreams.go,Modeled component responsibility,firefly.evm.postgres,https://github.com/hyperledger-firefly/transaction-manager/blob/5915cbc4e0e30dea25068b770dadbcc8bdfa9321/internal/persistence/postgres/eventstreams.go
fftm,internal/persistence/postgres/eventstreams_test.go,Test or generated test support,,https://github.com/hyperledger-firefly/transaction-manager/blob/5915cbc4e0e30dea25068b770dadbcc8bdfa9321/internal/persistence/postgres/eventstreams_test.go
fftm,internal/persistence/postgres/listeners.go,Modeled component responsibility,firefly.evm.postgres,https://github.com/hyperledger-firefly/transaction-manager/blob/5915cbc4e0e30dea25068b770dadbcc8bdfa9321/internal/persistence/postgres/listeners.go
fftm,internal/persistence/postgres/listeners_test.go,Test or generated test support,,https://github.com/hyperledger-firefly/transaction-manager/blob/5915cbc4e0e30dea25068b770dadbcc8bdfa9321/internal/persistence/postgres/listeners_test.go
fftm,internal/persistence/postgres/postgres.go,Modeled component responsibility,firefly.evm.postgres,https://github.com/hyperledger-firefly/transaction-manager/blob/5915cbc4e0e30dea25068b770dadbcc8bdfa9321/internal/persistence/postgres/postgres.go
fftm,internal/persistence/postgres/postgres_test.go,Test or generated test support,,https://github.com/hyperledger-firefly/transaction-manager/blob/5915cbc4e0e30dea25068b770dadbcc8bdfa9321/internal/persistence/postgres/postgres_test.go
fftm,internal/persistence/postgres/receipts.go,Modeled component responsibility,firefly.evm.postgres,https://github.com/hyperledger-firefly/transaction-manager/blob/5915cbc4e0e30dea25068b770dadbcc8bdfa9321/internal/persistence/postgres/receipts.go
fftm,internal/persistence/postgres/receipts_test.go,Test or generated test support,,https://github.com/hyperledger-firefly/transaction-manager/blob/5915cbc4e0e30dea25068b770dadbcc8bdfa9321/internal/persistence/postgres/receipts_test.go
fftm,internal/persistence/postgres/sqlpersistence.go,Modeled component responsibility,firefly.evm.postgres,https://github.com/hyperledger-firefly/transaction-manager/blob/5915cbc4e0e30dea25068b770dadbcc8bdfa9321/internal/persistence/postgres/sqlpersistence.go
fftm,internal/persistence/postgres/sqlpersistence_test.go,Test or generated test support,,https://github.com/hyperledger-firefly/transaction-manager/blob/5915cbc4e0e30dea25068b770dadbcc8bdfa9321/internal/persistence/postgres/sqlpersistence_test.go
fftm,internal/persistence/postgres/transaction_completions.go,Modeled component responsibility,firefly.evm.postgres,https://github.com/hyperledger-firefly/transaction-manager/blob/5915cbc4e0e30dea25068b770dadbcc8bdfa9321/internal/persistence/postgres/transaction_completions.go
fftm,internal/persistence/postgres/transaction_completions_test.go,Test or generated test support,,https://github.com/hyperledger-firefly/transaction-manager/blob/5915cbc4e0e30dea25068b770dadbcc8bdfa9321/internal/persistence/postgres/transaction_completions_test.go
fftm,internal/persistence/postgres/transaction_writer.go,Modeled component responsibility,firefly.evm.postgres,https://github.com/hyperledger-firefly/transaction-manager/blob/5915cbc4e0e30dea25068b770dadbcc8bdfa9321/internal/persistence/postgres/transaction_writer.go
fftm,internal/persistence/postgres/transaction_writer_test.go,Test or generated test support,,https://github.com/hyperledger-firefly/transaction-manager/blob/5915cbc4e0e30dea25068b770dadbcc8bdfa9321/internal/persistence/postgres/transaction_writer_test.go
fftm,internal/persistence/postgres/transactions.go,Modeled component responsibility,firefly.evm.postgres,https://github.com/hyperledger-firefly/transaction-manager/blob/5915cbc4e0e30dea25068b770dadbcc8bdfa9321/internal/persistence/postgres/transactions.go
fftm,internal/persistence/postgres/transactions_test.go,Test or generated test support,,https://github.com/hyperledger-firefly/transaction-manager/blob/5915cbc4e0e30dea25068b770dadbcc8bdfa9321/internal/persistence/postgres/transactions_test.go
fftm,internal/persistence/postgres/txhistory.go,Modeled component responsibility,firefly.evm.postgres,https://github.com/hyperledger-firefly/transaction-manager/blob/5915cbc4e0e30dea25068b770dadbcc8bdfa9321/internal/persistence/postgres/txhistory.go
fftm,internal/persistence/postgres/txhistory_test.go,Test or generated test support,,https://github.com/hyperledger-firefly/transaction-manager/blob/5915cbc4e0e30dea25068b770dadbcc8bdfa9321/internal/persistence/postgres/txhistory_test.go
fftm,internal/tmconfig/tmconfig.go,Configuration definitions,firefly.evm.manager,https://github.com/hyperledger-firefly/transaction-manager/blob/5915cbc4e0e30dea25068b770dadbcc8bdfa9321/internal/tmconfig/tmconfig.go
fftm,internal/tmconfig/tmconfig_test.go,Test or generated test support,,https://github.com/hyperledger-firefly/transaction-manager/blob/5915cbc4e0e30dea25068b770dadbcc8bdfa9321/internal/tmconfig/tmconfig_test.go
fftm,internal/tmmsgs/en_api_descriptions.go,Messages and descriptions,firefly.evm.manager,https://github.com/hyperledger-firefly/transaction-manager/blob/5915cbc4e0e30dea25068b770dadbcc8bdfa9321/internal/tmmsgs/en_api_descriptions.go
fftm,internal/tmmsgs/en_config_descriptions.go,Messages and descriptions,firefly.evm.manager,https://github.com/hyperledger-firefly/transaction-manager/blob/5915cbc4e0e30dea25068b770dadbcc8bdfa9321/internal/tmmsgs/en_config_descriptions.go
fftm,internal/tmmsgs/en_error_messages.go,Messages and descriptions,firefly.evm.manager,https://github.com/hyperledger-firefly/transaction-manager/blob/5915cbc4e0e30dea25068b770dadbcc8bdfa9321/internal/tmmsgs/en_error_messages.go
fftm,internal/ws/wsconn.go,Modeled component responsibility,firefly.evm.delivery,https://github.com/hyperledger-firefly/transaction-manager/blob/5915cbc4e0e30dea25068b770dadbcc8bdfa9321/internal/ws/wsconn.go
fftm,internal/ws/wsserver.go,Modeled component responsibility,firefly.evm.delivery,https://github.com/hyperledger-firefly/transaction-manager/blob/5915cbc4e0e30dea25068b770dadbcc8bdfa9321/internal/ws/wsserver.go
fftm,internal/ws/wsserver_test.go,Test or generated test support,,https://github.com/hyperledger-firefly/transaction-manager/blob/5915cbc4e0e30dea25068b770dadbcc8bdfa9321/internal/ws/wsserver_test.go
fftm,mocks/apiclientmocks/fftm_client.go,Test or generated test support,,https://github.com/hyperledger-firefly/transaction-manager/blob/5915cbc4e0e30dea25068b770dadbcc8bdfa9321/mocks/apiclientmocks/fftm_client.go
fftm,mocks/confirmationsmocks/manager.go,Test or generated test support,,https://github.com/hyperledger-firefly/transaction-manager/blob/5915cbc4e0e30dea25068b770dadbcc8bdfa9321/mocks/confirmationsmocks/manager.go
fftm,mocks/eventsmocks/managed_stream.go,Test or generated test support,,https://github.com/hyperledger-firefly/transaction-manager/blob/5915cbc4e0e30dea25068b770dadbcc8bdfa9321/mocks/eventsmocks/managed_stream.go
fftm,mocks/ffcapimocks/api.go,Test or generated test support,,https://github.com/hyperledger-firefly/transaction-manager/blob/5915cbc4e0e30dea25068b770dadbcc8bdfa9321/mocks/ffcapimocks/api.go
fftm,mocks/metricsmocks/event_metrics_emitter.go,Test or generated test support,,https://github.com/hyperledger-firefly/transaction-manager/blob/5915cbc4e0e30dea25068b770dadbcc8bdfa9321/mocks/metricsmocks/event_metrics_emitter.go
fftm,mocks/metricsmocks/transaction_handler_metrics.go,Test or generated test support,,https://github.com/hyperledger-firefly/transaction-manager/blob/5915cbc4e0e30dea25068b770dadbcc8bdfa9321/mocks/metricsmocks/transaction_handler_metrics.go
fftm,mocks/persistencemocks/persistence.go,Test or generated test support,,https://github.com/hyperledger-firefly/transaction-manager/blob/5915cbc4e0e30dea25068b770dadbcc8bdfa9321/mocks/persistencemocks/persistence.go
fftm,mocks/persistencemocks/rich_query.go,Test or generated test support,,https://github.com/hyperledger-firefly/transaction-manager/blob/5915cbc4e0e30dea25068b770dadbcc8bdfa9321/mocks/persistencemocks/rich_query.go
fftm,mocks/persistencemocks/transaction_persistence.go,Test or generated test support,,https://github.com/hyperledger-firefly/transaction-manager/blob/5915cbc4e0e30dea25068b770dadbcc8bdfa9321/mocks/persistencemocks/transaction_persistence.go
fftm,mocks/txhandlermocks/managed_tx_event_handler.go,Test or generated test support,,https://github.com/hyperledger-firefly/transaction-manager/blob/5915cbc4e0e30dea25068b770dadbcc8bdfa9321/mocks/txhandlermocks/managed_tx_event_handler.go
fftm,mocks/txhandlermocks/transaction_handler.go,Test or generated test support,,https://github.com/hyperledger-firefly/transaction-manager/blob/5915cbc4e0e30dea25068b770dadbcc8bdfa9321/mocks/txhandlermocks/transaction_handler.go
fftm,mocks/wsmocks/web_socket_channels.go,Test or generated test support,,https://github.com/hyperledger-firefly/transaction-manager/blob/5915cbc4e0e30dea25068b770dadbcc8bdfa9321/mocks/wsmocks/web_socket_channels.go
fftm,mocks/wsmocks/web_socket_server.go,Test or generated test support,,https://github.com/hyperledger-firefly/transaction-manager/blob/5915cbc4e0e30dea25068b770dadbcc8bdfa9321/mocks/wsmocks/web_socket_server.go
fftm,pkg/apitypes/api_types.go,Public API types,firefly.evm.manager,https://github.com/hyperledger-firefly/transaction-manager/blob/5915cbc4e0e30dea25068b770dadbcc8bdfa9321/pkg/apitypes/api_types.go
fftm,pkg/apitypes/api_types_test.go,Test or generated test support,,https://github.com/hyperledger-firefly/transaction-manager/blob/5915cbc4e0e30dea25068b770dadbcc8bdfa9321/pkg/apitypes/api_types_test.go
fftm,pkg/apitypes/base_request.go,Public API types,firefly.evm.manager,https://github.com/hyperledger-firefly/transaction-manager/blob/5915cbc4e0e30dea25068b770dadbcc8bdfa9321/pkg/apitypes/base_request.go
fftm,pkg/apitypes/base_request_test.go,Test or generated test support,,https://github.com/hyperledger-firefly/transaction-manager/blob/5915cbc4e0e30dea25068b770dadbcc8bdfa9321/pkg/apitypes/base_request_test.go
fftm,pkg/apitypes/batch_request.go,Public API types,firefly.evm.manager,https://github.com/hyperledger-firefly/transaction-manager/blob/5915cbc4e0e30dea25068b770dadbcc8bdfa9321/pkg/apitypes/batch_request.go
fftm,pkg/apitypes/managed_tx.go,Public API types,firefly.evm.manager,https://github.com/hyperledger-firefly/transaction-manager/blob/5915cbc4e0e30dea25068b770dadbcc8bdfa9321/pkg/apitypes/managed_tx.go
fftm,pkg/apitypes/managed_tx_test.go,Test or generated test support,,https://github.com/hyperledger-firefly/transaction-manager/blob/5915cbc4e0e30dea25068b770dadbcc8bdfa9321/pkg/apitypes/managed_tx_test.go
fftm,pkg/apitypes/query_request.go,Public API types,firefly.evm.manager,https://github.com/hyperledger-firefly/transaction-manager/blob/5915cbc4e0e30dea25068b770dadbcc8bdfa9321/pkg/apitypes/query_request.go
fftm,pkg/apitypes/tx_request.go,Public API types,firefly.evm.manager,https://github.com/hyperledger-firefly/transaction-manager/blob/5915cbc4e0e30dea25068b770dadbcc8bdfa9321/pkg/apitypes/tx_request.go
fftm,pkg/apitypes/txreceipt_request.go,Public API types,firefly.evm.manager,https://github.com/hyperledger-firefly/transaction-manager/blob/5915cbc4e0e30dea25068b770dadbcc8bdfa9321/pkg/apitypes/txreceipt_request.go
fftm,pkg/apitypes/ulid.go,Public API types,firefly.evm.manager,https://github.com/hyperledger-firefly/transaction-manager/blob/5915cbc4e0e30dea25068b770dadbcc8bdfa9321/pkg/apitypes/ulid.go
fftm,pkg/apitypes/ulid_test.go,Test or generated test support,,https://github.com/hyperledger-firefly/transaction-manager/blob/5915cbc4e0e30dea25068b770dadbcc8bdfa9321/pkg/apitypes/ulid_test.go
fftm,pkg/eventapi/eventstreams.go,Event interfaces,firefly.evm.streams,https://github.com/hyperledger-firefly/transaction-manager/blob/5915cbc4e0e30dea25068b770dadbcc8bdfa9321/pkg/eventapi/eventstreams.go
fftm,pkg/ffcapi/address_balance.go,Connector interface,firefly.evm.abi,https://github.com/hyperledger-firefly/transaction-manager/blob/5915cbc4e0e30dea25068b770dadbcc8bdfa9321/pkg/ffcapi/address_balance.go
fftm,pkg/ffcapi/api.go,Connector interface,firefly.evm.abi,https://github.com/hyperledger-firefly/transaction-manager/blob/5915cbc4e0e30dea25068b770dadbcc8bdfa9321/pkg/ffcapi/api.go
fftm,pkg/ffcapi/api_test.go,Test or generated test support,,https://github.com/hyperledger-firefly/transaction-manager/blob/5915cbc4e0e30dea25068b770dadbcc8bdfa9321/pkg/ffcapi/api_test.go
fftm,pkg/ffcapi/block_info_by_hash.go,Connector interface,firefly.evm.abi,https://github.com/hyperledger-firefly/transaction-manager/blob/5915cbc4e0e30dea25068b770dadbcc8bdfa9321/pkg/ffcapi/block_info_by_hash.go
fftm,pkg/ffcapi/block_info_by_number.go,Connector interface,firefly.evm.abi,https://github.com/hyperledger-firefly/transaction-manager/blob/5915cbc4e0e30dea25068b770dadbcc8bdfa9321/pkg/ffcapi/block_info_by_number.go
fftm,pkg/ffcapi/contract_deploy_prepare.go,Connector interface,firefly.evm.abi,https://github.com/hyperledger-firefly/transaction-manager/blob/5915cbc4e0e30dea25068b770dadbcc8bdfa9321/pkg/ffcapi/contract_deploy_prepare.go
fftm,pkg/ffcapi/event_listener_add.go,Connector interface,firefly.evm.abi,https://github.com/hyperledger-firefly/transaction-manager/blob/5915cbc4e0e30dea25068b770dadbcc8bdfa9321/pkg/ffcapi/event_listener_add.go
fftm,pkg/ffcapi/event_listener_hwm.go,Connector interface,firefly.evm.abi,https://github.com/hyperledger-firefly/transaction-manager/blob/5915cbc4e0e30dea25068b770dadbcc8bdfa9321/pkg/ffcapi/event_listener_hwm.go
fftm,pkg/ffcapi/event_listener_remove.go,Connector interface,firefly.evm.abi,https://github.com/hyperledger-firefly/transaction-manager/blob/5915cbc4e0e30dea25068b770dadbcc8bdfa9321/pkg/ffcapi/event_listener_remove.go
fftm,pkg/ffcapi/event_stream_start.go,Connector interface,firefly.evm.abi,https://github.com/hyperledger-firefly/transaction-manager/blob/5915cbc4e0e30dea25068b770dadbcc8bdfa9321/pkg/ffcapi/event_stream_start.go
fftm,pkg/ffcapi/event_stream_stopped.go,Connector interface,firefly.evm.abi,https://github.com/hyperledger-firefly/transaction-manager/blob/5915cbc4e0e30dea25068b770dadbcc8bdfa9321/pkg/ffcapi/event_stream_stopped.go
fftm,pkg/ffcapi/gas_estimate.go,Connector interface,firefly.evm.abi,https://github.com/hyperledger-firefly/transaction-manager/blob/5915cbc4e0e30dea25068b770dadbcc8bdfa9321/pkg/ffcapi/gas_estimate.go
fftm,pkg/ffcapi/gas_price_estimate.go,Connector interface,firefly.evm.abi,https://github.com/hyperledger-firefly/transaction-manager/blob/5915cbc4e0e30dea25068b770dadbcc8bdfa9321/pkg/ffcapi/gas_price_estimate.go
fftm,pkg/ffcapi/is_live.go,Connector interface,firefly.evm.abi,https://github.com/hyperledger-firefly/transaction-manager/blob/5915cbc4e0e30dea25068b770dadbcc8bdfa9321/pkg/ffcapi/is_live.go
fftm,pkg/ffcapi/is_ready.go,Connector interface,firefly.evm.abi,https://github.com/hyperledger-firefly/transaction-manager/blob/5915cbc4e0e30dea25068b770dadbcc8bdfa9321/pkg/ffcapi/is_ready.go
fftm,pkg/ffcapi/method_call.go,Connector interface,firefly.evm.abi,https://github.com/hyperledger-firefly/transaction-manager/blob/5915cbc4e0e30dea25068b770dadbcc8bdfa9321/pkg/ffcapi/method_call.go
fftm,pkg/ffcapi/new_block_listener.go,Connector interface,firefly.evm.abi,https://github.com/hyperledger-firefly/transaction-manager/blob/5915cbc4e0e30dea25068b770dadbcc8bdfa9321/pkg/ffcapi/new_block_listener.go
fftm,pkg/ffcapi/next_nonce_for_signer.go,Connector interface,firefly.evm.abi,https://github.com/hyperledger-firefly/transaction-manager/blob/5915cbc4e0e30dea25068b770dadbcc8bdfa9321/pkg/ffcapi/next_nonce_for_signer.go
fftm,pkg/ffcapi/submission_error.go,Connector interface,firefly.evm.abi,https://github.com/hyperledger-firefly/transaction-manager/blob/5915cbc4e0e30dea25068b770dadbcc8bdfa9321/pkg/ffcapi/submission_error.go
fftm,pkg/ffcapi/submission_error_test.go,Test or generated test support,,https://github.com/hyperledger-firefly/transaction-manager/blob/5915cbc4e0e30dea25068b770dadbcc8bdfa9321/pkg/ffcapi/submission_error_test.go
fftm,pkg/ffcapi/transaction_prepare.go,Connector interface,firefly.evm.abi,https://github.com/hyperledger-firefly/transaction-manager/blob/5915cbc4e0e30dea25068b770dadbcc8bdfa9321/pkg/ffcapi/transaction_prepare.go
fftm,pkg/ffcapi/transaction_receipt.go,Connector interface,firefly.evm.abi,https://github.com/hyperledger-firefly/transaction-manager/blob/5915cbc4e0e30dea25068b770dadbcc8bdfa9321/pkg/ffcapi/transaction_receipt.go
fftm,pkg/ffcapi/transaction_send.go,Connector interface,firefly.evm.abi,https://github.com/hyperledger-firefly/transaction-manager/blob/5915cbc4e0e30dea25068b770dadbcc8bdfa9321/pkg/ffcapi/transaction_send.go
fftm,pkg/fftm/address_management.go,Modeled component responsibility,firefly.evm.manager;firefly.evm.receipts,https://github.com/hyperledger-firefly/transaction-manager/blob/5915cbc4e0e30dea25068b770dadbcc8bdfa9321/pkg/fftm/address_management.go
fftm,pkg/fftm/address_management_test.go,Test or generated test support,,https://github.com/hyperledger-firefly/transaction-manager/blob/5915cbc4e0e30dea25068b770dadbcc8bdfa9321/pkg/fftm/address_management_test.go
fftm,pkg/fftm/api.go,Modeled component responsibility,firefly.evm.manager;firefly.evm.receipts,https://github.com/hyperledger-firefly/transaction-manager/blob/5915cbc4e0e30dea25068b770dadbcc8bdfa9321/pkg/fftm/api.go
fftm,pkg/fftm/api_test.go,Test or generated test support,,https://github.com/hyperledger-firefly/transaction-manager/blob/5915cbc4e0e30dea25068b770dadbcc8bdfa9321/pkg/fftm/api_test.go
fftm,pkg/fftm/config_docs_generate_test.go,Test or generated test support,,https://github.com/hyperledger-firefly/transaction-manager/blob/5915cbc4e0e30dea25068b770dadbcc8bdfa9321/pkg/fftm/config_docs_generate_test.go
fftm,pkg/fftm/config_docs_test.go,Test or generated test support,,https://github.com/hyperledger-firefly/transaction-manager/blob/5915cbc4e0e30dea25068b770dadbcc8bdfa9321/pkg/fftm/config_docs_test.go
fftm,pkg/fftm/gas_management.go,Modeled component responsibility,firefly.evm.manager;firefly.evm.receipts,https://github.com/hyperledger-firefly/transaction-manager/blob/5915cbc4e0e30dea25068b770dadbcc8bdfa9321/pkg/fftm/gas_management.go
fftm,pkg/fftm/manager.go,Modeled component responsibility,firefly.evm.manager;firefly.evm.receipts,https://github.com/hyperledger-firefly/transaction-manager/blob/5915cbc4e0e30dea25068b770dadbcc8bdfa9321/pkg/fftm/manager.go
fftm,pkg/fftm/manager_test.go,Test or generated test support,,https://github.com/hyperledger-firefly/transaction-manager/blob/5915cbc4e0e30dea25068b770dadbcc8bdfa9321/pkg/fftm/manager_test.go
fftm,pkg/fftm/route__root_command.go,Modeled component responsibility,firefly.evm.manager;firefly.evm.receipts,https://github.com/hyperledger-firefly/transaction-manager/blob/5915cbc4e0e30dea25068b770dadbcc8bdfa9321/pkg/fftm/route__root_command.go
fftm,pkg/fftm/route_delete_eventstream.go,Modeled component responsibility,firefly.evm.manager;firefly.evm.receipts,https://github.com/hyperledger-firefly/transaction-manager/blob/5915cbc4e0e30dea25068b770dadbcc8bdfa9321/pkg/fftm/route_delete_eventstream.go
fftm,pkg/fftm/route_delete_eventstream_listener.go,Modeled component responsibility,firefly.evm.manager;firefly.evm.receipts,https://github.com/hyperledger-firefly/transaction-manager/blob/5915cbc4e0e30dea25068b770dadbcc8bdfa9321/pkg/fftm/route_delete_eventstream_listener.go
fftm,pkg/fftm/route_delete_eventstream_listener_test.go,Test or generated test support,,https://github.com/hyperledger-firefly/transaction-manager/blob/5915cbc4e0e30dea25068b770dadbcc8bdfa9321/pkg/fftm/route_delete_eventstream_listener_test.go
fftm,pkg/fftm/route_delete_eventstream_test.go,Test or generated test support,,https://github.com/hyperledger-firefly/transaction-manager/blob/5915cbc4e0e30dea25068b770dadbcc8bdfa9321/pkg/fftm/route_delete_eventstream_test.go
fftm,pkg/fftm/route_delete_subscription.go,Modeled component responsibility,firefly.evm.manager;firefly.evm.receipts,https://github.com/hyperledger-firefly/transaction-manager/blob/5915cbc4e0e30dea25068b770dadbcc8bdfa9321/pkg/fftm/route_delete_subscription.go
fftm,pkg/fftm/route_delete_subscription_test.go,Test or generated test support,,https://github.com/hyperledger-firefly/transaction-manager/blob/5915cbc4e0e30dea25068b770dadbcc8bdfa9321/pkg/fftm/route_delete_subscription_test.go
fftm,pkg/fftm/route_delete_transaction.go,Modeled component responsibility,firefly.evm.manager;firefly.evm.receipts,https://github.com/hyperledger-firefly/transaction-manager/blob/5915cbc4e0e30dea25068b770dadbcc8bdfa9321/pkg/fftm/route_delete_transaction.go
fftm,pkg/fftm/route_delete_transaction_test.go,Test or generated test support,,https://github.com/hyperledger-firefly/transaction-manager/blob/5915cbc4e0e30dea25068b770dadbcc8bdfa9321/pkg/fftm/route_delete_transaction_test.go
fftm,pkg/fftm/route_get_address_balance.go,Modeled component responsibility,firefly.evm.manager;firefly.evm.receipts,https://github.com/hyperledger-firefly/transaction-manager/blob/5915cbc4e0e30dea25068b770dadbcc8bdfa9321/pkg/fftm/route_get_address_balance.go
fftm,pkg/fftm/route_get_address_balance_test.go,Test or generated test support,,https://github.com/hyperledger-firefly/transaction-manager/blob/5915cbc4e0e30dea25068b770dadbcc8bdfa9321/pkg/fftm/route_get_address_balance_test.go
fftm,pkg/fftm/route_get_eventstream.go,Modeled component responsibility,firefly.evm.manager;firefly.evm.receipts,https://github.com/hyperledger-firefly/transaction-manager/blob/5915cbc4e0e30dea25068b770dadbcc8bdfa9321/pkg/fftm/route_get_eventstream.go
fftm,pkg/fftm/route_get_eventstream_listener.go,Modeled component responsibility,firefly.evm.manager;firefly.evm.receipts,https://github.com/hyperledger-firefly/transaction-manager/blob/5915cbc4e0e30dea25068b770dadbcc8bdfa9321/pkg/fftm/route_get_eventstream_listener.go
fftm,pkg/fftm/route_get_eventstream_listener_test.go,Test or generated test support,,https://github.com/hyperledger-firefly/transaction-manager/blob/5915cbc4e0e30dea25068b770dadbcc8bdfa9321/pkg/fftm/route_get_eventstream_listener_test.go
fftm,pkg/fftm/route_get_eventstream_listeners.go,Modeled component responsibility,firefly.evm.manager;firefly.evm.receipts,https://github.com/hyperledger-firefly/transaction-manager/blob/5915cbc4e0e30dea25068b770dadbcc8bdfa9321/pkg/fftm/route_get_eventstream_listeners.go
fftm,pkg/fftm/route_get_eventstream_listeners_test.go,Test or generated test support,,https://github.com/hyperledger-firefly/transaction-manager/blob/5915cbc4e0e30dea25068b770dadbcc8bdfa9321/pkg/fftm/route_get_eventstream_listeners_test.go
fftm,pkg/fftm/route_get_eventstream_test.go,Test or generated test support,,https://github.com/hyperledger-firefly/transaction-manager/blob/5915cbc4e0e30dea25068b770dadbcc8bdfa9321/pkg/fftm/route_get_eventstream_test.go
fftm,pkg/fftm/route_get_eventstreams.go,Modeled component responsibility,firefly.evm.manager;firefly.evm.receipts,https://github.com/hyperledger-firefly/transaction-manager/blob/5915cbc4e0e30dea25068b770dadbcc8bdfa9321/pkg/fftm/route_get_eventstreams.go
fftm,pkg/fftm/route_get_eventstreams_test.go,Test or generated test support,,https://github.com/hyperledger-firefly/transaction-manager/blob/5915cbc4e0e30dea25068b770dadbcc8bdfa9321/pkg/fftm/route_get_eventstreams_test.go
fftm,pkg/fftm/route_get_gas_price.go,Modeled component responsibility,firefly.evm.manager;firefly.evm.receipts,https://github.com/hyperledger-firefly/transaction-manager/blob/5915cbc4e0e30dea25068b770dadbcc8bdfa9321/pkg/fftm/route_get_gas_price.go
fftm,pkg/fftm/route_get_gas_price_test.go,Test or generated test support,,https://github.com/hyperledger-firefly/transaction-manager/blob/5915cbc4e0e30dea25068b770dadbcc8bdfa9321/pkg/fftm/route_get_gas_price_test.go
fftm,pkg/fftm/route_get_status_live.go,Modeled component responsibility,firefly.evm.manager;firefly.evm.receipts,https://github.com/hyperledger-firefly/transaction-manager/blob/5915cbc4e0e30dea25068b770dadbcc8bdfa9321/pkg/fftm/route_get_status_live.go
fftm,pkg/fftm/route_get_status_live_test.go,Test or generated test support,,https://github.com/hyperledger-firefly/transaction-manager/blob/5915cbc4e0e30dea25068b770dadbcc8bdfa9321/pkg/fftm/route_get_status_live_test.go
fftm,pkg/fftm/route_get_status_ready.go,Modeled component responsibility,firefly.evm.manager;firefly.evm.receipts,https://github.com/hyperledger-firefly/transaction-manager/blob/5915cbc4e0e30dea25068b770dadbcc8bdfa9321/pkg/fftm/route_get_status_ready.go
fftm,pkg/fftm/route_get_status_ready_test.go,Test or generated test support,,https://github.com/hyperledger-firefly/transaction-manager/blob/5915cbc4e0e30dea25068b770dadbcc8bdfa9321/pkg/fftm/route_get_status_ready_test.go
fftm,pkg/fftm/route_get_subscription.go,Modeled component responsibility,firefly.evm.manager;firefly.evm.receipts,https://github.com/hyperledger-firefly/transaction-manager/blob/5915cbc4e0e30dea25068b770dadbcc8bdfa9321/pkg/fftm/route_get_subscription.go
fftm,pkg/fftm/route_get_subscription_test.go,Test or generated test support,,https://github.com/hyperledger-firefly/transaction-manager/blob/5915cbc4e0e30dea25068b770dadbcc8bdfa9321/pkg/fftm/route_get_subscription_test.go
fftm,pkg/fftm/route_get_subscriptions.go,Modeled component responsibility,firefly.evm.manager;firefly.evm.receipts,https://github.com/hyperledger-firefly/transaction-manager/blob/5915cbc4e0e30dea25068b770dadbcc8bdfa9321/pkg/fftm/route_get_subscriptions.go
fftm,pkg/fftm/route_get_subscriptions_test.go,Test or generated test support,,https://github.com/hyperledger-firefly/transaction-manager/blob/5915cbc4e0e30dea25068b770dadbcc8bdfa9321/pkg/fftm/route_get_subscriptions_test.go
fftm,pkg/fftm/route_get_transaction.go,Modeled component responsibility,firefly.evm.manager;firefly.evm.receipts,https://github.com/hyperledger-firefly/transaction-manager/blob/5915cbc4e0e30dea25068b770dadbcc8bdfa9321/pkg/fftm/route_get_transaction.go
fftm,pkg/fftm/route_get_transaction_confirmations.go,Modeled component responsibility,firefly.evm.manager;firefly.evm.receipts,https://github.com/hyperledger-firefly/transaction-manager/blob/5915cbc4e0e30dea25068b770dadbcc8bdfa9321/pkg/fftm/route_get_transaction_confirmations.go
fftm,pkg/fftm/route_get_transaction_confirmations_test.go,Test or generated test support,,https://github.com/hyperledger-firefly/transaction-manager/blob/5915cbc4e0e30dea25068b770dadbcc8bdfa9321/pkg/fftm/route_get_transaction_confirmations_test.go
fftm,pkg/fftm/route_get_transaction_history.go,Modeled component responsibility,firefly.evm.manager;firefly.evm.receipts,https://github.com/hyperledger-firefly/transaction-manager/blob/5915cbc4e0e30dea25068b770dadbcc8bdfa9321/pkg/fftm/route_get_transaction_history.go
fftm,pkg/fftm/route_get_transaction_history_test.go,Test or generated test support,,https://github.com/hyperledger-firefly/transaction-manager/blob/5915cbc4e0e30dea25068b770dadbcc8bdfa9321/pkg/fftm/route_get_transaction_history_test.go
fftm,pkg/fftm/route_get_transaction_receipt.go,Modeled component responsibility,firefly.evm.manager;firefly.evm.receipts,https://github.com/hyperledger-firefly/transaction-manager/blob/5915cbc4e0e30dea25068b770dadbcc8bdfa9321/pkg/fftm/route_get_transaction_receipt.go
fftm,pkg/fftm/route_get_transaction_receipt_test.go,Test or generated test support,,https://github.com/hyperledger-firefly/transaction-manager/blob/5915cbc4e0e30dea25068b770dadbcc8bdfa9321/pkg/fftm/route_get_transaction_receipt_test.go
fftm,pkg/fftm/route_get_transaction_test.go,Test or generated test support,,https://github.com/hyperledger-firefly/transaction-manager/blob/5915cbc4e0e30dea25068b770dadbcc8bdfa9321/pkg/fftm/route_get_transaction_test.go
fftm,pkg/fftm/route_get_transactions.go,Modeled component responsibility,firefly.evm.manager;firefly.evm.receipts,https://github.com/hyperledger-firefly/transaction-manager/blob/5915cbc4e0e30dea25068b770dadbcc8bdfa9321/pkg/fftm/route_get_transactions.go
fftm,pkg/fftm/route_get_transactions_test.go,Test or generated test support,,https://github.com/hyperledger-firefly/transaction-manager/blob/5915cbc4e0e30dea25068b770dadbcc8bdfa9321/pkg/fftm/route_get_transactions_test.go
fftm,pkg/fftm/route_patch_eventstream.go,Modeled component responsibility,firefly.evm.manager;firefly.evm.receipts,https://github.com/hyperledger-firefly/transaction-manager/blob/5915cbc4e0e30dea25068b770dadbcc8bdfa9321/pkg/fftm/route_patch_eventstream.go
fftm,pkg/fftm/route_patch_eventstream_listener.go,Modeled component responsibility,firefly.evm.manager;firefly.evm.receipts,https://github.com/hyperledger-firefly/transaction-manager/blob/5915cbc4e0e30dea25068b770dadbcc8bdfa9321/pkg/fftm/route_patch_eventstream_listener.go
fftm,pkg/fftm/route_patch_eventstream_listener_test.go,Test or generated test support,,https://github.com/hyperledger-firefly/transaction-manager/blob/5915cbc4e0e30dea25068b770dadbcc8bdfa9321/pkg/fftm/route_patch_eventstream_listener_test.go
fftm,pkg/fftm/route_patch_eventstream_test.go,Test or generated test support,,https://github.com/hyperledger-firefly/transaction-manager/blob/5915cbc4e0e30dea25068b770dadbcc8bdfa9321/pkg/fftm/route_patch_eventstream_test.go
fftm,pkg/fftm/route_patch_subscription.go,Modeled component responsibility,firefly.evm.manager;firefly.evm.receipts,https://github.com/hyperledger-firefly/transaction-manager/blob/5915cbc4e0e30dea25068b770dadbcc8bdfa9321/pkg/fftm/route_patch_subscription.go
fftm,pkg/fftm/route_patch_subscription_test.go,Test or generated test support,,https://github.com/hyperledger-firefly/transaction-manager/blob/5915cbc4e0e30dea25068b770dadbcc8bdfa9321/pkg/fftm/route_patch_subscription_test.go
fftm,pkg/fftm/route_patch_transaction.go,Modeled component responsibility,firefly.evm.manager;firefly.evm.receipts,https://github.com/hyperledger-firefly/transaction-manager/blob/5915cbc4e0e30dea25068b770dadbcc8bdfa9321/pkg/fftm/route_patch_transaction.go
fftm,pkg/fftm/route_patch_transaction_test.go,Test or generated test support,,https://github.com/hyperledger-firefly/transaction-manager/blob/5915cbc4e0e30dea25068b770dadbcc8bdfa9321/pkg/fftm/route_patch_transaction_test.go
fftm,pkg/fftm/route_post_eventstream.go,Modeled component responsibility,firefly.evm.manager;firefly.evm.receipts,https://github.com/hyperledger-firefly/transaction-manager/blob/5915cbc4e0e30dea25068b770dadbcc8bdfa9321/pkg/fftm/route_post_eventstream.go
fftm,pkg/fftm/route_post_eventstream_listener_reset.go,Modeled component responsibility,firefly.evm.manager;firefly.evm.receipts,https://github.com/hyperledger-firefly/transaction-manager/blob/5915cbc4e0e30dea25068b770dadbcc8bdfa9321/pkg/fftm/route_post_eventstream_listener_reset.go
fftm,pkg/fftm/route_post_eventstream_listener_reset_test.go,Test or generated test support,,https://github.com/hyperledger-firefly/transaction-manager/blob/5915cbc4e0e30dea25068b770dadbcc8bdfa9321/pkg/fftm/route_post_eventstream_listener_reset_test.go
fftm,pkg/fftm/route_post_eventstream_listeners.go,Modeled component responsibility,firefly.evm.manager;firefly.evm.receipts,https://github.com/hyperledger-firefly/transaction-manager/blob/5915cbc4e0e30dea25068b770dadbcc8bdfa9321/pkg/fftm/route_post_eventstream_listeners.go
fftm,pkg/fftm/route_post_eventstream_listeners_test.go,Test or generated test support,,https://github.com/hyperledger-firefly/transaction-manager/blob/5915cbc4e0e30dea25068b770dadbcc8bdfa9321/pkg/fftm/route_post_eventstream_listeners_test.go
fftm,pkg/fftm/route_post_eventstream_resume.go,Modeled component responsibility,firefly.evm.manager;firefly.evm.receipts,https://github.com/hyperledger-firefly/transaction-manager/blob/5915cbc4e0e30dea25068b770dadbcc8bdfa9321/pkg/fftm/route_post_eventstream_resume.go
fftm,pkg/fftm/route_post_eventstream_resume_test.go,Test or generated test support,,https://github.com/hyperledger-firefly/transaction-manager/blob/5915cbc4e0e30dea25068b770dadbcc8bdfa9321/pkg/fftm/route_post_eventstream_resume_test.go
fftm,pkg/fftm/route_post_eventstream_suspend.go,Modeled component responsibility,firefly.evm.manager;firefly.evm.receipts,https://github.com/hyperledger-firefly/transaction-manager/blob/5915cbc4e0e30dea25068b770dadbcc8bdfa9321/pkg/fftm/route_post_eventstream_suspend.go
fftm,pkg/fftm/route_post_eventstream_suspend_test.go,Test or generated test support,,https://github.com/hyperledger-firefly/transaction-manager/blob/5915cbc4e0e30dea25068b770dadbcc8bdfa9321/pkg/fftm/route_post_eventstream_suspend_test.go
fftm,pkg/fftm/route_post_eventstream_test.go,Test or generated test support,,https://github.com/hyperledger-firefly/transaction-manager/blob/5915cbc4e0e30dea25068b770dadbcc8bdfa9321/pkg/fftm/route_post_eventstream_test.go
fftm,pkg/fftm/route_post_submit.go,Modeled component responsibility,firefly.evm.manager;firefly.evm.receipts,https://github.com/hyperledger-firefly/transaction-manager/blob/5915cbc4e0e30dea25068b770dadbcc8bdfa9321/pkg/fftm/route_post_submit.go
fftm,pkg/fftm/route_post_submit_test.go,Test or generated test support,,https://github.com/hyperledger-firefly/transaction-manager/blob/5915cbc4e0e30dea25068b770dadbcc8bdfa9321/pkg/fftm/route_post_submit_test.go
fftm,pkg/fftm/route_post_subscription_reset.go,Modeled component responsibility,firefly.evm.manager;firefly.evm.receipts,https://github.com/hyperledger-firefly/transaction-manager/blob/5915cbc4e0e30dea25068b770dadbcc8bdfa9321/pkg/fftm/route_post_subscription_reset.go
fftm,pkg/fftm/route_post_subscription_reset_test.go,Test or generated test support,,https://github.com/hyperledger-firefly/transaction-manager/blob/5915cbc4e0e30dea25068b770dadbcc8bdfa9321/pkg/fftm/route_post_subscription_reset_test.go
fftm,pkg/fftm/route_post_subscriptions.go,Modeled component responsibility,firefly.evm.manager;firefly.evm.receipts,https://github.com/hyperledger-firefly/transaction-manager/blob/5915cbc4e0e30dea25068b770dadbcc8bdfa9321/pkg/fftm/route_post_subscriptions.go
fftm,pkg/fftm/route_post_subscriptions_test.go,Test or generated test support,,https://github.com/hyperledger-firefly/transaction-manager/blob/5915cbc4e0e30dea25068b770dadbcc8bdfa9321/pkg/fftm/route_post_subscriptions_test.go
fftm,pkg/fftm/route_post_transaction_resume.go,Modeled component responsibility,firefly.evm.manager;firefly.evm.receipts,https://github.com/hyperledger-firefly/transaction-manager/blob/5915cbc4e0e30dea25068b770dadbcc8bdfa9321/pkg/fftm/route_post_transaction_resume.go
fftm,pkg/fftm/route_post_transaction_resume_test.go,Test or generated test support,,https://github.com/hyperledger-firefly/transaction-manager/blob/5915cbc4e0e30dea25068b770dadbcc8bdfa9321/pkg/fftm/route_post_transaction_resume_test.go
fftm,pkg/fftm/route_post_transaction_suspend.go,Modeled component responsibility,firefly.evm.manager;firefly.evm.receipts,https://github.com/hyperledger-firefly/transaction-manager/blob/5915cbc4e0e30dea25068b770dadbcc8bdfa9321/pkg/fftm/route_post_transaction_suspend.go
fftm,pkg/fftm/route_post_transaction_suspend_test.go,Test or generated test support,,https://github.com/hyperledger-firefly/transaction-manager/blob/5915cbc4e0e30dea25068b770dadbcc8bdfa9321/pkg/fftm/route_post_transaction_suspend_test.go
fftm,pkg/fftm/route_put_logging_test.go,Test or generated test support,,https://github.com/hyperledger-firefly/transaction-manager/blob/5915cbc4e0e30dea25068b770dadbcc8bdfa9321/pkg/fftm/route_put_logging_test.go
fftm,pkg/fftm/routes.go,Modeled component responsibility,firefly.evm.manager;firefly.evm.receipts,https://github.com/hyperledger-firefly/transaction-manager/blob/5915cbc4e0e30dea25068b770dadbcc8bdfa9321/pkg/fftm/routes.go
fftm,pkg/fftm/status_management.go,Modeled component responsibility,firefly.evm.manager;firefly.evm.receipts,https://github.com/hyperledger-firefly/transaction-manager/blob/5915cbc4e0e30dea25068b770dadbcc8bdfa9321/pkg/fftm/status_management.go
fftm,pkg/fftm/status_management_test.go,Test or generated test support,,https://github.com/hyperledger-firefly/transaction-manager/blob/5915cbc4e0e30dea25068b770dadbcc8bdfa9321/pkg/fftm/status_management_test.go
fftm,pkg/fftm/stream_management.go,Modeled component responsibility,firefly.evm.manager;firefly.evm.receipts,https://github.com/hyperledger-firefly/transaction-manager/blob/5915cbc4e0e30dea25068b770dadbcc8bdfa9321/pkg/fftm/stream_management.go
fftm,pkg/fftm/stream_management_test.go,Test or generated test support,,https://github.com/hyperledger-firefly/transaction-manager/blob/5915cbc4e0e30dea25068b770dadbcc8bdfa9321/pkg/fftm/stream_management_test.go
fftm,pkg/fftm/transaction_events_handler.go,Modeled component responsibility,firefly.evm.manager;firefly.evm.receipts,https://github.com/hyperledger-firefly/transaction-manager/blob/5915cbc4e0e30dea25068b770dadbcc8bdfa9321/pkg/fftm/transaction_events_handler.go
fftm,pkg/fftm/transaction_events_handler_test.go,Test or generated test support,,https://github.com/hyperledger-firefly/transaction-manager/blob/5915cbc4e0e30dea25068b770dadbcc8bdfa9321/pkg/fftm/transaction_events_handler_test.go
fftm,pkg/fftm/transaction_management.go,Modeled component responsibility,firefly.evm.manager;firefly.evm.receipts,https://github.com/hyperledger-firefly/transaction-manager/blob/5915cbc4e0e30dea25068b770dadbcc8bdfa9321/pkg/fftm/transaction_management.go
fftm,pkg/fftm/transaction_management_test.go,Test or generated test support,,https://github.com/hyperledger-firefly/transaction-manager/blob/5915cbc4e0e30dea25068b770dadbcc8bdfa9321/pkg/fftm/transaction_management_test.go
fftm,pkg/txhandler/registry/registry.go,Modeled component responsibility,firefly.evm.handler,https://github.com/hyperledger-firefly/transaction-manager/blob/5915cbc4e0e30dea25068b770dadbcc8bdfa9321/pkg/txhandler/registry/registry.go
fftm,pkg/txhandler/registry/registry_test.go,Test or generated test support,,https://github.com/hyperledger-firefly/transaction-manager/blob/5915cbc4e0e30dea25068b770dadbcc8bdfa9321/pkg/txhandler/registry/registry_test.go
fftm,pkg/txhandler/simple/config.go,Modeled component responsibility,firefly.evm.handler,https://github.com/hyperledger-firefly/transaction-manager/blob/5915cbc4e0e30dea25068b770dadbcc8bdfa9321/pkg/txhandler/simple/config.go
fftm,pkg/txhandler/simple/metrics.go,Modeled component responsibility,firefly.evm.handler,https://github.com/hyperledger-firefly/transaction-manager/blob/5915cbc4e0e30dea25068b770dadbcc8bdfa9321/pkg/txhandler/simple/metrics.go
fftm,pkg/txhandler/simple/policyloop.go,Modeled component responsibility,firefly.evm.handler,https://github.com/hyperledger-firefly/transaction-manager/blob/5915cbc4e0e30dea25068b770dadbcc8bdfa9321/pkg/txhandler/simple/policyloop.go
fftm,pkg/txhandler/simple/policyloop_test.go,Test or generated test support,,https://github.com/hyperledger-firefly/transaction-manager/blob/5915cbc4e0e30dea25068b770dadbcc8bdfa9321/pkg/txhandler/simple/policyloop_test.go
fftm,pkg/txhandler/simple/simple_transaction_handler.go,Modeled component responsibility,firefly.evm.handler,https://github.com/hyperledger-firefly/transaction-manager/blob/5915cbc4e0e30dea25068b770dadbcc8bdfa9321/pkg/txhandler/simple/simple_transaction_handler.go
fftm,pkg/txhandler/simple/simple_transaction_handler_submissions.go,Modeled component responsibility,firefly.evm.handler,https://github.com/hyperledger-firefly/transaction-manager/blob/5915cbc4e0e30dea25068b770dadbcc8bdfa9321/pkg/txhandler/simple/simple_transaction_handler_submissions.go
fftm,pkg/txhandler/simple/simple_transaction_handler_test.go,Test or generated test support,,https://github.com/hyperledger-firefly/transaction-manager/blob/5915cbc4e0e30dea25068b770dadbcc8bdfa9321/pkg/txhandler/simple/simple_transaction_handler_test.go
fftm,pkg/txhandler/txhandler.go,Modeled component responsibility,firefly.evm.handler,https://github.com/hyperledger-firefly/transaction-manager/blob/5915cbc4e0e30dea25068b770dadbcc8bdfa9321/pkg/txhandler/txhandler.go
tezosfftm,cmd/client.go,Embedded manager initialization,firefly.tezosconnect.api,https://github.com/hyperledger-firefly/transaction-manager/blob/7a882ddaeaf2e7b9b2203a053402576e436debd9/cmd/client.go
tezosfftm,cmd/client_eventstreams.go,Embedded manager initialization,firefly.tezosconnect.api,https://github.com/hyperledger-firefly/transaction-manager/blob/7a882ddaeaf2e7b9b2203a053402576e436debd9/cmd/client_eventstreams.go
tezosfftm,cmd/client_eventstreams_delete.go,Embedded manager initialization,firefly.tezosconnect.api,https://github.com/hyperledger-firefly/transaction-manager/blob/7a882ddaeaf2e7b9b2203a053402576e436debd9/cmd/client_eventstreams_delete.go
tezosfftm,cmd/client_eventstreams_delete_test.go,Test or generated test support,,https://github.com/hyperledger-firefly/transaction-manager/blob/7a882ddaeaf2e7b9b2203a053402576e436debd9/cmd/client_eventstreams_delete_test.go
tezosfftm,cmd/client_eventstreams_list.go,Embedded manager initialization,firefly.tezosconnect.api,https://github.com/hyperledger-firefly/transaction-manager/blob/7a882ddaeaf2e7b9b2203a053402576e436debd9/cmd/client_eventstreams_list.go
tezosfftm,cmd/client_eventstreams_list_test.go,Test or generated test support,,https://github.com/hyperledger-firefly/transaction-manager/blob/7a882ddaeaf2e7b9b2203a053402576e436debd9/cmd/client_eventstreams_list_test.go
tezosfftm,cmd/client_listeners.go,Embedded manager initialization,firefly.tezosconnect.api,https://github.com/hyperledger-firefly/transaction-manager/blob/7a882ddaeaf2e7b9b2203a053402576e436debd9/cmd/client_listeners.go
tezosfftm,cmd/client_listeners_delete.go,Embedded manager initialization,firefly.tezosconnect.api,https://github.com/hyperledger-firefly/transaction-manager/blob/7a882ddaeaf2e7b9b2203a053402576e436debd9/cmd/client_listeners_delete.go
tezosfftm,cmd/client_listeners_delete_test.go,Test or generated test support,,https://github.com/hyperledger-firefly/transaction-manager/blob/7a882ddaeaf2e7b9b2203a053402576e436debd9/cmd/client_listeners_delete_test.go
tezosfftm,cmd/client_listeners_list.go,Embedded manager initialization,firefly.tezosconnect.api,https://github.com/hyperledger-firefly/transaction-manager/blob/7a882ddaeaf2e7b9b2203a053402576e436debd9/cmd/client_listeners_list.go
tezosfftm,cmd/client_listeners_list_test.go,Test or generated test support,,https://github.com/hyperledger-firefly/transaction-manager/blob/7a882ddaeaf2e7b9b2203a053402576e436debd9/cmd/client_listeners_list_test.go
tezosfftm,cmd/client_test.go,Test or generated test support,,https://github.com/hyperledger-firefly/transaction-manager/blob/7a882ddaeaf2e7b9b2203a053402576e436debd9/cmd/client_test.go
tezosfftm,cmd/migrate.go,Embedded manager initialization,firefly.tezosconnect.api,https://github.com/hyperledger-firefly/transaction-manager/blob/7a882ddaeaf2e7b9b2203a053402576e436debd9/cmd/migrate.go
tezosfftm,cmd/migrate_test.go,Test or generated test support,,https://github.com/hyperledger-firefly/transaction-manager/blob/7a882ddaeaf2e7b9b2203a053402576e436debd9/cmd/migrate_test.go
tezosfftm,internal/apiclient/eventstreams.go,Embedded FFTM library,firefly.tezosconnect.api,https://github.com/hyperledger-firefly/transaction-manager/blob/7a882ddaeaf2e7b9b2203a053402576e436debd9/internal/apiclient/eventstreams.go
tezosfftm,internal/apiclient/eventstreams_test.go,Test or generated test support,,https://github.com/hyperledger-firefly/transaction-manager/blob/7a882ddaeaf2e7b9b2203a053402576e436debd9/internal/apiclient/eventstreams_test.go
tezosfftm,internal/apiclient/fftm_client.go,Embedded FFTM library,firefly.tezosconnect.api,https://github.com/hyperledger-firefly/transaction-manager/blob/7a882ddaeaf2e7b9b2203a053402576e436debd9/internal/apiclient/fftm_client.go
tezosfftm,internal/apiclient/fftm_client_test.go,Test or generated test support,,https://github.com/hyperledger-firefly/transaction-manager/blob/7a882ddaeaf2e7b9b2203a053402576e436debd9/internal/apiclient/fftm_client_test.go
tezosfftm,internal/blocklistener/blocklistener.go,Embedded FFTM library,firefly.tezosconnect.api,https://github.com/hyperledger-firefly/transaction-manager/blob/7a882ddaeaf2e7b9b2203a053402576e436debd9/internal/blocklistener/blocklistener.go
tezosfftm,internal/blocklistener/blocklistener_test.go,Test or generated test support,,https://github.com/hyperledger-firefly/transaction-manager/blob/7a882ddaeaf2e7b9b2203a053402576e436debd9/internal/blocklistener/blocklistener_test.go
tezosfftm,internal/confirmations/confirmations.go,Embedded FFTM library,firefly.tezosconnect.api,https://github.com/hyperledger-firefly/transaction-manager/blob/7a882ddaeaf2e7b9b2203a053402576e436debd9/internal/confirmations/confirmations.go
tezosfftm,internal/confirmations/confirmations_test.go,Test or generated test support,,https://github.com/hyperledger-firefly/transaction-manager/blob/7a882ddaeaf2e7b9b2203a053402576e436debd9/internal/confirmations/confirmations_test.go
tezosfftm,internal/confirmations/confirmed_block_listener.go,Embedded FFTM library,firefly.tezosconnect.api,https://github.com/hyperledger-firefly/transaction-manager/blob/7a882ddaeaf2e7b9b2203a053402576e436debd9/internal/confirmations/confirmed_block_listener.go
tezosfftm,internal/confirmations/confirmed_block_listener_test.go,Test or generated test support,,https://github.com/hyperledger-firefly/transaction-manager/blob/7a882ddaeaf2e7b9b2203a053402576e436debd9/internal/confirmations/confirmed_block_listener_test.go
tezosfftm,internal/confirmations/receipt_checker.go,Embedded FFTM library,firefly.tezosconnect.api,https://github.com/hyperledger-firefly/transaction-manager/blob/7a882ddaeaf2e7b9b2203a053402576e436debd9/internal/confirmations/receipt_checker.go
tezosfftm,internal/confirmations/receipt_checker_test.go,Test or generated test support,,https://github.com/hyperledger-firefly/transaction-manager/blob/7a882ddaeaf2e7b9b2203a053402576e436debd9/internal/confirmations/receipt_checker_test.go
tezosfftm,internal/events/eventstream.go,Modeled component responsibility,firefly.tezosconnect.streams,https://github.com/hyperledger-firefly/transaction-manager/blob/7a882ddaeaf2e7b9b2203a053402576e436debd9/internal/events/eventstream.go
tezosfftm,internal/events/eventstream_test.go,Test or generated test support,,https://github.com/hyperledger-firefly/transaction-manager/blob/7a882ddaeaf2e7b9b2203a053402576e436debd9/internal/events/eventstream_test.go
tezosfftm,internal/events/listener.go,Modeled component responsibility,firefly.tezosconnect.streams,https://github.com/hyperledger-firefly/transaction-manager/blob/7a882ddaeaf2e7b9b2203a053402576e436debd9/internal/events/listener.go
tezosfftm,internal/events/webhooks.go,Modeled component responsibility,firefly.tezosconnect.streams,https://github.com/hyperledger-firefly/transaction-manager/blob/7a882ddaeaf2e7b9b2203a053402576e436debd9/internal/events/webhooks.go
tezosfftm,internal/events/webhooks_test.go,Test or generated test support,,https://github.com/hyperledger-firefly/transaction-manager/blob/7a882ddaeaf2e7b9b2203a053402576e436debd9/internal/events/webhooks_test.go
tezosfftm,internal/events/websockets.go,Modeled component responsibility,firefly.tezosconnect.streams,https://github.com/hyperledger-firefly/transaction-manager/blob/7a882ddaeaf2e7b9b2203a053402576e436debd9/internal/events/websockets.go
tezosfftm,internal/events/websockets_test.go,Test or generated test support,,https://github.com/hyperledger-firefly/transaction-manager/blob/7a882ddaeaf2e7b9b2203a053402576e436debd9/internal/events/websockets_test.go
tezosfftm,internal/metrics/event_metrics.go,Embedded FFTM library,firefly.tezosconnect.api,https://github.com/hyperledger-firefly/transaction-manager/blob/7a882ddaeaf2e7b9b2203a053402576e436debd9/internal/metrics/event_metrics.go
tezosfftm,internal/metrics/event_metrics_test.go,Test or generated test support,,https://github.com/hyperledger-firefly/transaction-manager/blob/7a882ddaeaf2e7b9b2203a053402576e436debd9/internal/metrics/event_metrics_test.go
tezosfftm,internal/metrics/metrics.go,Embedded FFTM library,firefly.tezosconnect.api,https://github.com/hyperledger-firefly/transaction-manager/blob/7a882ddaeaf2e7b9b2203a053402576e436debd9/internal/metrics/metrics.go
tezosfftm,internal/metrics/metrics_test.go,Test or generated test support,,https://github.com/hyperledger-firefly/transaction-manager/blob/7a882ddaeaf2e7b9b2203a053402576e436debd9/internal/metrics/metrics_test.go
tezosfftm,internal/persistence/dbmigration/leveldb2postgres.go,Modeled component responsibility,firefly.tezosconnect.persistence,https://github.com/hyperledger-firefly/transaction-manager/blob/7a882ddaeaf2e7b9b2203a053402576e436debd9/internal/persistence/dbmigration/leveldb2postgres.go
tezosfftm,internal/persistence/dbmigration/leveldb2postgres_test.go,Test or generated test support,,https://github.com/hyperledger-firefly/transaction-manager/blob/7a882ddaeaf2e7b9b2203a053402576e436debd9/internal/persistence/dbmigration/leveldb2postgres_test.go
tezosfftm,internal/persistence/dbmigration/migration.go,Modeled component responsibility,firefly.tezosconnect.persistence,https://github.com/hyperledger-firefly/transaction-manager/blob/7a882ddaeaf2e7b9b2203a053402576e436debd9/internal/persistence/dbmigration/migration.go
tezosfftm,internal/persistence/dbmigration/migration_test.go,Test or generated test support,,https://github.com/hyperledger-firefly/transaction-manager/blob/7a882ddaeaf2e7b9b2203a053402576e436debd9/internal/persistence/dbmigration/migration_test.go
tezosfftm,internal/persistence/leveldb/leveldb_persistence.go,Modeled component responsibility,firefly.tezosconnect.persistence,https://github.com/hyperledger-firefly/transaction-manager/blob/7a882ddaeaf2e7b9b2203a053402576e436debd9/internal/persistence/leveldb/leveldb_persistence.go
tezosfftm,internal/persistence/leveldb/leveldb_persistence_test.go,Test or generated test support,,https://github.com/hyperledger-firefly/transaction-manager/blob/7a882ddaeaf2e7b9b2203a053402576e436debd9/internal/persistence/leveldb/leveldb_persistence_test.go
tezosfftm,internal/persistence/leveldb/nonces.go,Modeled component responsibility,firefly.tezosconnect.persistence,https://github.com/hyperledger-firefly/transaction-manager/blob/7a882ddaeaf2e7b9b2203a053402576e436debd9/internal/persistence/leveldb/nonces.go
tezosfftm,internal/persistence/leveldb/nonces_test.go,Test or generated test support,,https://github.com/hyperledger-firefly/transaction-manager/blob/7a882ddaeaf2e7b9b2203a053402576e436debd9/internal/persistence/leveldb/nonces_test.go
tezosfftm,internal/persistence/persistence.go,Modeled component responsibility,firefly.tezosconnect.persistence,https://github.com/hyperledger-firefly/transaction-manager/blob/7a882ddaeaf2e7b9b2203a053402576e436debd9/internal/persistence/persistence.go
tezosfftm,internal/persistence/persistence_test.go,Test or generated test support,,https://github.com/hyperledger-firefly/transaction-manager/blob/7a882ddaeaf2e7b9b2203a053402576e436debd9/internal/persistence/persistence_test.go
tezosfftm,internal/persistence/postgres/checkpoints.go,Modeled component responsibility,firefly.tezosconnect.persistence,https://github.com/hyperledger-firefly/transaction-manager/blob/7a882ddaeaf2e7b9b2203a053402576e436debd9/internal/persistence/postgres/checkpoints.go
tezosfftm,internal/persistence/postgres/checkpoints_test.go,Test or generated test support,,https://github.com/hyperledger-firefly/transaction-manager/blob/7a882ddaeaf2e7b9b2203a053402576e436debd9/internal/persistence/postgres/checkpoints_test.go
tezosfftm,internal/persistence/postgres/confirmations.go,Modeled component responsibility,firefly.tezosconnect.persistence,https://github.com/hyperledger-firefly/transaction-manager/blob/7a882ddaeaf2e7b9b2203a053402576e436debd9/internal/persistence/postgres/confirmations.go
tezosfftm,internal/persistence/postgres/confirmations_test.go,Test or generated test support,,https://github.com/hyperledger-firefly/transaction-manager/blob/7a882ddaeaf2e7b9b2203a053402576e436debd9/internal/persistence/postgres/confirmations_test.go
tezosfftm,internal/persistence/postgres/eventstreams.go,Modeled component responsibility,firefly.tezosconnect.persistence,https://github.com/hyperledger-firefly/transaction-manager/blob/7a882ddaeaf2e7b9b2203a053402576e436debd9/internal/persistence/postgres/eventstreams.go
tezosfftm,internal/persistence/postgres/eventstreams_test.go,Test or generated test support,,https://github.com/hyperledger-firefly/transaction-manager/blob/7a882ddaeaf2e7b9b2203a053402576e436debd9/internal/persistence/postgres/eventstreams_test.go
tezosfftm,internal/persistence/postgres/listeners.go,Modeled component responsibility,firefly.tezosconnect.persistence,https://github.com/hyperledger-firefly/transaction-manager/blob/7a882ddaeaf2e7b9b2203a053402576e436debd9/internal/persistence/postgres/listeners.go
tezosfftm,internal/persistence/postgres/listeners_test.go,Test or generated test support,,https://github.com/hyperledger-firefly/transaction-manager/blob/7a882ddaeaf2e7b9b2203a053402576e436debd9/internal/persistence/postgres/listeners_test.go
tezosfftm,internal/persistence/postgres/postgres.go,Modeled component responsibility,firefly.tezosconnect.persistence,https://github.com/hyperledger-firefly/transaction-manager/blob/7a882ddaeaf2e7b9b2203a053402576e436debd9/internal/persistence/postgres/postgres.go
tezosfftm,internal/persistence/postgres/postgres_test.go,Test or generated test support,,https://github.com/hyperledger-firefly/transaction-manager/blob/7a882ddaeaf2e7b9b2203a053402576e436debd9/internal/persistence/postgres/postgres_test.go
tezosfftm,internal/persistence/postgres/receipts.go,Modeled component responsibility,firefly.tezosconnect.persistence,https://github.com/hyperledger-firefly/transaction-manager/blob/7a882ddaeaf2e7b9b2203a053402576e436debd9/internal/persistence/postgres/receipts.go
tezosfftm,internal/persistence/postgres/receipts_test.go,Test or generated test support,,https://github.com/hyperledger-firefly/transaction-manager/blob/7a882ddaeaf2e7b9b2203a053402576e436debd9/internal/persistence/postgres/receipts_test.go
tezosfftm,internal/persistence/postgres/sqlpersistence.go,Modeled component responsibility,firefly.tezosconnect.persistence,https://github.com/hyperledger-firefly/transaction-manager/blob/7a882ddaeaf2e7b9b2203a053402576e436debd9/internal/persistence/postgres/sqlpersistence.go
tezosfftm,internal/persistence/postgres/sqlpersistence_test.go,Test or generated test support,,https://github.com/hyperledger-firefly/transaction-manager/blob/7a882ddaeaf2e7b9b2203a053402576e436debd9/internal/persistence/postgres/sqlpersistence_test.go
tezosfftm,internal/persistence/postgres/transaction_writer.go,Modeled component responsibility,firefly.tezosconnect.persistence,https://github.com/hyperledger-firefly/transaction-manager/blob/7a882ddaeaf2e7b9b2203a053402576e436debd9/internal/persistence/postgres/transaction_writer.go
tezosfftm,internal/persistence/postgres/transaction_writer_test.go,Test or generated test support,,https://github.com/hyperledger-firefly/transaction-manager/blob/7a882ddaeaf2e7b9b2203a053402576e436debd9/internal/persistence/postgres/transaction_writer_test.go
tezosfftm,internal/persistence/postgres/transactions.go,Modeled component responsibility,firefly.tezosconnect.persistence,https://github.com/hyperledger-firefly/transaction-manager/blob/7a882ddaeaf2e7b9b2203a053402576e436debd9/internal/persistence/postgres/transactions.go
tezosfftm,internal/persistence/postgres/transactions_test.go,Test or generated test support,,https://github.com/hyperledger-firefly/transaction-manager/blob/7a882ddaeaf2e7b9b2203a053402576e436debd9/internal/persistence/postgres/transactions_test.go
tezosfftm,internal/persistence/postgres/txhistory.go,Modeled component responsibility,firefly.tezosconnect.persistence,https://github.com/hyperledger-firefly/transaction-manager/blob/7a882ddaeaf2e7b9b2203a053402576e436debd9/internal/persistence/postgres/txhistory.go
tezosfftm,internal/persistence/postgres/txhistory_test.go,Test or generated test support,,https://github.com/hyperledger-firefly/transaction-manager/blob/7a882ddaeaf2e7b9b2203a053402576e436debd9/internal/persistence/postgres/txhistory_test.go
tezosfftm,internal/tmconfig/tmconfig.go,Embedded FFTM library,firefly.tezosconnect.api,https://github.com/hyperledger-firefly/transaction-manager/blob/7a882ddaeaf2e7b9b2203a053402576e436debd9/internal/tmconfig/tmconfig.go
tezosfftm,internal/tmconfig/tmconfig_test.go,Test or generated test support,,https://github.com/hyperledger-firefly/transaction-manager/blob/7a882ddaeaf2e7b9b2203a053402576e436debd9/internal/tmconfig/tmconfig_test.go
tezosfftm,internal/tmmsgs/en_api_descriptions.go,Embedded FFTM library,firefly.tezosconnect.api,https://github.com/hyperledger-firefly/transaction-manager/blob/7a882ddaeaf2e7b9b2203a053402576e436debd9/internal/tmmsgs/en_api_descriptions.go
tezosfftm,internal/tmmsgs/en_config_descriptions.go,Embedded FFTM library,firefly.tezosconnect.api,https://github.com/hyperledger-firefly/transaction-manager/blob/7a882ddaeaf2e7b9b2203a053402576e436debd9/internal/tmmsgs/en_config_descriptions.go
tezosfftm,internal/tmmsgs/en_error_messages.go,Embedded FFTM library,firefly.tezosconnect.api,https://github.com/hyperledger-firefly/transaction-manager/blob/7a882ddaeaf2e7b9b2203a053402576e436debd9/internal/tmmsgs/en_error_messages.go
tezosfftm,internal/ws/wsconn.go,Embedded FFTM library,firefly.tezosconnect.api,https://github.com/hyperledger-firefly/transaction-manager/blob/7a882ddaeaf2e7b9b2203a053402576e436debd9/internal/ws/wsconn.go
tezosfftm,internal/ws/wsserver.go,Embedded FFTM library,firefly.tezosconnect.api,https://github.com/hyperledger-firefly/transaction-manager/blob/7a882ddaeaf2e7b9b2203a053402576e436debd9/internal/ws/wsserver.go
tezosfftm,internal/ws/wsserver_test.go,Test or generated test support,,https://github.com/hyperledger-firefly/transaction-manager/blob/7a882ddaeaf2e7b9b2203a053402576e436debd9/internal/ws/wsserver_test.go
tezosfftm,mocks/apiclientmocks/fftm_client.go,Test or generated test support,,https://github.com/hyperledger-firefly/transaction-manager/blob/7a882ddaeaf2e7b9b2203a053402576e436debd9/mocks/apiclientmocks/fftm_client.go
tezosfftm,mocks/confirmationsmocks/manager.go,Test or generated test support,,https://github.com/hyperledger-firefly/transaction-manager/blob/7a882ddaeaf2e7b9b2203a053402576e436debd9/mocks/confirmationsmocks/manager.go
tezosfftm,mocks/eventsmocks/stream.go,Test or generated test support,,https://github.com/hyperledger-firefly/transaction-manager/blob/7a882ddaeaf2e7b9b2203a053402576e436debd9/mocks/eventsmocks/stream.go
tezosfftm,mocks/ffcapimocks/api.go,Test or generated test support,,https://github.com/hyperledger-firefly/transaction-manager/blob/7a882ddaeaf2e7b9b2203a053402576e436debd9/mocks/ffcapimocks/api.go
tezosfftm,mocks/metricsmocks/event_metrics_emitter.go,Test or generated test support,,https://github.com/hyperledger-firefly/transaction-manager/blob/7a882ddaeaf2e7b9b2203a053402576e436debd9/mocks/metricsmocks/event_metrics_emitter.go
tezosfftm,mocks/metricsmocks/transaction_handler_metrics.go,Test or generated test support,,https://github.com/hyperledger-firefly/transaction-manager/blob/7a882ddaeaf2e7b9b2203a053402576e436debd9/mocks/metricsmocks/transaction_handler_metrics.go
tezosfftm,mocks/persistencemocks/persistence.go,Test or generated test support,,https://github.com/hyperledger-firefly/transaction-manager/blob/7a882ddaeaf2e7b9b2203a053402576e436debd9/mocks/persistencemocks/persistence.go
tezosfftm,mocks/persistencemocks/rich_query.go,Test or generated test support,,https://github.com/hyperledger-firefly/transaction-manager/blob/7a882ddaeaf2e7b9b2203a053402576e436debd9/mocks/persistencemocks/rich_query.go
tezosfftm,mocks/persistencemocks/transaction_persistence.go,Test or generated test support,,https://github.com/hyperledger-firefly/transaction-manager/blob/7a882ddaeaf2e7b9b2203a053402576e436debd9/mocks/persistencemocks/transaction_persistence.go
tezosfftm,mocks/txhandlermocks/managed_tx_event_handler.go,Test or generated test support,,https://github.com/hyperledger-firefly/transaction-manager/blob/7a882ddaeaf2e7b9b2203a053402576e436debd9/mocks/txhandlermocks/managed_tx_event_handler.go
tezosfftm,mocks/txhandlermocks/transaction_handler.go,Test or generated test support,,https://github.com/hyperledger-firefly/transaction-manager/blob/7a882ddaeaf2e7b9b2203a053402576e436debd9/mocks/txhandlermocks/transaction_handler.go
tezosfftm,mocks/wsmocks/web_socket_channels.go,Test or generated test support,,https://github.com/hyperledger-firefly/transaction-manager/blob/7a882ddaeaf2e7b9b2203a053402576e436debd9/mocks/wsmocks/web_socket_channels.go
tezosfftm,mocks/wsmocks/web_socket_server.go,Test or generated test support,,https://github.com/hyperledger-firefly/transaction-manager/blob/7a882ddaeaf2e7b9b2203a053402576e436debd9/mocks/wsmocks/web_socket_server.go
tezosfftm,pkg/apitypes/api_types.go,Embedded FFTM library,firefly.tezosconnect.api,https://github.com/hyperledger-firefly/transaction-manager/blob/7a882ddaeaf2e7b9b2203a053402576e436debd9/pkg/apitypes/api_types.go
tezosfftm,pkg/apitypes/api_types_test.go,Test or generated test support,,https://github.com/hyperledger-firefly/transaction-manager/blob/7a882ddaeaf2e7b9b2203a053402576e436debd9/pkg/apitypes/api_types_test.go
tezosfftm,pkg/apitypes/base_request.go,Embedded FFTM library,firefly.tezosconnect.api,https://github.com/hyperledger-firefly/transaction-manager/blob/7a882ddaeaf2e7b9b2203a053402576e436debd9/pkg/apitypes/base_request.go
tezosfftm,pkg/apitypes/base_request_test.go,Test or generated test support,,https://github.com/hyperledger-firefly/transaction-manager/blob/7a882ddaeaf2e7b9b2203a053402576e436debd9/pkg/apitypes/base_request_test.go
tezosfftm,pkg/apitypes/managed_tx.go,Embedded FFTM library,firefly.tezosconnect.api,https://github.com/hyperledger-firefly/transaction-manager/blob/7a882ddaeaf2e7b9b2203a053402576e436debd9/pkg/apitypes/managed_tx.go
tezosfftm,pkg/apitypes/managed_tx_test.go,Test or generated test support,,https://github.com/hyperledger-firefly/transaction-manager/blob/7a882ddaeaf2e7b9b2203a053402576e436debd9/pkg/apitypes/managed_tx_test.go
tezosfftm,pkg/apitypes/query_request.go,Embedded FFTM library,firefly.tezosconnect.api,https://github.com/hyperledger-firefly/transaction-manager/blob/7a882ddaeaf2e7b9b2203a053402576e436debd9/pkg/apitypes/query_request.go
tezosfftm,pkg/apitypes/tx_request.go,Embedded FFTM library,firefly.tezosconnect.api,https://github.com/hyperledger-firefly/transaction-manager/blob/7a882ddaeaf2e7b9b2203a053402576e436debd9/pkg/apitypes/tx_request.go
tezosfftm,pkg/apitypes/txreceipt_request.go,Embedded FFTM library,firefly.tezosconnect.api,https://github.com/hyperledger-firefly/transaction-manager/blob/7a882ddaeaf2e7b9b2203a053402576e436debd9/pkg/apitypes/txreceipt_request.go
tezosfftm,pkg/apitypes/ulid.go,Embedded FFTM library,firefly.tezosconnect.api,https://github.com/hyperledger-firefly/transaction-manager/blob/7a882ddaeaf2e7b9b2203a053402576e436debd9/pkg/apitypes/ulid.go
tezosfftm,pkg/apitypes/ulid_test.go,Test or generated test support,,https://github.com/hyperledger-firefly/transaction-manager/blob/7a882ddaeaf2e7b9b2203a053402576e436debd9/pkg/apitypes/ulid_test.go
tezosfftm,pkg/ffcapi/address_balance.go,Embedded FFTM library,firefly.tezosconnect.api,https://github.com/hyperledger-firefly/transaction-manager/blob/7a882ddaeaf2e7b9b2203a053402576e436debd9/pkg/ffcapi/address_balance.go
tezosfftm,pkg/ffcapi/api.go,Embedded FFTM library,firefly.tezosconnect.api,https://github.com/hyperledger-firefly/transaction-manager/blob/7a882ddaeaf2e7b9b2203a053402576e436debd9/pkg/ffcapi/api.go
tezosfftm,pkg/ffcapi/api_test.go,Test or generated test support,,https://github.com/hyperledger-firefly/transaction-manager/blob/7a882ddaeaf2e7b9b2203a053402576e436debd9/pkg/ffcapi/api_test.go
tezosfftm,pkg/ffcapi/block_info_by_hash.go,Embedded FFTM library,firefly.tezosconnect.api,https://github.com/hyperledger-firefly/transaction-manager/blob/7a882ddaeaf2e7b9b2203a053402576e436debd9/pkg/ffcapi/block_info_by_hash.go
tezosfftm,pkg/ffcapi/block_info_by_number.go,Embedded FFTM library,firefly.tezosconnect.api,https://github.com/hyperledger-firefly/transaction-manager/blob/7a882ddaeaf2e7b9b2203a053402576e436debd9/pkg/ffcapi/block_info_by_number.go
tezosfftm,pkg/ffcapi/contract_deploy_prepare.go,Embedded FFTM library,firefly.tezosconnect.api,https://github.com/hyperledger-firefly/transaction-manager/blob/7a882ddaeaf2e7b9b2203a053402576e436debd9/pkg/ffcapi/contract_deploy_prepare.go
tezosfftm,pkg/ffcapi/event_listener_add.go,Embedded FFTM library,firefly.tezosconnect.api,https://github.com/hyperledger-firefly/transaction-manager/blob/7a882ddaeaf2e7b9b2203a053402576e436debd9/pkg/ffcapi/event_listener_add.go
tezosfftm,pkg/ffcapi/event_listener_hwm.go,Embedded FFTM library,firefly.tezosconnect.api,https://github.com/hyperledger-firefly/transaction-manager/blob/7a882ddaeaf2e7b9b2203a053402576e436debd9/pkg/ffcapi/event_listener_hwm.go
tezosfftm,pkg/ffcapi/event_listener_remove.go,Embedded FFTM library,firefly.tezosconnect.api,https://github.com/hyperledger-firefly/transaction-manager/blob/7a882ddaeaf2e7b9b2203a053402576e436debd9/pkg/ffcapi/event_listener_remove.go
tezosfftm,pkg/ffcapi/event_stream_start.go,Embedded FFTM library,firefly.tezosconnect.api,https://github.com/hyperledger-firefly/transaction-manager/blob/7a882ddaeaf2e7b9b2203a053402576e436debd9/pkg/ffcapi/event_stream_start.go
tezosfftm,pkg/ffcapi/event_stream_stopped.go,Embedded FFTM library,firefly.tezosconnect.api,https://github.com/hyperledger-firefly/transaction-manager/blob/7a882ddaeaf2e7b9b2203a053402576e436debd9/pkg/ffcapi/event_stream_stopped.go
tezosfftm,pkg/ffcapi/gas_estimate.go,Embedded FFTM library,firefly.tezosconnect.api,https://github.com/hyperledger-firefly/transaction-manager/blob/7a882ddaeaf2e7b9b2203a053402576e436debd9/pkg/ffcapi/gas_estimate.go
tezosfftm,pkg/ffcapi/gas_price_estimate.go,Embedded FFTM library,firefly.tezosconnect.api,https://github.com/hyperledger-firefly/transaction-manager/blob/7a882ddaeaf2e7b9b2203a053402576e436debd9/pkg/ffcapi/gas_price_estimate.go
tezosfftm,pkg/ffcapi/is_live.go,Embedded FFTM library,firefly.tezosconnect.api,https://github.com/hyperledger-firefly/transaction-manager/blob/7a882ddaeaf2e7b9b2203a053402576e436debd9/pkg/ffcapi/is_live.go
tezosfftm,pkg/ffcapi/is_ready.go,Embedded FFTM library,firefly.tezosconnect.api,https://github.com/hyperledger-firefly/transaction-manager/blob/7a882ddaeaf2e7b9b2203a053402576e436debd9/pkg/ffcapi/is_ready.go
tezosfftm,pkg/ffcapi/method_call.go,Embedded FFTM library,firefly.tezosconnect.api,https://github.com/hyperledger-firefly/transaction-manager/blob/7a882ddaeaf2e7b9b2203a053402576e436debd9/pkg/ffcapi/method_call.go
tezosfftm,pkg/ffcapi/new_block_listener.go,Embedded FFTM library,firefly.tezosconnect.api,https://github.com/hyperledger-firefly/transaction-manager/blob/7a882ddaeaf2e7b9b2203a053402576e436debd9/pkg/ffcapi/new_block_listener.go
tezosfftm,pkg/ffcapi/next_nonce_for_signer.go,Embedded FFTM library,firefly.tezosconnect.api,https://github.com/hyperledger-firefly/transaction-manager/blob/7a882ddaeaf2e7b9b2203a053402576e436debd9/pkg/ffcapi/next_nonce_for_signer.go
tezosfftm,pkg/ffcapi/submission_error.go,Embedded FFTM library,firefly.tezosconnect.api,https://github.com/hyperledger-firefly/transaction-manager/blob/7a882ddaeaf2e7b9b2203a053402576e436debd9/pkg/ffcapi/submission_error.go
tezosfftm,pkg/ffcapi/submission_error_test.go,Test or generated test support,,https://github.com/hyperledger-firefly/transaction-manager/blob/7a882ddaeaf2e7b9b2203a053402576e436debd9/pkg/ffcapi/submission_error_test.go
tezosfftm,pkg/ffcapi/transaction_prepare.go,Embedded FFTM library,firefly.tezosconnect.api,https://github.com/hyperledger-firefly/transaction-manager/blob/7a882ddaeaf2e7b9b2203a053402576e436debd9/pkg/ffcapi/transaction_prepare.go
tezosfftm,pkg/ffcapi/transaction_receipt.go,Embedded FFTM library,firefly.tezosconnect.api,https://github.com/hyperledger-firefly/transaction-manager/blob/7a882ddaeaf2e7b9b2203a053402576e436debd9/pkg/ffcapi/transaction_receipt.go
tezosfftm,pkg/ffcapi/transaction_send.go,Embedded FFTM library,firefly.tezosconnect.api,https://github.com/hyperledger-firefly/transaction-manager/blob/7a882ddaeaf2e7b9b2203a053402576e436debd9/pkg/ffcapi/transaction_send.go
tezosfftm,pkg/fftm/address_management.go,Modeled component responsibility,firefly.tezosconnect.api,https://github.com/hyperledger-firefly/transaction-manager/blob/7a882ddaeaf2e7b9b2203a053402576e436debd9/pkg/fftm/address_management.go
tezosfftm,pkg/fftm/address_management_test.go,Test or generated test support,,https://github.com/hyperledger-firefly/transaction-manager/blob/7a882ddaeaf2e7b9b2203a053402576e436debd9/pkg/fftm/address_management_test.go
tezosfftm,pkg/fftm/api.go,Modeled component responsibility,firefly.tezosconnect.api,https://github.com/hyperledger-firefly/transaction-manager/blob/7a882ddaeaf2e7b9b2203a053402576e436debd9/pkg/fftm/api.go
tezosfftm,pkg/fftm/api_test.go,Test or generated test support,,https://github.com/hyperledger-firefly/transaction-manager/blob/7a882ddaeaf2e7b9b2203a053402576e436debd9/pkg/fftm/api_test.go
tezosfftm,pkg/fftm/config_docs_generate_test.go,Test or generated test support,,https://github.com/hyperledger-firefly/transaction-manager/blob/7a882ddaeaf2e7b9b2203a053402576e436debd9/pkg/fftm/config_docs_generate_test.go
tezosfftm,pkg/fftm/config_docs_test.go,Test or generated test support,,https://github.com/hyperledger-firefly/transaction-manager/blob/7a882ddaeaf2e7b9b2203a053402576e436debd9/pkg/fftm/config_docs_test.go
tezosfftm,pkg/fftm/gas_management.go,Modeled component responsibility,firefly.tezosconnect.api,https://github.com/hyperledger-firefly/transaction-manager/blob/7a882ddaeaf2e7b9b2203a053402576e436debd9/pkg/fftm/gas_management.go
tezosfftm,pkg/fftm/manager.go,Modeled component responsibility,firefly.tezosconnect.api,https://github.com/hyperledger-firefly/transaction-manager/blob/7a882ddaeaf2e7b9b2203a053402576e436debd9/pkg/fftm/manager.go
tezosfftm,pkg/fftm/manager_test.go,Test or generated test support,,https://github.com/hyperledger-firefly/transaction-manager/blob/7a882ddaeaf2e7b9b2203a053402576e436debd9/pkg/fftm/manager_test.go
tezosfftm,pkg/fftm/route__root_command.go,Modeled component responsibility,firefly.tezosconnect.api,https://github.com/hyperledger-firefly/transaction-manager/blob/7a882ddaeaf2e7b9b2203a053402576e436debd9/pkg/fftm/route__root_command.go
tezosfftm,pkg/fftm/route_delete_eventstream.go,Modeled component responsibility,firefly.tezosconnect.api,https://github.com/hyperledger-firefly/transaction-manager/blob/7a882ddaeaf2e7b9b2203a053402576e436debd9/pkg/fftm/route_delete_eventstream.go
tezosfftm,pkg/fftm/route_delete_eventstream_listener.go,Modeled component responsibility,firefly.tezosconnect.api,https://github.com/hyperledger-firefly/transaction-manager/blob/7a882ddaeaf2e7b9b2203a053402576e436debd9/pkg/fftm/route_delete_eventstream_listener.go
tezosfftm,pkg/fftm/route_delete_eventstream_listener_test.go,Test or generated test support,,https://github.com/hyperledger-firefly/transaction-manager/blob/7a882ddaeaf2e7b9b2203a053402576e436debd9/pkg/fftm/route_delete_eventstream_listener_test.go
tezosfftm,pkg/fftm/route_delete_eventstream_test.go,Test or generated test support,,https://github.com/hyperledger-firefly/transaction-manager/blob/7a882ddaeaf2e7b9b2203a053402576e436debd9/pkg/fftm/route_delete_eventstream_test.go
tezosfftm,pkg/fftm/route_delete_subscription.go,Modeled component responsibility,firefly.tezosconnect.api,https://github.com/hyperledger-firefly/transaction-manager/blob/7a882ddaeaf2e7b9b2203a053402576e436debd9/pkg/fftm/route_delete_subscription.go
tezosfftm,pkg/fftm/route_delete_subscription_test.go,Test or generated test support,,https://github.com/hyperledger-firefly/transaction-manager/blob/7a882ddaeaf2e7b9b2203a053402576e436debd9/pkg/fftm/route_delete_subscription_test.go
tezosfftm,pkg/fftm/route_delete_transaction.go,Modeled component responsibility,firefly.tezosconnect.api,https://github.com/hyperledger-firefly/transaction-manager/blob/7a882ddaeaf2e7b9b2203a053402576e436debd9/pkg/fftm/route_delete_transaction.go
tezosfftm,pkg/fftm/route_delete_transaction_test.go,Test or generated test support,,https://github.com/hyperledger-firefly/transaction-manager/blob/7a882ddaeaf2e7b9b2203a053402576e436debd9/pkg/fftm/route_delete_transaction_test.go
tezosfftm,pkg/fftm/route_get_address_balance.go,Modeled component responsibility,firefly.tezosconnect.api,https://github.com/hyperledger-firefly/transaction-manager/blob/7a882ddaeaf2e7b9b2203a053402576e436debd9/pkg/fftm/route_get_address_balance.go
tezosfftm,pkg/fftm/route_get_address_balance_test.go,Test or generated test support,,https://github.com/hyperledger-firefly/transaction-manager/blob/7a882ddaeaf2e7b9b2203a053402576e436debd9/pkg/fftm/route_get_address_balance_test.go
tezosfftm,pkg/fftm/route_get_eventstream.go,Modeled component responsibility,firefly.tezosconnect.api,https://github.com/hyperledger-firefly/transaction-manager/blob/7a882ddaeaf2e7b9b2203a053402576e436debd9/pkg/fftm/route_get_eventstream.go
tezosfftm,pkg/fftm/route_get_eventstream_listener.go,Modeled component responsibility,firefly.tezosconnect.api,https://github.com/hyperledger-firefly/transaction-manager/blob/7a882ddaeaf2e7b9b2203a053402576e436debd9/pkg/fftm/route_get_eventstream_listener.go
tezosfftm,pkg/fftm/route_get_eventstream_listener_test.go,Test or generated test support,,https://github.com/hyperledger-firefly/transaction-manager/blob/7a882ddaeaf2e7b9b2203a053402576e436debd9/pkg/fftm/route_get_eventstream_listener_test.go
tezosfftm,pkg/fftm/route_get_eventstream_listeners.go,Modeled component responsibility,firefly.tezosconnect.api,https://github.com/hyperledger-firefly/transaction-manager/blob/7a882ddaeaf2e7b9b2203a053402576e436debd9/pkg/fftm/route_get_eventstream_listeners.go
tezosfftm,pkg/fftm/route_get_eventstream_listeners_test.go,Test or generated test support,,https://github.com/hyperledger-firefly/transaction-manager/blob/7a882ddaeaf2e7b9b2203a053402576e436debd9/pkg/fftm/route_get_eventstream_listeners_test.go
tezosfftm,pkg/fftm/route_get_eventstream_test.go,Test or generated test support,,https://github.com/hyperledger-firefly/transaction-manager/blob/7a882ddaeaf2e7b9b2203a053402576e436debd9/pkg/fftm/route_get_eventstream_test.go
tezosfftm,pkg/fftm/route_get_eventstreams.go,Modeled component responsibility,firefly.tezosconnect.api,https://github.com/hyperledger-firefly/transaction-manager/blob/7a882ddaeaf2e7b9b2203a053402576e436debd9/pkg/fftm/route_get_eventstreams.go
tezosfftm,pkg/fftm/route_get_eventstreams_test.go,Test or generated test support,,https://github.com/hyperledger-firefly/transaction-manager/blob/7a882ddaeaf2e7b9b2203a053402576e436debd9/pkg/fftm/route_get_eventstreams_test.go
tezosfftm,pkg/fftm/route_get_gas_price.go,Modeled component responsibility,firefly.tezosconnect.api,https://github.com/hyperledger-firefly/transaction-manager/blob/7a882ddaeaf2e7b9b2203a053402576e436debd9/pkg/fftm/route_get_gas_price.go
tezosfftm,pkg/fftm/route_get_gas_price_test.go,Test or generated test support,,https://github.com/hyperledger-firefly/transaction-manager/blob/7a882ddaeaf2e7b9b2203a053402576e436debd9/pkg/fftm/route_get_gas_price_test.go
tezosfftm,pkg/fftm/route_get_status_live.go,Modeled component responsibility,firefly.tezosconnect.api,https://github.com/hyperledger-firefly/transaction-manager/blob/7a882ddaeaf2e7b9b2203a053402576e436debd9/pkg/fftm/route_get_status_live.go
tezosfftm,pkg/fftm/route_get_status_live_test.go,Test or generated test support,,https://github.com/hyperledger-firefly/transaction-manager/blob/7a882ddaeaf2e7b9b2203a053402576e436debd9/pkg/fftm/route_get_status_live_test.go
tezosfftm,pkg/fftm/route_get_status_ready.go,Modeled component responsibility,firefly.tezosconnect.api,https://github.com/hyperledger-firefly/transaction-manager/blob/7a882ddaeaf2e7b9b2203a053402576e436debd9/pkg/fftm/route_get_status_ready.go
tezosfftm,pkg/fftm/route_get_status_ready_test.go,Test or generated test support,,https://github.com/hyperledger-firefly/transaction-manager/blob/7a882ddaeaf2e7b9b2203a053402576e436debd9/pkg/fftm/route_get_status_ready_test.go
tezosfftm,pkg/fftm/route_get_subscription.go,Modeled component responsibility,firefly.tezosconnect.api,https://github.com/hyperledger-firefly/transaction-manager/blob/7a882ddaeaf2e7b9b2203a053402576e436debd9/pkg/fftm/route_get_subscription.go
tezosfftm,pkg/fftm/route_get_subscription_test.go,Test or generated test support,,https://github.com/hyperledger-firefly/transaction-manager/blob/7a882ddaeaf2e7b9b2203a053402576e436debd9/pkg/fftm/route_get_subscription_test.go
tezosfftm,pkg/fftm/route_get_subscriptions.go,Modeled component responsibility,firefly.tezosconnect.api,https://github.com/hyperledger-firefly/transaction-manager/blob/7a882ddaeaf2e7b9b2203a053402576e436debd9/pkg/fftm/route_get_subscriptions.go
tezosfftm,pkg/fftm/route_get_subscriptions_test.go,Test or generated test support,,https://github.com/hyperledger-firefly/transaction-manager/blob/7a882ddaeaf2e7b9b2203a053402576e436debd9/pkg/fftm/route_get_subscriptions_test.go
tezosfftm,pkg/fftm/route_get_transaction.go,Modeled component responsibility,firefly.tezosconnect.api,https://github.com/hyperledger-firefly/transaction-manager/blob/7a882ddaeaf2e7b9b2203a053402576e436debd9/pkg/fftm/route_get_transaction.go
tezosfftm,pkg/fftm/route_get_transaction_confirmations.go,Modeled component responsibility,firefly.tezosconnect.api,https://github.com/hyperledger-firefly/transaction-manager/blob/7a882ddaeaf2e7b9b2203a053402576e436debd9/pkg/fftm/route_get_transaction_confirmations.go
tezosfftm,pkg/fftm/route_get_transaction_confirmations_test.go,Test or generated test support,,https://github.com/hyperledger-firefly/transaction-manager/blob/7a882ddaeaf2e7b9b2203a053402576e436debd9/pkg/fftm/route_get_transaction_confirmations_test.go
tezosfftm,pkg/fftm/route_get_transaction_history.go,Modeled component responsibility,firefly.tezosconnect.api,https://github.com/hyperledger-firefly/transaction-manager/blob/7a882ddaeaf2e7b9b2203a053402576e436debd9/pkg/fftm/route_get_transaction_history.go
tezosfftm,pkg/fftm/route_get_transaction_history_test.go,Test or generated test support,,https://github.com/hyperledger-firefly/transaction-manager/blob/7a882ddaeaf2e7b9b2203a053402576e436debd9/pkg/fftm/route_get_transaction_history_test.go
tezosfftm,pkg/fftm/route_get_transaction_receipt.go,Modeled component responsibility,firefly.tezosconnect.api,https://github.com/hyperledger-firefly/transaction-manager/blob/7a882ddaeaf2e7b9b2203a053402576e436debd9/pkg/fftm/route_get_transaction_receipt.go
tezosfftm,pkg/fftm/route_get_transaction_receipt_test.go,Test or generated test support,,https://github.com/hyperledger-firefly/transaction-manager/blob/7a882ddaeaf2e7b9b2203a053402576e436debd9/pkg/fftm/route_get_transaction_receipt_test.go
tezosfftm,pkg/fftm/route_get_transaction_test.go,Test or generated test support,,https://github.com/hyperledger-firefly/transaction-manager/blob/7a882ddaeaf2e7b9b2203a053402576e436debd9/pkg/fftm/route_get_transaction_test.go
tezosfftm,pkg/fftm/route_get_transactions.go,Modeled component responsibility,firefly.tezosconnect.api,https://github.com/hyperledger-firefly/transaction-manager/blob/7a882ddaeaf2e7b9b2203a053402576e436debd9/pkg/fftm/route_get_transactions.go
tezosfftm,pkg/fftm/route_get_transactions_test.go,Test or generated test support,,https://github.com/hyperledger-firefly/transaction-manager/blob/7a882ddaeaf2e7b9b2203a053402576e436debd9/pkg/fftm/route_get_transactions_test.go
tezosfftm,pkg/fftm/route_patch_eventstream.go,Modeled component responsibility,firefly.tezosconnect.api,https://github.com/hyperledger-firefly/transaction-manager/blob/7a882ddaeaf2e7b9b2203a053402576e436debd9/pkg/fftm/route_patch_eventstream.go
tezosfftm,pkg/fftm/route_patch_eventstream_listener.go,Modeled component responsibility,firefly.tezosconnect.api,https://github.com/hyperledger-firefly/transaction-manager/blob/7a882ddaeaf2e7b9b2203a053402576e436debd9/pkg/fftm/route_patch_eventstream_listener.go
tezosfftm,pkg/fftm/route_patch_eventstream_listener_test.go,Test or generated test support,,https://github.com/hyperledger-firefly/transaction-manager/blob/7a882ddaeaf2e7b9b2203a053402576e436debd9/pkg/fftm/route_patch_eventstream_listener_test.go
tezosfftm,pkg/fftm/route_patch_eventstream_test.go,Test or generated test support,,https://github.com/hyperledger-firefly/transaction-manager/blob/7a882ddaeaf2e7b9b2203a053402576e436debd9/pkg/fftm/route_patch_eventstream_test.go
tezosfftm,pkg/fftm/route_patch_subscription.go,Modeled component responsibility,firefly.tezosconnect.api,https://github.com/hyperledger-firefly/transaction-manager/blob/7a882ddaeaf2e7b9b2203a053402576e436debd9/pkg/fftm/route_patch_subscription.go
tezosfftm,pkg/fftm/route_patch_subscription_test.go,Test or generated test support,,https://github.com/hyperledger-firefly/transaction-manager/blob/7a882ddaeaf2e7b9b2203a053402576e436debd9/pkg/fftm/route_patch_subscription_test.go
tezosfftm,pkg/fftm/route_post_eventstream.go,Modeled component responsibility,firefly.tezosconnect.api,https://github.com/hyperledger-firefly/transaction-manager/blob/7a882ddaeaf2e7b9b2203a053402576e436debd9/pkg/fftm/route_post_eventstream.go
tezosfftm,pkg/fftm/route_post_eventstream_listener_reset.go,Modeled component responsibility,firefly.tezosconnect.api,https://github.com/hyperledger-firefly/transaction-manager/blob/7a882ddaeaf2e7b9b2203a053402576e436debd9/pkg/fftm/route_post_eventstream_listener_reset.go
tezosfftm,pkg/fftm/route_post_eventstream_listener_reset_test.go,Test or generated test support,,https://github.com/hyperledger-firefly/transaction-manager/blob/7a882ddaeaf2e7b9b2203a053402576e436debd9/pkg/fftm/route_post_eventstream_listener_reset_test.go
tezosfftm,pkg/fftm/route_post_eventstream_listeners.go,Modeled component responsibility,firefly.tezosconnect.api,https://github.com/hyperledger-firefly/transaction-manager/blob/7a882ddaeaf2e7b9b2203a053402576e436debd9/pkg/fftm/route_post_eventstream_listeners.go
tezosfftm,pkg/fftm/route_post_eventstream_listeners_test.go,Test or generated test support,,https://github.com/hyperledger-firefly/transaction-manager/blob/7a882ddaeaf2e7b9b2203a053402576e436debd9/pkg/fftm/route_post_eventstream_listeners_test.go
tezosfftm,pkg/fftm/route_post_eventstream_resume.go,Modeled component responsibility,firefly.tezosconnect.api,https://github.com/hyperledger-firefly/transaction-manager/blob/7a882ddaeaf2e7b9b2203a053402576e436debd9/pkg/fftm/route_post_eventstream_resume.go
tezosfftm,pkg/fftm/route_post_eventstream_resume_test.go,Test or generated test support,,https://github.com/hyperledger-firefly/transaction-manager/blob/7a882ddaeaf2e7b9b2203a053402576e436debd9/pkg/fftm/route_post_eventstream_resume_test.go
tezosfftm,pkg/fftm/route_post_eventstream_suspend.go,Modeled component responsibility,firefly.tezosconnect.api,https://github.com/hyperledger-firefly/transaction-manager/blob/7a882ddaeaf2e7b9b2203a053402576e436debd9/pkg/fftm/route_post_eventstream_suspend.go
tezosfftm,pkg/fftm/route_post_eventstream_suspend_test.go,Test or generated test support,,https://github.com/hyperledger-firefly/transaction-manager/blob/7a882ddaeaf2e7b9b2203a053402576e436debd9/pkg/fftm/route_post_eventstream_suspend_test.go
tezosfftm,pkg/fftm/route_post_eventstream_test.go,Test or generated test support,,https://github.com/hyperledger-firefly/transaction-manager/blob/7a882ddaeaf2e7b9b2203a053402576e436debd9/pkg/fftm/route_post_eventstream_test.go
tezosfftm,pkg/fftm/route_post_subscription_reset.go,Modeled component responsibility,firefly.tezosconnect.api,https://github.com/hyperledger-firefly/transaction-manager/blob/7a882ddaeaf2e7b9b2203a053402576e436debd9/pkg/fftm/route_post_subscription_reset.go
tezosfftm,pkg/fftm/route_post_subscription_reset_test.go,Test or generated test support,,https://github.com/hyperledger-firefly/transaction-manager/blob/7a882ddaeaf2e7b9b2203a053402576e436debd9/pkg/fftm/route_post_subscription_reset_test.go
tezosfftm,pkg/fftm/route_post_subscriptions.go,Modeled component responsibility,firefly.tezosconnect.api,https://github.com/hyperledger-firefly/transaction-manager/blob/7a882ddaeaf2e7b9b2203a053402576e436debd9/pkg/fftm/route_post_subscriptions.go
tezosfftm,pkg/fftm/route_post_subscriptions_test.go,Test or generated test support,,https://github.com/hyperledger-firefly/transaction-manager/blob/7a882ddaeaf2e7b9b2203a053402576e436debd9/pkg/fftm/route_post_subscriptions_test.go
tezosfftm,pkg/fftm/route_post_transaction_resume.go,Modeled component responsibility,firefly.tezosconnect.api,https://github.com/hyperledger-firefly/transaction-manager/blob/7a882ddaeaf2e7b9b2203a053402576e436debd9/pkg/fftm/route_post_transaction_resume.go
tezosfftm,pkg/fftm/route_post_transaction_resume_test.go,Test or generated test support,,https://github.com/hyperledger-firefly/transaction-manager/blob/7a882ddaeaf2e7b9b2203a053402576e436debd9/pkg/fftm/route_post_transaction_resume_test.go
tezosfftm,pkg/fftm/route_post_transaction_suspend.go,Modeled component responsibility,firefly.tezosconnect.api,https://github.com/hyperledger-firefly/transaction-manager/blob/7a882ddaeaf2e7b9b2203a053402576e436debd9/pkg/fftm/route_post_transaction_suspend.go
tezosfftm,pkg/fftm/route_post_transaction_suspend_test.go,Test or generated test support,,https://github.com/hyperledger-firefly/transaction-manager/blob/7a882ddaeaf2e7b9b2203a053402576e436debd9/pkg/fftm/route_post_transaction_suspend_test.go
tezosfftm,pkg/fftm/routes.go,Modeled component responsibility,firefly.tezosconnect.api,https://github.com/hyperledger-firefly/transaction-manager/blob/7a882ddaeaf2e7b9b2203a053402576e436debd9/pkg/fftm/routes.go
tezosfftm,pkg/fftm/status_management.go,Modeled component responsibility,firefly.tezosconnect.api,https://github.com/hyperledger-firefly/transaction-manager/blob/7a882ddaeaf2e7b9b2203a053402576e436debd9/pkg/fftm/status_management.go
tezosfftm,pkg/fftm/status_management_test.go,Test or generated test support,,https://github.com/hyperledger-firefly/transaction-manager/blob/7a882ddaeaf2e7b9b2203a053402576e436debd9/pkg/fftm/status_management_test.go
tezosfftm,pkg/fftm/stream_management.go,Modeled component responsibility,firefly.tezosconnect.api,https://github.com/hyperledger-firefly/transaction-manager/blob/7a882ddaeaf2e7b9b2203a053402576e436debd9/pkg/fftm/stream_management.go
tezosfftm,pkg/fftm/stream_management_test.go,Test or generated test support,,https://github.com/hyperledger-firefly/transaction-manager/blob/7a882ddaeaf2e7b9b2203a053402576e436debd9/pkg/fftm/stream_management_test.go
tezosfftm,pkg/fftm/transaction_events_handler.go,Modeled component responsibility,firefly.tezosconnect.api,https://github.com/hyperledger-firefly/transaction-manager/blob/7a882ddaeaf2e7b9b2203a053402576e436debd9/pkg/fftm/transaction_events_handler.go
tezosfftm,pkg/fftm/transaction_events_handler_test.go,Test or generated test support,,https://github.com/hyperledger-firefly/transaction-manager/blob/7a882ddaeaf2e7b9b2203a053402576e436debd9/pkg/fftm/transaction_events_handler_test.go
tezosfftm,pkg/fftm/transaction_management.go,Modeled component responsibility,firefly.tezosconnect.api,https://github.com/hyperledger-firefly/transaction-manager/blob/7a882ddaeaf2e7b9b2203a053402576e436debd9/pkg/fftm/transaction_management.go
tezosfftm,pkg/fftm/transaction_management_test.go,Test or generated test support,,https://github.com/hyperledger-firefly/transaction-manager/blob/7a882ddaeaf2e7b9b2203a053402576e436debd9/pkg/fftm/transaction_management_test.go
tezosfftm,pkg/txhandler/registry/registry.go,Modeled component responsibility,firefly.tezosconnect.policy,https://github.com/hyperledger-firefly/transaction-manager/blob/7a882ddaeaf2e7b9b2203a053402576e436debd9/pkg/txhandler/registry/registry.go
tezosfftm,pkg/txhandler/registry/registry_test.go,Test or generated test support,,https://github.com/hyperledger-firefly/transaction-manager/blob/7a882ddaeaf2e7b9b2203a053402576e436debd9/pkg/txhandler/registry/registry_test.go
tezosfftm,pkg/txhandler/simple/config.go,Modeled component responsibility,firefly.tezosconnect.policy,https://github.com/hyperledger-firefly/transaction-manager/blob/7a882ddaeaf2e7b9b2203a053402576e436debd9/pkg/txhandler/simple/config.go
tezosfftm,pkg/txhandler/simple/metrics.go,Modeled component responsibility,firefly.tezosconnect.policy,https://github.com/hyperledger-firefly/transaction-manager/blob/7a882ddaeaf2e7b9b2203a053402576e436debd9/pkg/txhandler/simple/metrics.go
tezosfftm,pkg/txhandler/simple/policyloop.go,Modeled component responsibility,firefly.tezosconnect.policy,https://github.com/hyperledger-firefly/transaction-manager/blob/7a882ddaeaf2e7b9b2203a053402576e436debd9/pkg/txhandler/simple/policyloop.go
tezosfftm,pkg/txhandler/simple/policyloop_test.go,Test or generated test support,,https://github.com/hyperledger-firefly/transaction-manager/blob/7a882ddaeaf2e7b9b2203a053402576e436debd9/pkg/txhandler/simple/policyloop_test.go
tezosfftm,pkg/txhandler/simple/simple_transaction_hander_test.go,Test or generated test support,,https://github.com/hyperledger-firefly/transaction-manager/blob/7a882ddaeaf2e7b9b2203a053402576e436debd9/pkg/txhandler/simple/simple_transaction_hander_test.go
tezosfftm,pkg/txhandler/simple/simple_transaction_handler.go,Modeled component responsibility,firefly.tezosconnect.policy,https://github.com/hyperledger-firefly/transaction-manager/blob/7a882ddaeaf2e7b9b2203a053402576e436debd9/pkg/txhandler/simple/simple_transaction_handler.go
tezosfftm,pkg/txhandler/txhandler.go,Modeled component responsibility,firefly.tezosconnect.policy,https://github.com/hyperledger-firefly/transaction-manager/blob/7a882ddaeaf2e7b9b2203a053402576e436debd9/pkg/txhandler/txhandler.go
signer,cmd/config.go,Process entrypoint,firefly.signer.proxy,https://github.com/hyperledger-firefly/signer/blob/cfafd71fb4d2c3061a946f6466269877c3f04d9d/cmd/config.go
signer,cmd/config_docs_generate_test.go,Test or generated test support,,https://github.com/hyperledger-firefly/signer/blob/cfafd71fb4d2c3061a946f6466269877c3f04d9d/cmd/config_docs_generate_test.go
signer,cmd/config_docs_test.go,Test or generated test support,,https://github.com/hyperledger-firefly/signer/blob/cfafd71fb4d2c3061a946f6466269877c3f04d9d/cmd/config_docs_test.go
signer,cmd/config_test.go,Test or generated test support,,https://github.com/hyperledger-firefly/signer/blob/cfafd71fb4d2c3061a946f6466269877c3f04d9d/cmd/config_test.go
signer,cmd/ffsigner.go,Process entrypoint,firefly.signer.proxy,https://github.com/hyperledger-firefly/signer/blob/cfafd71fb4d2c3061a946f6466269877c3f04d9d/cmd/ffsigner.go
signer,cmd/ffsigner_test.go,Test or generated test support,,https://github.com/hyperledger-firefly/signer/blob/cfafd71fb4d2c3061a946f6466269877c3f04d9d/cmd/ffsigner_test.go
signer,cmd/version.go,Process entrypoint,firefly.signer.proxy,https://github.com/hyperledger-firefly/signer/blob/cfafd71fb4d2c3061a946f6466269877c3f04d9d/cmd/version.go
signer,cmd/version_test.go,Test or generated test support,,https://github.com/hyperledger-firefly/signer/blob/cfafd71fb4d2c3061a946f6466269877c3f04d9d/cmd/version_test.go
signer,ffsigner/main.go,Executable bootstrap,firefly.signer.proxy,https://github.com/hyperledger-firefly/signer/blob/cfafd71fb4d2c3061a946f6466269877c3f04d9d/ffsigner/main.go
signer,internal/rpcserver/rpchandler.go,Modeled component responsibility,firefly.signer.proxy,https://github.com/hyperledger-firefly/signer/blob/cfafd71fb4d2c3061a946f6466269877c3f04d9d/internal/rpcserver/rpchandler.go
signer,internal/rpcserver/rpchandler_test.go,Test or generated test support,,https://github.com/hyperledger-firefly/signer/blob/cfafd71fb4d2c3061a946f6466269877c3f04d9d/internal/rpcserver/rpchandler_test.go
signer,internal/rpcserver/rpcprocessor.go,Modeled component responsibility,firefly.signer.proxy,https://github.com/hyperledger-firefly/signer/blob/cfafd71fb4d2c3061a946f6466269877c3f04d9d/internal/rpcserver/rpcprocessor.go
signer,internal/rpcserver/rpcprocessor_test.go,Test or generated test support,,https://github.com/hyperledger-firefly/signer/blob/cfafd71fb4d2c3061a946f6466269877c3f04d9d/internal/rpcserver/rpcprocessor_test.go
signer,internal/rpcserver/server.go,Modeled component responsibility,firefly.signer.proxy,https://github.com/hyperledger-firefly/signer/blob/cfafd71fb4d2c3061a946f6466269877c3f04d9d/internal/rpcserver/server.go
signer,internal/rpcserver/server_test.go,Test or generated test support,,https://github.com/hyperledger-firefly/signer/blob/cfafd71fb4d2c3061a946f6466269877c3f04d9d/internal/rpcserver/server_test.go
signer,internal/signerconfig/signerconfig.go,Configuration definitions,firefly.signer.proxy,https://github.com/hyperledger-firefly/signer/blob/cfafd71fb4d2c3061a946f6466269877c3f04d9d/internal/signerconfig/signerconfig.go
signer,internal/signerconfig/signerconfig_test.go,Test or generated test support,,https://github.com/hyperledger-firefly/signer/blob/cfafd71fb4d2c3061a946f6466269877c3f04d9d/internal/signerconfig/signerconfig_test.go
signer,internal/signermsgs/en_api_translations.go,Messages and descriptions,firefly.signer.proxy,https://github.com/hyperledger-firefly/signer/blob/cfafd71fb4d2c3061a946f6466269877c3f04d9d/internal/signermsgs/en_api_translations.go
signer,internal/signermsgs/en_config_descriptions.go,Messages and descriptions,firefly.signer.proxy,https://github.com/hyperledger-firefly/signer/blob/cfafd71fb4d2c3061a946f6466269877c3f04d9d/internal/signermsgs/en_config_descriptions.go
signer,internal/signermsgs/en_error_messges.go,Messages and descriptions,firefly.signer.proxy,https://github.com/hyperledger-firefly/signer/blob/cfafd71fb4d2c3061a946f6466269877c3f04d9d/internal/signermsgs/en_error_messges.go
signer,internal/signermsgs/en_field_descriptions.go,Messages and descriptions,firefly.signer.proxy,https://github.com/hyperledger-firefly/signer/blob/cfafd71fb4d2c3061a946f6466269877c3f04d9d/internal/signermsgs/en_field_descriptions.go
signer,mocks/ethsignermocks/wallet.go,Test or generated test support,,https://github.com/hyperledger-firefly/signer/blob/cfafd71fb4d2c3061a946f6466269877c3f04d9d/mocks/ethsignermocks/wallet.go
signer,mocks/rpcbackendmocks/backend.go,Test or generated test support,,https://github.com/hyperledger-firefly/signer/blob/cfafd71fb4d2c3061a946f6466269877c3f04d9d/mocks/rpcbackendmocks/backend.go
signer,mocks/rpcservermocks/server.go,Test or generated test support,,https://github.com/hyperledger-firefly/signer/blob/cfafd71fb4d2c3061a946f6466269877c3f04d9d/mocks/rpcservermocks/server.go
signer,mocks/secp256k1mocks/signer.go,Test or generated test support,,https://github.com/hyperledger-firefly/signer/blob/cfafd71fb4d2c3061a946f6466269877c3f04d9d/mocks/secp256k1mocks/signer.go
signer,mocks/secp256k1mocks/signer_direct.go,Test or generated test support,,https://github.com/hyperledger-firefly/signer/blob/cfafd71fb4d2c3061a946f6466269877c3f04d9d/mocks/secp256k1mocks/signer_direct.go
signer,pkg/abi/abi.go,Embedded ABI library,firefly.signer.signing,https://github.com/hyperledger-firefly/signer/blob/cfafd71fb4d2c3061a946f6466269877c3f04d9d/pkg/abi/abi.go
signer,pkg/abi/abi_test.go,Test or generated test support,,https://github.com/hyperledger-firefly/signer/blob/cfafd71fb4d2c3061a946f6466269877c3f04d9d/pkg/abi/abi_test.go
signer,pkg/abi/abidecode.go,Embedded ABI library,firefly.signer.signing,https://github.com/hyperledger-firefly/signer/blob/cfafd71fb4d2c3061a946f6466269877c3f04d9d/pkg/abi/abidecode.go
signer,pkg/abi/abidecode_test.go,Test or generated test support,,https://github.com/hyperledger-firefly/signer/blob/cfafd71fb4d2c3061a946f6466269877c3f04d9d/pkg/abi/abidecode_test.go
signer,pkg/abi/abiencode.go,Embedded ABI library,firefly.signer.signing,https://github.com/hyperledger-firefly/signer/blob/cfafd71fb4d2c3061a946f6466269877c3f04d9d/pkg/abi/abiencode.go
signer,pkg/abi/abiencode_test.go,Test or generated test support,,https://github.com/hyperledger-firefly/signer/blob/cfafd71fb4d2c3061a946f6466269877c3f04d9d/pkg/abi/abiencode_test.go
signer,pkg/abi/inputparsing.go,Embedded ABI library,firefly.signer.signing,https://github.com/hyperledger-firefly/signer/blob/cfafd71fb4d2c3061a946f6466269877c3f04d9d/pkg/abi/inputparsing.go
signer,pkg/abi/inputparsing_test.go,Test or generated test support,,https://github.com/hyperledger-firefly/signer/blob/cfafd71fb4d2c3061a946f6466269877c3f04d9d/pkg/abi/inputparsing_test.go
signer,pkg/abi/outputserialization.go,Embedded ABI library,firefly.signer.signing,https://github.com/hyperledger-firefly/signer/blob/cfafd71fb4d2c3061a946f6466269877c3f04d9d/pkg/abi/outputserialization.go
signer,pkg/abi/outputserialization_test.go,Test or generated test support,,https://github.com/hyperledger-firefly/signer/blob/cfafd71fb4d2c3061a946f6466269877c3f04d9d/pkg/abi/outputserialization_test.go
signer,pkg/abi/reverterror.go,Embedded ABI library,firefly.signer.signing,https://github.com/hyperledger-firefly/signer/blob/cfafd71fb4d2c3061a946f6466269877c3f04d9d/pkg/abi/reverterror.go
signer,pkg/abi/reverterror_test.go,Test or generated test support,,https://github.com/hyperledger-firefly/signer/blob/cfafd71fb4d2c3061a946f6466269877c3f04d9d/pkg/abi/reverterror_test.go
signer,pkg/abi/signedi256.go,Embedded ABI library,firefly.signer.signing,https://github.com/hyperledger-firefly/signer/blob/cfafd71fb4d2c3061a946f6466269877c3f04d9d/pkg/abi/signedi256.go
signer,pkg/abi/signedi256_test.go,Test or generated test support,,https://github.com/hyperledger-firefly/signer/blob/cfafd71fb4d2c3061a946f6466269877c3f04d9d/pkg/abi/signedi256_test.go
signer,pkg/abi/typecomponents.go,Embedded ABI library,firefly.signer.signing,https://github.com/hyperledger-firefly/signer/blob/cfafd71fb4d2c3061a946f6466269877c3f04d9d/pkg/abi/typecomponents.go
signer,pkg/abi/typecomponents_test.go,Test or generated test support,,https://github.com/hyperledger-firefly/signer/blob/cfafd71fb4d2c3061a946f6466269877c3f04d9d/pkg/abi/typecomponents_test.go
signer,pkg/eip712/abi_to_typed_data.go,Typed-data library capability (not a proxy endpoint),firefly.signer.signing,https://github.com/hyperledger-firefly/signer/blob/cfafd71fb4d2c3061a946f6466269877c3f04d9d/pkg/eip712/abi_to_typed_data.go
signer,pkg/eip712/abi_to_typed_data_test.go,Test or generated test support,,https://github.com/hyperledger-firefly/signer/blob/cfafd71fb4d2c3061a946f6466269877c3f04d9d/pkg/eip712/abi_to_typed_data_test.go
signer,pkg/eip712/typed_data_v4.go,Typed-data library capability (not a proxy endpoint),firefly.signer.signing,https://github.com/hyperledger-firefly/signer/blob/cfafd71fb4d2c3061a946f6466269877c3f04d9d/pkg/eip712/typed_data_v4.go
signer,pkg/eip712/typed_data_v4_test.go,Test or generated test support,,https://github.com/hyperledger-firefly/signer/blob/cfafd71fb4d2c3061a946f6466269877c3f04d9d/pkg/eip712/typed_data_v4_test.go
signer,pkg/ethereum/ethereum.go,Ethereum client library,firefly.signer.backend,https://github.com/hyperledger-firefly/signer/blob/cfafd71fb4d2c3061a946f6466269877c3f04d9d/pkg/ethereum/ethereum.go
signer,pkg/ethsigner/transaction.go,Modeled component responsibility,firefly.signer.signing,https://github.com/hyperledger-firefly/signer/blob/cfafd71fb4d2c3061a946f6466269877c3f04d9d/pkg/ethsigner/transaction.go
signer,pkg/ethsigner/transaction_test.go,Test or generated test support,,https://github.com/hyperledger-firefly/signer/blob/cfafd71fb4d2c3061a946f6466269877c3f04d9d/pkg/ethsigner/transaction_test.go
signer,pkg/ethsigner/typed_data.go,Modeled component responsibility,firefly.signer.signing,https://github.com/hyperledger-firefly/signer/blob/cfafd71fb4d2c3061a946f6466269877c3f04d9d/pkg/ethsigner/typed_data.go
signer,pkg/ethsigner/typed_data_test.go,Test or generated test support,,https://github.com/hyperledger-firefly/signer/blob/cfafd71fb4d2c3061a946f6466269877c3f04d9d/pkg/ethsigner/typed_data_test.go
signer,pkg/ethsigner/wallet.go,Modeled component responsibility,firefly.signer.signing,https://github.com/hyperledger-firefly/signer/blob/cfafd71fb4d2c3061a946f6466269877c3f04d9d/pkg/ethsigner/wallet.go
signer,pkg/ethtypes/address.go,Ethereum public types,firefly.signer.signing,https://github.com/hyperledger-firefly/signer/blob/cfafd71fb4d2c3061a946f6466269877c3f04d9d/pkg/ethtypes/address.go
signer,pkg/ethtypes/address_test.go,Test or generated test support,,https://github.com/hyperledger-firefly/signer/blob/cfafd71fb4d2c3061a946f6466269877c3f04d9d/pkg/ethtypes/address_test.go
signer,pkg/ethtypes/hexbytes.go,Ethereum public types,firefly.signer.signing,https://github.com/hyperledger-firefly/signer/blob/cfafd71fb4d2c3061a946f6466269877c3f04d9d/pkg/ethtypes/hexbytes.go
signer,pkg/ethtypes/hexbytes_test.go,Test or generated test support,,https://github.com/hyperledger-firefly/signer/blob/cfafd71fb4d2c3061a946f6466269877c3f04d9d/pkg/ethtypes/hexbytes_test.go
signer,pkg/ethtypes/hexinteger.go,Ethereum public types,firefly.signer.signing,https://github.com/hyperledger-firefly/signer/blob/cfafd71fb4d2c3061a946f6466269877c3f04d9d/pkg/ethtypes/hexinteger.go
signer,pkg/ethtypes/hexinteger_test.go,Test or generated test support,,https://github.com/hyperledger-firefly/signer/blob/cfafd71fb4d2c3061a946f6466269877c3f04d9d/pkg/ethtypes/hexinteger_test.go
signer,pkg/ethtypes/hexuint64.go,Ethereum public types,firefly.signer.signing,https://github.com/hyperledger-firefly/signer/blob/cfafd71fb4d2c3061a946f6466269877c3f04d9d/pkg/ethtypes/hexuint64.go
signer,pkg/ethtypes/hexuint64_test.go,Test or generated test support,,https://github.com/hyperledger-firefly/signer/blob/cfafd71fb4d2c3061a946f6466269877c3f04d9d/pkg/ethtypes/hexuint64_test.go
signer,pkg/ethtypes/integer_parsing.go,Ethereum public types,firefly.signer.signing,https://github.com/hyperledger-firefly/signer/blob/cfafd71fb4d2c3061a946f6466269877c3f04d9d/pkg/ethtypes/integer_parsing.go
signer,pkg/ethtypes/integer_parsing_test.go,Test or generated test support,,https://github.com/hyperledger-firefly/signer/blob/cfafd71fb4d2c3061a946f6466269877c3f04d9d/pkg/ethtypes/integer_parsing_test.go
signer,pkg/ffi2abi/ffi.go,FFI-to-ABI library,firefly.signer.signing,https://github.com/hyperledger-firefly/signer/blob/cfafd71fb4d2c3061a946f6466269877c3f04d9d/pkg/ffi2abi/ffi.go
signer,pkg/ffi2abi/ffi_param_validator.go,FFI-to-ABI library,firefly.signer.signing,https://github.com/hyperledger-firefly/signer/blob/cfafd71fb4d2c3061a946f6466269877c3f04d9d/pkg/ffi2abi/ffi_param_validator.go
signer,pkg/ffi2abi/ffi_param_validator_test.go,Test or generated test support,,https://github.com/hyperledger-firefly/signer/blob/cfafd71fb4d2c3061a946f6466269877c3f04d9d/pkg/ffi2abi/ffi_param_validator_test.go
signer,pkg/ffi2abi/ffi_test.go,Test or generated test support,,https://github.com/hyperledger-firefly/signer/blob/cfafd71fb4d2c3061a946f6466269877c3f04d9d/pkg/ffi2abi/ffi_test.go
signer,pkg/fswallet/config.go,Modeled component responsibility,firefly.signer.wallet,https://github.com/hyperledger-firefly/signer/blob/cfafd71fb4d2c3061a946f6466269877c3f04d9d/pkg/fswallet/config.go
signer,pkg/fswallet/fslistener.go,Modeled component responsibility,firefly.signer.wallet,https://github.com/hyperledger-firefly/signer/blob/cfafd71fb4d2c3061a946f6466269877c3f04d9d/pkg/fswallet/fslistener.go
signer,pkg/fswallet/fslistener_test.go,Test or generated test support,,https://github.com/hyperledger-firefly/signer/blob/cfafd71fb4d2c3061a946f6466269877c3f04d9d/pkg/fswallet/fslistener_test.go
signer,pkg/fswallet/fswallet.go,Modeled component responsibility,firefly.signer.wallet,https://github.com/hyperledger-firefly/signer/blob/cfafd71fb4d2c3061a946f6466269877c3f04d9d/pkg/fswallet/fswallet.go
signer,pkg/fswallet/fswallet_ethaddr.go,Modeled component responsibility,firefly.signer.wallet,https://github.com/hyperledger-firefly/signer/blob/cfafd71fb4d2c3061a946f6466269877c3f04d9d/pkg/fswallet/fswallet_ethaddr.go
signer,pkg/fswallet/fswallet_test.go,Test or generated test support,,https://github.com/hyperledger-firefly/signer/blob/cfafd71fb4d2c3061a946f6466269877c3f04d9d/pkg/fswallet/fswallet_test.go
signer,pkg/keystorev3/aes128ctr.go,Modeled component responsibility,firefly.signer.keystore,https://github.com/hyperledger-firefly/signer/blob/cfafd71fb4d2c3061a946f6466269877c3f04d9d/pkg/keystorev3/aes128ctr.go
signer,pkg/keystorev3/aes128ctr_test.go,Test or generated test support,,https://github.com/hyperledger-firefly/signer/blob/cfafd71fb4d2c3061a946f6466269877c3f04d9d/pkg/keystorev3/aes128ctr_test.go
signer,pkg/keystorev3/pbkdf2.go,Modeled component responsibility,firefly.signer.keystore,https://github.com/hyperledger-firefly/signer/blob/cfafd71fb4d2c3061a946f6466269877c3f04d9d/pkg/keystorev3/pbkdf2.go
signer,pkg/keystorev3/pbkdf2_test.go,Test or generated test support,,https://github.com/hyperledger-firefly/signer/blob/cfafd71fb4d2c3061a946f6466269877c3f04d9d/pkg/keystorev3/pbkdf2_test.go
signer,pkg/keystorev3/scrypt.go,Modeled component responsibility,firefly.signer.keystore,https://github.com/hyperledger-firefly/signer/blob/cfafd71fb4d2c3061a946f6466269877c3f04d9d/pkg/keystorev3/scrypt.go
signer,pkg/keystorev3/scrypt_test.go,Test or generated test support,,https://github.com/hyperledger-firefly/signer/blob/cfafd71fb4d2c3061a946f6466269877c3f04d9d/pkg/keystorev3/scrypt_test.go
signer,pkg/keystorev3/wallet.go,Modeled component responsibility,firefly.signer.keystore,https://github.com/hyperledger-firefly/signer/blob/cfafd71fb4d2c3061a946f6466269877c3f04d9d/pkg/keystorev3/wallet.go
signer,pkg/keystorev3/wallet_test.go,Test or generated test support,,https://github.com/hyperledger-firefly/signer/blob/cfafd71fb4d2c3061a946f6466269877c3f04d9d/pkg/keystorev3/wallet_test.go
signer,pkg/keystorev3/walletfile.go,Modeled component responsibility,firefly.signer.keystore,https://github.com/hyperledger-firefly/signer/blob/cfafd71fb4d2c3061a946f6466269877c3f04d9d/pkg/keystorev3/walletfile.go
signer,pkg/rlp/decode.go,Embedded RLP library,firefly.signer.signing,https://github.com/hyperledger-firefly/signer/blob/cfafd71fb4d2c3061a946f6466269877c3f04d9d/pkg/rlp/decode.go
signer,pkg/rlp/decode_test.go,Test or generated test support,,https://github.com/hyperledger-firefly/signer/blob/cfafd71fb4d2c3061a946f6466269877c3f04d9d/pkg/rlp/decode_test.go
signer,pkg/rlp/encode.go,Embedded RLP library,firefly.signer.signing,https://github.com/hyperledger-firefly/signer/blob/cfafd71fb4d2c3061a946f6466269877c3f04d9d/pkg/rlp/encode.go
signer,pkg/rlp/encode_test.go,Test or generated test support,,https://github.com/hyperledger-firefly/signer/blob/cfafd71fb4d2c3061a946f6466269877c3f04d9d/pkg/rlp/encode_test.go
signer,pkg/rlp/rlp.go,Embedded RLP library,firefly.signer.signing,https://github.com/hyperledger-firefly/signer/blob/cfafd71fb4d2c3061a946f6466269877c3f04d9d/pkg/rlp/rlp.go
signer,pkg/rlp/rlp_test.go,Test or generated test support,,https://github.com/hyperledger-firefly/signer/blob/cfafd71fb4d2c3061a946f6466269877c3f04d9d/pkg/rlp/rlp_test.go
signer,pkg/rpcbackend/backend.go,Modeled component responsibility,firefly.signer.backend,https://github.com/hyperledger-firefly/signer/blob/cfafd71fb4d2c3061a946f6466269877c3f04d9d/pkg/rpcbackend/backend.go
signer,pkg/rpcbackend/backend_bench_test.go,Test or generated test support,,https://github.com/hyperledger-firefly/signer/blob/cfafd71fb4d2c3061a946f6466269877c3f04d9d/pkg/rpcbackend/backend_bench_test.go
signer,pkg/rpcbackend/backend_test.go,Test or generated test support,,https://github.com/hyperledger-firefly/signer/blob/cfafd71fb4d2c3061a946f6466269877c3f04d9d/pkg/rpcbackend/backend_test.go
signer,pkg/rpcbackend/metrics.go,Modeled component responsibility,firefly.signer.backend,https://github.com/hyperledger-firefly/signer/blob/cfafd71fb4d2c3061a946f6466269877c3f04d9d/pkg/rpcbackend/metrics.go
signer,pkg/rpcbackend/metrics_test.go,Test or generated test support,,https://github.com/hyperledger-firefly/signer/blob/cfafd71fb4d2c3061a946f6466269877c3f04d9d/pkg/rpcbackend/metrics_test.go
signer,pkg/rpcbackend/wsbackend.go,Modeled component responsibility,firefly.signer.backend,https://github.com/hyperledger-firefly/signer/blob/cfafd71fb4d2c3061a946f6466269877c3f04d9d/pkg/rpcbackend/wsbackend.go
signer,pkg/rpcbackend/wsbackend_test.go,Test or generated test support,,https://github.com/hyperledger-firefly/signer/blob/cfafd71fb4d2c3061a946f6466269877c3f04d9d/pkg/rpcbackend/wsbackend_test.go
signer,pkg/secp256k1/keypair.go,Embedded cryptography library,firefly.signer.signing,https://github.com/hyperledger-firefly/signer/blob/cfafd71fb4d2c3061a946f6466269877c3f04d9d/pkg/secp256k1/keypair.go
signer,pkg/secp256k1/keypair_test.go,Test or generated test support,,https://github.com/hyperledger-firefly/signer/blob/cfafd71fb4d2c3061a946f6466269877c3f04d9d/pkg/secp256k1/keypair_test.go
signer,pkg/secp256k1/signer.go,Embedded cryptography library,firefly.signer.signing,https://github.com/hyperledger-firefly/signer/blob/cfafd71fb4d2c3061a946f6466269877c3f04d9d/pkg/secp256k1/signer.go
signer,pkg/secp256k1/signer_test.go,Test or generated test support,,https://github.com/hyperledger-firefly/signer/blob/cfafd71fb4d2c3061a946f6466269877c3f04d9d/pkg/secp256k1/signer_test.go
ethconnect,cmd/ethconnect.go,Process entrypoint,firefly.ethconnect.rest,https://github.com/hyperledger-firefly/ethconnect/blob/e8ae0eda16cc61b8ac256cdbf5f09edeb571b8c0/cmd/ethconnect.go
ethconnect,cmd/ethconnect_test.go,Test or generated test support,,https://github.com/hyperledger-firefly/ethconnect/blob/e8ae0eda16cc61b8ac256cdbf5f09edeb571b8c0/cmd/ethconnect_test.go
ethconnect,cmd/plugins.go,Process entrypoint,firefly.ethconnect.rest,https://github.com/hyperledger-firefly/ethconnect/blob/e8ae0eda16cc61b8ac256cdbf5f09edeb571b8c0/cmd/plugins.go
ethconnect,internal/auth/auth.go,Modeled component responsibility,firefly.ethconnect.auth,https://github.com/hyperledger-firefly/ethconnect/blob/e8ae0eda16cc61b8ac256cdbf5f09edeb571b8c0/internal/auth/auth.go
ethconnect,internal/auth/auth_test.go,Test or generated test support,,https://github.com/hyperledger-firefly/ethconnect/blob/e8ae0eda16cc61b8ac256cdbf5f09edeb571b8c0/internal/auth/auth_test.go
ethconnect,internal/auth/authtest/testsm.go,Modeled component responsibility,firefly.ethconnect.auth,https://github.com/hyperledger-firefly/ethconnect/blob/e8ae0eda16cc61b8ac256cdbf5f09edeb571b8c0/internal/auth/authtest/testsm.go
ethconnect,internal/contractgateway/kldparams.go,Modeled component responsibility,firefly.ethconnect.contracts,https://github.com/hyperledger-firefly/ethconnect/blob/e8ae0eda16cc61b8ac256cdbf5f09edeb571b8c0/internal/contractgateway/kldparams.go
ethconnect,internal/contractgateway/rest2eth.go,Modeled component responsibility,firefly.ethconnect.contracts,https://github.com/hyperledger-firefly/ethconnect/blob/e8ae0eda16cc61b8ac256cdbf5f09edeb571b8c0/internal/contractgateway/rest2eth.go
ethconnect,internal/contractgateway/rest2eth_test.go,Test or generated test support,,https://github.com/hyperledger-firefly/ethconnect/blob/e8ae0eda16cc61b8ac256cdbf5f09edeb571b8c0/internal/contractgateway/rest2eth_test.go
ethconnect,internal/contractgateway/smartcontractgw.go,Modeled component responsibility,firefly.ethconnect.contracts,https://github.com/hyperledger-firefly/ethconnect/blob/e8ae0eda16cc61b8ac256cdbf5f09edeb571b8c0/internal/contractgateway/smartcontractgw.go
ethconnect,internal/contractgateway/smartcontractgw_test.go,Test or generated test support,,https://github.com/hyperledger-firefly/ethconnect/blob/e8ae0eda16cc61b8ac256cdbf5f09edeb571b8c0/internal/contractgateway/smartcontractgw_test.go
ethconnect,internal/contractgateway/syncdispatcher.go,Modeled component responsibility,firefly.ethconnect.contracts,https://github.com/hyperledger-firefly/ethconnect/blob/e8ae0eda16cc61b8ac256cdbf5f09edeb571b8c0/internal/contractgateway/syncdispatcher.go
ethconnect,internal/contractgateway/syncdispatcher_test.go,Test or generated test support,,https://github.com/hyperledger-firefly/ethconnect/blob/e8ae0eda16cc61b8ac256cdbf5f09edeb571b8c0/internal/contractgateway/syncdispatcher_test.go
ethconnect,internal/contractregistry/contractstore.go,Modeled component responsibility,firefly.ethconnect.registry,https://github.com/hyperledger-firefly/ethconnect/blob/e8ae0eda16cc61b8ac256cdbf5f09edeb571b8c0/internal/contractregistry/contractstore.go
ethconnect,internal/contractregistry/contractstore_test.go,Test or generated test support,,https://github.com/hyperledger-firefly/ethconnect/blob/e8ae0eda16cc61b8ac256cdbf5f09edeb571b8c0/internal/contractregistry/contractstore_test.go
ethconnect,internal/contractregistry/remoteregistry.go,Modeled component responsibility,firefly.ethconnect.registry,https://github.com/hyperledger-firefly/ethconnect/blob/e8ae0eda16cc61b8ac256cdbf5f09edeb571b8c0/internal/contractregistry/remoteregistry.go
ethconnect,internal/contractregistry/remoteregistry_test.go,Test or generated test support,,https://github.com/hyperledger-firefly/ethconnect/blob/e8ae0eda16cc61b8ac256cdbf5f09edeb571b8c0/internal/contractregistry/remoteregistry_test.go
ethconnect,internal/errors/errors.go,Shared errors,firefly.ethconnect.rest,https://github.com/hyperledger-firefly/ethconnect/blob/e8ae0eda16cc61b8ac256cdbf5f09edeb571b8c0/internal/errors/errors.go
ethconnect,internal/errors/errors_test.go,Test or generated test support,,https://github.com/hyperledger-firefly/ethconnect/blob/e8ae0eda16cc61b8ac256cdbf5f09edeb571b8c0/internal/errors/errors_test.go
ethconnect,internal/eth/compiler.go,Modeled component responsibility,firefly.ethconnect.rpc,https://github.com/hyperledger-firefly/ethconnect/blob/e8ae0eda16cc61b8ac256cdbf5f09edeb571b8c0/internal/eth/compiler.go
ethconnect,internal/eth/compiler_test.go,Test or generated test support,,https://github.com/hyperledger-firefly/ethconnect/blob/e8ae0eda16cc61b8ac256cdbf5f09edeb571b8c0/internal/eth/compiler_test.go
ethconnect,internal/eth/getreceipt.go,Modeled component responsibility,firefly.ethconnect.rpc,https://github.com/hyperledger-firefly/ethconnect/blob/e8ae0eda16cc61b8ac256cdbf5f09edeb571b8c0/internal/eth/getreceipt.go
ethconnect,internal/eth/getreceipt_test.go,Test or generated test support,,https://github.com/hyperledger-firefly/ethconnect/blob/e8ae0eda16cc61b8ac256cdbf5f09edeb571b8c0/internal/eth/getreceipt_test.go
ethconnect,internal/eth/privacygroup.go,Modeled component responsibility,firefly.ethconnect.rpc,https://github.com/hyperledger-firefly/ethconnect/blob/e8ae0eda16cc61b8ac256cdbf5f09edeb571b8c0/internal/eth/privacygroup.go
ethconnect,internal/eth/privacygroup_test.go,Test or generated test support,,https://github.com/hyperledger-firefly/ethconnect/blob/e8ae0eda16cc61b8ac256cdbf5f09edeb571b8c0/internal/eth/privacygroup_test.go
ethconnect,internal/eth/rpc.go,Modeled component responsibility,firefly.ethconnect.rpc,https://github.com/hyperledger-firefly/ethconnect/blob/e8ae0eda16cc61b8ac256cdbf5f09edeb571b8c0/internal/eth/rpc.go
ethconnect,internal/eth/rpc_test.go,Test or generated test support,,https://github.com/hyperledger-firefly/ethconnect/blob/e8ae0eda16cc61b8ac256cdbf5f09edeb571b8c0/internal/eth/rpc_test.go
ethconnect,internal/eth/send.go,Modeled component responsibility,firefly.ethconnect.rpc,https://github.com/hyperledger-firefly/ethconnect/blob/e8ae0eda16cc61b8ac256cdbf5f09edeb571b8c0/internal/eth/send.go
ethconnect,internal/eth/signer.go,Modeled component responsibility,firefly.ethconnect.rpc,https://github.com/hyperledger-firefly/ethconnect/blob/e8ae0eda16cc61b8ac256cdbf5f09edeb571b8c0/internal/eth/signer.go
ethconnect,internal/eth/signer_test.go,Test or generated test support,,https://github.com/hyperledger-firefly/ethconnect/blob/e8ae0eda16cc61b8ac256cdbf5f09edeb571b8c0/internal/eth/signer_test.go
ethconnect,internal/eth/txn.go,Modeled component responsibility,firefly.ethconnect.rpc,https://github.com/hyperledger-firefly/ethconnect/blob/e8ae0eda16cc61b8ac256cdbf5f09edeb571b8c0/internal/eth/txn.go
ethconnect,internal/eth/txn_test.go,Test or generated test support,,https://github.com/hyperledger-firefly/ethconnect/blob/e8ae0eda16cc61b8ac256cdbf5f09edeb571b8c0/internal/eth/txn_test.go
ethconnect,internal/eth/txncount.go,Modeled component responsibility,firefly.ethconnect.rpc,https://github.com/hyperledger-firefly/ethconnect/blob/e8ae0eda16cc61b8ac256cdbf5f09edeb571b8c0/internal/eth/txncount.go
ethconnect,internal/eth/txncount_test.go,Test or generated test support,,https://github.com/hyperledger-firefly/ethconnect/blob/e8ae0eda16cc61b8ac256cdbf5f09edeb571b8c0/internal/eth/txncount_test.go
ethconnect,internal/ethbind/ethbinding.go,Embedded ethbinding plugin,firefly.ethconnect.rpc,https://github.com/hyperledger-firefly/ethconnect/blob/e8ae0eda16cc61b8ac256cdbf5f09edeb571b8c0/internal/ethbind/ethbinding.go
ethconnect,internal/events/block_confirmations.go,Modeled component responsibility,firefly.ethconnect.events,https://github.com/hyperledger-firefly/ethconnect/blob/e8ae0eda16cc61b8ac256cdbf5f09edeb571b8c0/internal/events/block_confirmations.go
ethconnect,internal/events/block_confirmations_test.go,Test or generated test support,,https://github.com/hyperledger-firefly/ethconnect/blob/e8ae0eda16cc61b8ac256cdbf5f09edeb571b8c0/internal/events/block_confirmations_test.go
ethconnect,internal/events/eventstream.go,Modeled component responsibility,firefly.ethconnect.events,https://github.com/hyperledger-firefly/ethconnect/blob/e8ae0eda16cc61b8ac256cdbf5f09edeb571b8c0/internal/events/eventstream.go
ethconnect,internal/events/eventstream_test.go,Test or generated test support,,https://github.com/hyperledger-firefly/ethconnect/blob/e8ae0eda16cc61b8ac256cdbf5f09edeb571b8c0/internal/events/eventstream_test.go
ethconnect,internal/events/logprocessor.go,Modeled component responsibility,firefly.ethconnect.events,https://github.com/hyperledger-firefly/ethconnect/blob/e8ae0eda16cc61b8ac256cdbf5f09edeb571b8c0/internal/events/logprocessor.go
ethconnect,internal/events/logprocessor_test.go,Test or generated test support,,https://github.com/hyperledger-firefly/ethconnect/blob/e8ae0eda16cc61b8ac256cdbf5f09edeb571b8c0/internal/events/logprocessor_test.go
ethconnect,internal/events/submanager.go,Modeled component responsibility,firefly.ethconnect.events,https://github.com/hyperledger-firefly/ethconnect/blob/e8ae0eda16cc61b8ac256cdbf5f09edeb571b8c0/internal/events/submanager.go
ethconnect,internal/events/submanager_test.go,Test or generated test support,,https://github.com/hyperledger-firefly/ethconnect/blob/e8ae0eda16cc61b8ac256cdbf5f09edeb571b8c0/internal/events/submanager_test.go
ethconnect,internal/events/subscription.go,Modeled component responsibility,firefly.ethconnect.events,https://github.com/hyperledger-firefly/ethconnect/blob/e8ae0eda16cc61b8ac256cdbf5f09edeb571b8c0/internal/events/subscription.go
ethconnect,internal/events/subscription_test.go,Test or generated test support,,https://github.com/hyperledger-firefly/ethconnect/blob/e8ae0eda16cc61b8ac256cdbf5f09edeb571b8c0/internal/events/subscription_test.go
ethconnect,internal/events/webhooks.go,Modeled component responsibility,firefly.ethconnect.events,https://github.com/hyperledger-firefly/ethconnect/blob/e8ae0eda16cc61b8ac256cdbf5f09edeb571b8c0/internal/events/webhooks.go
ethconnect,internal/events/webhooks_test.go,Test or generated test support,,https://github.com/hyperledger-firefly/ethconnect/blob/e8ae0eda16cc61b8ac256cdbf5f09edeb571b8c0/internal/events/webhooks_test.go
ethconnect,internal/events/websockets.go,Modeled component responsibility,firefly.ethconnect.events,https://github.com/hyperledger-firefly/ethconnect/blob/e8ae0eda16cc61b8ac256cdbf5f09edeb571b8c0/internal/events/websockets.go
ethconnect,internal/kafka/circuitbreaker.go,Modeled component responsibility,firefly.ethconnect.kafka,https://github.com/hyperledger-firefly/ethconnect/blob/e8ae0eda16cc61b8ac256cdbf5f09edeb571b8c0/internal/kafka/circuitbreaker.go
ethconnect,internal/kafka/circuitbreaker_test.go,Test or generated test support,,https://github.com/hyperledger-firefly/ethconnect/blob/e8ae0eda16cc61b8ac256cdbf5f09edeb571b8c0/internal/kafka/circuitbreaker_test.go
ethconnect,internal/kafka/client.go,Modeled component responsibility,firefly.ethconnect.kafka,https://github.com/hyperledger-firefly/ethconnect/blob/e8ae0eda16cc61b8ac256cdbf5f09edeb571b8c0/internal/kafka/client.go
ethconnect,internal/kafka/client_test.go,Test or generated test support,,https://github.com/hyperledger-firefly/ethconnect/blob/e8ae0eda16cc61b8ac256cdbf5f09edeb571b8c0/internal/kafka/client_test.go
ethconnect,internal/kafka/clientmock.go,Modeled component responsibility,firefly.ethconnect.kafka,https://github.com/hyperledger-firefly/ethconnect/blob/e8ae0eda16cc61b8ac256cdbf5f09edeb571b8c0/internal/kafka/clientmock.go
ethconnect,internal/kafka/kafkabridge.go,Modeled component responsibility,firefly.ethconnect.kafka,https://github.com/hyperledger-firefly/ethconnect/blob/e8ae0eda16cc61b8ac256cdbf5f09edeb571b8c0/internal/kafka/kafkabridge.go
ethconnect,internal/kafka/kafkabridge_test.go,Test or generated test support,,https://github.com/hyperledger-firefly/ethconnect/blob/e8ae0eda16cc61b8ac256cdbf5f09edeb571b8c0/internal/kafka/kafkabridge_test.go
ethconnect,internal/kafka/kafkacommon.go,Modeled component responsibility,firefly.ethconnect.kafka,https://github.com/hyperledger-firefly/ethconnect/blob/e8ae0eda16cc61b8ac256cdbf5f09edeb571b8c0/internal/kafka/kafkacommon.go
ethconnect,internal/kafka/kafkacommon_test.go,Test or generated test support,,https://github.com/hyperledger-firefly/ethconnect/blob/e8ae0eda16cc61b8ac256cdbf5f09edeb571b8c0/internal/kafka/kafkacommon_test.go
ethconnect,internal/kvstore/kvstore.go,Modeled component responsibility,firefly.ethconnect.kv,https://github.com/hyperledger-firefly/ethconnect/blob/e8ae0eda16cc61b8ac256cdbf5f09edeb571b8c0/internal/kvstore/kvstore.go
ethconnect,internal/kvstore/kvstore_test.go,Test or generated test support,,https://github.com/hyperledger-firefly/ethconnect/blob/e8ae0eda16cc61b8ac256cdbf5f09edeb571b8c0/internal/kvstore/kvstore_test.go
ethconnect,internal/kvstore/memkv.go,Modeled component responsibility,firefly.ethconnect.kv,https://github.com/hyperledger-firefly/ethconnect/blob/e8ae0eda16cc61b8ac256cdbf5f09edeb571b8c0/internal/kvstore/memkv.go
ethconnect,internal/kvstore/memkv_test.go,Test or generated test support,,https://github.com/hyperledger-firefly/ethconnect/blob/e8ae0eda16cc61b8ac256cdbf5f09edeb571b8c0/internal/kvstore/memkv_test.go
ethconnect,internal/messages/messages.go,Wire-message types,firefly.ethconnect.rest,https://github.com/hyperledger-firefly/ethconnect/blob/e8ae0eda16cc61b8ac256cdbf5f09edeb571b8c0/internal/messages/messages.go
ethconnect,internal/messages/messages_test.go,Test or generated test support,,https://github.com/hyperledger-firefly/ethconnect/blob/e8ae0eda16cc61b8ac256cdbf5f09edeb571b8c0/internal/messages/messages_test.go
ethconnect,internal/messages/timesorted.go,Wire-message types,firefly.ethconnect.rest,https://github.com/hyperledger-firefly/ethconnect/blob/e8ae0eda16cc61b8ac256cdbf5f09edeb571b8c0/internal/messages/timesorted.go
ethconnect,internal/messages/timesorted_test.go,Test or generated test support,,https://github.com/hyperledger-firefly/ethconnect/blob/e8ae0eda16cc61b8ac256cdbf5f09edeb571b8c0/internal/messages/timesorted_test.go
ethconnect,internal/openapi/abi2swagger.go,Modeled component responsibility,firefly.ethconnect.openapi,https://github.com/hyperledger-firefly/ethconnect/blob/e8ae0eda16cc61b8ac256cdbf5f09edeb571b8c0/internal/openapi/abi2swagger.go
ethconnect,internal/openapi/abi2swagger_test.go,Test or generated test support,,https://github.com/hyperledger-firefly/ethconnect/blob/e8ae0eda16cc61b8ac256cdbf5f09edeb571b8c0/internal/openapi/abi2swagger_test.go
ethconnect,internal/receipts/leveldbreceipt_test.go,Test or generated test support,,https://github.com/hyperledger-firefly/ethconnect/blob/e8ae0eda16cc61b8ac256cdbf5f09edeb571b8c0/internal/receipts/leveldbreceipt_test.go
ethconnect,internal/receipts/leveldbreceipts.go,Modeled component responsibility,firefly.ethconnect.receipts,https://github.com/hyperledger-firefly/ethconnect/blob/e8ae0eda16cc61b8ac256cdbf5f09edeb571b8c0/internal/receipts/leveldbreceipts.go
ethconnect,internal/receipts/memreceipts.go,Modeled component responsibility,firefly.ethconnect.receipts,https://github.com/hyperledger-firefly/ethconnect/blob/e8ae0eda16cc61b8ac256cdbf5f09edeb571b8c0/internal/receipts/memreceipts.go
ethconnect,internal/receipts/memreceipts_test.go,Test or generated test support,,https://github.com/hyperledger-firefly/ethconnect/blob/e8ae0eda16cc61b8ac256cdbf5f09edeb571b8c0/internal/receipts/memreceipts_test.go
ethconnect,internal/receipts/mongoreceipts.go,Modeled component responsibility,firefly.ethconnect.receipts,https://github.com/hyperledger-firefly/ethconnect/blob/e8ae0eda16cc61b8ac256cdbf5f09edeb571b8c0/internal/receipts/mongoreceipts.go
ethconnect,internal/receipts/mongoreceipts_test.go,Test or generated test support,,https://github.com/hyperledger-firefly/ethconnect/blob/e8ae0eda16cc61b8ac256cdbf5f09edeb571b8c0/internal/receipts/mongoreceipts_test.go
ethconnect,internal/receipts/mongwrapper.go,Modeled component responsibility,firefly.ethconnect.receipts,https://github.com/hyperledger-firefly/ethconnect/blob/e8ae0eda16cc61b8ac256cdbf5f09edeb571b8c0/internal/receipts/mongwrapper.go
ethconnect,internal/receipts/receipts.go,Modeled component responsibility,firefly.ethconnect.receipts,https://github.com/hyperledger-firefly/ethconnect/blob/e8ae0eda16cc61b8ac256cdbf5f09edeb571b8c0/internal/receipts/receipts.go
ethconnect,internal/rest/receiptstore.go,Modeled component responsibility,firefly.ethconnect.rest,https://github.com/hyperledger-firefly/ethconnect/blob/e8ae0eda16cc61b8ac256cdbf5f09edeb571b8c0/internal/rest/receiptstore.go
ethconnect,internal/rest/receiptstore_test.go,Test or generated test support,,https://github.com/hyperledger-firefly/ethconnect/blob/e8ae0eda16cc61b8ac256cdbf5f09edeb571b8c0/internal/rest/receiptstore_test.go
ethconnect,internal/rest/resterror.go,Modeled component responsibility,firefly.ethconnect.rest,https://github.com/hyperledger-firefly/ethconnect/blob/e8ae0eda16cc61b8ac256cdbf5f09edeb571b8c0/internal/rest/resterror.go
ethconnect,internal/rest/restgateway.go,Modeled component responsibility,firefly.ethconnect.rest,https://github.com/hyperledger-firefly/ethconnect/blob/e8ae0eda16cc61b8ac256cdbf5f09edeb571b8c0/internal/rest/restgateway.go
ethconnect,internal/rest/restgateway_test.go,Test or generated test support,,https://github.com/hyperledger-firefly/ethconnect/blob/e8ae0eda16cc61b8ac256cdbf5f09edeb571b8c0/internal/rest/restgateway_test.go
ethconnect,internal/rest/webhooks.go,Modeled component responsibility,firefly.ethconnect.rest,https://github.com/hyperledger-firefly/ethconnect/blob/e8ae0eda16cc61b8ac256cdbf5f09edeb571b8c0/internal/rest/webhooks.go
ethconnect,internal/rest/webhooks_test.go,Test or generated test support,,https://github.com/hyperledger-firefly/ethconnect/blob/e8ae0eda16cc61b8ac256cdbf5f09edeb571b8c0/internal/rest/webhooks_test.go
ethconnect,internal/rest/webhooksdirect.go,Modeled component responsibility,firefly.ethconnect.rest,https://github.com/hyperledger-firefly/ethconnect/blob/e8ae0eda16cc61b8ac256cdbf5f09edeb571b8c0/internal/rest/webhooksdirect.go
ethconnect,internal/rest/webhooksdirect_test.go,Test or generated test support,,https://github.com/hyperledger-firefly/ethconnect/blob/e8ae0eda16cc61b8ac256cdbf5f09edeb571b8c0/internal/rest/webhooksdirect_test.go
ethconnect,internal/rest/webhookskafka.go,Modeled component responsibility,firefly.ethconnect.rest,https://github.com/hyperledger-firefly/ethconnect/blob/e8ae0eda16cc61b8ac256cdbf5f09edeb571b8c0/internal/rest/webhookskafka.go
ethconnect,internal/rest/webhookskafka_test.go,Test or generated test support,,https://github.com/hyperledger-firefly/ethconnect/blob/e8ae0eda16cc61b8ac256cdbf5f09edeb571b8c0/internal/rest/webhookskafka_test.go
ethconnect,internal/tx/addressbook.go,Modeled component responsibility,firefly.ethconnect.transactions,https://github.com/hyperledger-firefly/ethconnect/blob/e8ae0eda16cc61b8ac256cdbf5f09edeb571b8c0/internal/tx/addressbook.go
ethconnect,internal/tx/addressbook_test.go,Test or generated test support,,https://github.com/hyperledger-firefly/ethconnect/blob/e8ae0eda16cc61b8ac256cdbf5f09edeb571b8c0/internal/tx/addressbook_test.go
ethconnect,internal/tx/hdwallet.go,Modeled component responsibility,firefly.ethconnect.transactions,https://github.com/hyperledger-firefly/ethconnect/blob/e8ae0eda16cc61b8ac256cdbf5f09edeb571b8c0/internal/tx/hdwallet.go
ethconnect,internal/tx/hdwallet_test.go,Test or generated test support,,https://github.com/hyperledger-firefly/ethconnect/blob/e8ae0eda16cc61b8ac256cdbf5f09edeb571b8c0/internal/tx/hdwallet_test.go
ethconnect,internal/tx/txncontext.go,Modeled component responsibility,firefly.ethconnect.transactions,https://github.com/hyperledger-firefly/ethconnect/blob/e8ae0eda16cc61b8ac256cdbf5f09edeb571b8c0/internal/tx/txncontext.go
ethconnect,internal/tx/txndelaytracker.go,Modeled component responsibility,firefly.ethconnect.transactions,https://github.com/hyperledger-firefly/ethconnect/blob/e8ae0eda16cc61b8ac256cdbf5f09edeb571b8c0/internal/tx/txndelaytracker.go
ethconnect,internal/tx/txndelaytracker_test.go,Test or generated test support,,https://github.com/hyperledger-firefly/ethconnect/blob/e8ae0eda16cc61b8ac256cdbf5f09edeb571b8c0/internal/tx/txndelaytracker_test.go
ethconnect,internal/tx/txnprocessor.go,Modeled component responsibility,firefly.ethconnect.transactions,https://github.com/hyperledger-firefly/ethconnect/blob/e8ae0eda16cc61b8ac256cdbf5f09edeb571b8c0/internal/tx/txnprocessor.go
ethconnect,internal/tx/txnprocessor_test.go,Test or generated test support,,https://github.com/hyperledger-firefly/ethconnect/blob/e8ae0eda16cc61b8ac256cdbf5f09edeb571b8c0/internal/tx/txnprocessor_test.go
ethconnect,internal/utils/cmdutils.go,Shared helpers,firefly.ethconnect.rest,https://github.com/hyperledger-firefly/ethconnect/blob/e8ae0eda16cc61b8ac256cdbf5f09edeb571b8c0/internal/utils/cmdutils.go
ethconnect,internal/utils/cmdutils_test.go,Test or generated test support,,https://github.com/hyperledger-firefly/ethconnect/blob/e8ae0eda16cc61b8ac256cdbf5f09edeb571b8c0/internal/utils/cmdutils_test.go
ethconnect,internal/utils/envutils.go,Shared helpers,firefly.ethconnect.rest,https://github.com/hyperledger-firefly/ethconnect/blob/e8ae0eda16cc61b8ac256cdbf5f09edeb571b8c0/internal/utils/envutils.go
ethconnect,internal/utils/envutils_test.go,Test or generated test support,,https://github.com/hyperledger-firefly/ethconnect/blob/e8ae0eda16cc61b8ac256cdbf5f09edeb571b8c0/internal/utils/envutils_test.go
ethconnect,internal/utils/ethutils.go,Shared helpers,firefly.ethconnect.rest,https://github.com/hyperledger-firefly/ethconnect/blob/e8ae0eda16cc61b8ac256cdbf5f09edeb571b8c0/internal/utils/ethutils.go
ethconnect,internal/utils/ethutils_test.go,Test or generated test support,,https://github.com/hyperledger-firefly/ethconnect/blob/e8ae0eda16cc61b8ac256cdbf5f09edeb571b8c0/internal/utils/ethutils_test.go
ethconnect,internal/utils/hostsfile.go,Shared helpers,firefly.ethconnect.rest,https://github.com/hyperledger-firefly/ethconnect/blob/e8ae0eda16cc61b8ac256cdbf5f09edeb571b8c0/internal/utils/hostsfile.go
ethconnect,internal/utils/hostsfile_test.go,Test or generated test support,,https://github.com/hyperledger-firefly/ethconnect/blob/e8ae0eda16cc61b8ac256cdbf5f09edeb571b8c0/internal/utils/hostsfile_test.go
ethconnect,internal/utils/httprequester.go,Shared helpers,firefly.ethconnect.rest,https://github.com/hyperledger-firefly/ethconnect/blob/e8ae0eda16cc61b8ac256cdbf5f09edeb571b8c0/internal/utils/httprequester.go
ethconnect,internal/utils/httprequester_test.go,Test or generated test support,,https://github.com/hyperledger-firefly/ethconnect/blob/e8ae0eda16cc61b8ac256cdbf5f09edeb571b8c0/internal/utils/httprequester_test.go
ethconnect,internal/utils/maputils.go,Shared helpers,firefly.ethconnect.rest,https://github.com/hyperledger-firefly/ethconnect/blob/e8ae0eda16cc61b8ac256cdbf5f09edeb571b8c0/internal/utils/maputils.go
ethconnect,internal/utils/maputils_test.go,Test or generated test support,,https://github.com/hyperledger-firefly/ethconnect/blob/e8ae0eda16cc61b8ac256cdbf5f09edeb571b8c0/internal/utils/maputils_test.go
ethconnect,internal/utils/payloadutils.go,Shared helpers,firefly.ethconnect.rest,https://github.com/hyperledger-firefly/ethconnect/blob/e8ae0eda16cc61b8ac256cdbf5f09edeb571b8c0/internal/utils/payloadutils.go
ethconnect,internal/utils/payloadutils_test.go,Test or generated test support,,https://github.com/hyperledger-firefly/ethconnect/blob/e8ae0eda16cc61b8ac256cdbf5f09edeb571b8c0/internal/utils/payloadutils_test.go
ethconnect,internal/utils/tlsutils.go,Shared helpers,firefly.ethconnect.rest,https://github.com/hyperledger-firefly/ethconnect/blob/e8ae0eda16cc61b8ac256cdbf5f09edeb571b8c0/internal/utils/tlsutils.go
ethconnect,internal/utils/tlsutils_test.go,Test or generated test support,,https://github.com/hyperledger-firefly/ethconnect/blob/e8ae0eda16cc61b8ac256cdbf5f09edeb571b8c0/internal/utils/tlsutils_test.go
ethconnect,internal/utils/uuidutils.go,Shared helpers,firefly.ethconnect.rest,https://github.com/hyperledger-firefly/ethconnect/blob/e8ae0eda16cc61b8ac256cdbf5f09edeb571b8c0/internal/utils/uuidutils.go
ethconnect,internal/utils/uuidutils_test.go,Test or generated test support,,https://github.com/hyperledger-firefly/ethconnect/blob/e8ae0eda16cc61b8ac256cdbf5f09edeb571b8c0/internal/utils/uuidutils_test.go
ethconnect,internal/ws/wsconn.go,Modeled component responsibility,firefly.ethconnect.websockets,https://github.com/hyperledger-firefly/ethconnect/blob/e8ae0eda16cc61b8ac256cdbf5f09edeb571b8c0/internal/ws/wsconn.go
ethconnect,internal/ws/wsserver.go,Modeled component responsibility,firefly.ethconnect.websockets,https://github.com/hyperledger-firefly/ethconnect/blob/e8ae0eda16cc61b8ac256cdbf5f09edeb571b8c0/internal/ws/wsserver.go
ethconnect,internal/ws/wsserver_test.go,Test or generated test support,,https://github.com/hyperledger-firefly/ethconnect/blob/e8ae0eda16cc61b8ac256cdbf5f09edeb571b8c0/internal/ws/wsserver_test.go
ethconnect,main.go,Root executable/bootstrap,firefly.ethconnect,https://github.com/hyperledger-firefly/ethconnect/blob/e8ae0eda16cc61b8ac256cdbf5f09edeb571b8c0/main.go
ethconnect,mocks/contractregistrymocks/contract_store.go,Test or generated test support,,https://github.com/hyperledger-firefly/ethconnect/blob/e8ae0eda16cc61b8ac256cdbf5f09edeb571b8c0/mocks/contractregistrymocks/contract_store.go
ethconnect,mocks/contractregistrymocks/remote_registry.go,Test or generated test support,,https://github.com/hyperledger-firefly/ethconnect/blob/e8ae0eda16cc61b8ac256cdbf5f09edeb571b8c0/mocks/contractregistrymocks/remote_registry.go
ethconnect,mocks/ethmocks/rpc_client.go,Test or generated test support,,https://github.com/hyperledger-firefly/ethconnect/blob/e8ae0eda16cc61b8ac256cdbf5f09edeb571b8c0/mocks/ethmocks/rpc_client.go
ethconnect,mocks/receiptsmocks/receipt_store_persistence.go,Test or generated test support,,https://github.com/hyperledger-firefly/ethconnect/blob/e8ae0eda16cc61b8ac256cdbf5f09edeb571b8c0/mocks/receiptsmocks/receipt_store_persistence.go
ethconnect,mocks/saramamocks/client.go,Test or generated test support,,https://github.com/hyperledger-firefly/ethconnect/blob/e8ae0eda16cc61b8ac256cdbf5f09edeb571b8c0/mocks/saramamocks/client.go
ethconnect,mocks/saramamocks/consumer_group.go,Test or generated test support,,https://github.com/hyperledger-firefly/ethconnect/blob/e8ae0eda16cc61b8ac256cdbf5f09edeb571b8c0/mocks/saramamocks/consumer_group.go
ethconnect,mocks/saramamocks/consumer_group_claim.go,Test or generated test support,,https://github.com/hyperledger-firefly/ethconnect/blob/e8ae0eda16cc61b8ac256cdbf5f09edeb571b8c0/mocks/saramamocks/consumer_group_claim.go
ethconnect,mocks/saramamocks/consumer_group_session.go,Test or generated test support,,https://github.com/hyperledger-firefly/ethconnect/blob/e8ae0eda16cc61b8ac256cdbf5f09edeb571b8c0/mocks/saramamocks/consumer_group_session.go
ethconnect,pkg/plugins/securitymodule.go,Public plugin interface,firefly.ethconnect.auth,https://github.com/hyperledger-firefly/ethconnect/blob/e8ae0eda16cc61b8ac256cdbf5f09edeb571b8c0/pkg/plugins/securitymodule.go
ethconnect,test/abicoderv2_example.sol,Test or generated test support,,https://github.com/hyperledger-firefly/ethconnect/blob/e8ae0eda16cc61b8ac256cdbf5f09edeb571b8c0/test/abicoderv2_example.sol
ethconnect,test/lotsoftypes.sol,Test or generated test support,,https://github.com/hyperledger-firefly/ethconnect/blob/e8ae0eda16cc61b8ac256cdbf5f09edeb571b8c0/test/lotsoftypes.sol
ethconnect,test/simpleevents.sol,Test or generated test support,,https://github.com/hyperledger-firefly/ethconnect/blob/e8ae0eda16cc61b8ac256cdbf5f09edeb571b8c0/test/simpleevents.sol
fabconnect,cmd/debugrouter.go,Process entrypoint,firefly.fabconnect.rest,https://github.com/hyperledger-firefly/fabconnect/blob/efab8a2b0ff11863bbd9c5eb8a566820f560546b/cmd/debugrouter.go
fabconnect,cmd/fabconnect.go,Process entrypoint,firefly.fabconnect.rest,https://github.com/hyperledger-firefly/fabconnect/blob/efab8a2b0ff11863bbd9c5eb8a566820f560546b/cmd/fabconnect.go
fabconnect,cmd/fabconnect_test.go,Test or generated test support,,https://github.com/hyperledger-firefly/fabconnect/blob/efab8a2b0ff11863bbd9c5eb8a566820f560546b/cmd/fabconnect_test.go
fabconnect,internal/auth/auth.go,Modeled component responsibility,firefly.fabconnect.auth,https://github.com/hyperledger-firefly/fabconnect/blob/efab8a2b0ff11863bbd9c5eb8a566820f560546b/internal/auth/auth.go
fabconnect,internal/auth/auth_test.go,Test or generated test support,,https://github.com/hyperledger-firefly/fabconnect/blob/efab8a2b0ff11863bbd9c5eb8a566820f560546b/internal/auth/auth_test.go
fabconnect,internal/auth/authtest/testsm.go,Modeled component responsibility,firefly.fabconnect.auth,https://github.com/hyperledger-firefly/fabconnect/blob/efab8a2b0ff11863bbd9c5eb8a566820f560546b/internal/auth/authtest/testsm.go
fabconnect,internal/conf/conf.go,Configuration definitions,firefly.fabconnect.rest,https://github.com/hyperledger-firefly/fabconnect/blob/efab8a2b0ff11863bbd9c5eb8a566820f560546b/internal/conf/conf.go
fabconnect,internal/errors/errors.go,Shared errors,firefly.fabconnect.rest,https://github.com/hyperledger-firefly/fabconnect/blob/efab8a2b0ff11863bbd9c5eb8a566820f560546b/internal/errors/errors.go
fabconnect,internal/events/api/event.go,Modeled component responsibility,firefly.fabconnect.events,https://github.com/hyperledger-firefly/fabconnect/blob/efab8a2b0ff11863bbd9c5eb8a566820f560546b/internal/events/api/event.go
fabconnect,internal/events/api/timesorted.go,Modeled component responsibility,firefly.fabconnect.events,https://github.com/hyperledger-firefly/fabconnect/blob/efab8a2b0ff11863bbd9c5eb8a566820f560546b/internal/events/api/timesorted.go
fabconnect,internal/events/api/timesorted_test.go,Test or generated test support,,https://github.com/hyperledger-firefly/fabconnect/blob/efab8a2b0ff11863bbd9c5eb8a566820f560546b/internal/events/api/timesorted_test.go
fabconnect,internal/events/eventstream.go,Modeled component responsibility,firefly.fabconnect.events,https://github.com/hyperledger-firefly/fabconnect/blob/efab8a2b0ff11863bbd9c5eb8a566820f560546b/internal/events/eventstream.go
fabconnect,internal/events/eventstream_test.go,Test or generated test support,,https://github.com/hyperledger-firefly/fabconnect/blob/efab8a2b0ff11863bbd9c5eb8a566820f560546b/internal/events/eventstream_test.go
fabconnect,internal/events/evtprocessor.go,Modeled component responsibility,firefly.fabconnect.events,https://github.com/hyperledger-firefly/fabconnect/blob/efab8a2b0ff11863bbd9c5eb8a566820f560546b/internal/events/evtprocessor.go
fabconnect,internal/events/evtprocessor_test.go,Test or generated test support,,https://github.com/hyperledger-firefly/fabconnect/blob/efab8a2b0ff11863bbd9c5eb8a566820f560546b/internal/events/evtprocessor_test.go
fabconnect,internal/events/submanager.go,Modeled component responsibility,firefly.fabconnect.events,https://github.com/hyperledger-firefly/fabconnect/blob/efab8a2b0ff11863bbd9c5eb8a566820f560546b/internal/events/submanager.go
fabconnect,internal/events/submanager_test.go,Test or generated test support,,https://github.com/hyperledger-firefly/fabconnect/blob/efab8a2b0ff11863bbd9c5eb8a566820f560546b/internal/events/submanager_test.go
fabconnect,internal/events/subscription.go,Modeled component responsibility,firefly.fabconnect.events,https://github.com/hyperledger-firefly/fabconnect/blob/efab8a2b0ff11863bbd9c5eb8a566820f560546b/internal/events/subscription.go
fabconnect,internal/events/subscription_test.go,Test or generated test support,,https://github.com/hyperledger-firefly/fabconnect/blob/efab8a2b0ff11863bbd9c5eb8a566820f560546b/internal/events/subscription_test.go
fabconnect,internal/events/test_helper.go,Modeled component responsibility,firefly.fabconnect.events,https://github.com/hyperledger-firefly/fabconnect/blob/efab8a2b0ff11863bbd9c5eb8a566820f560546b/internal/events/test_helper.go
fabconnect,internal/events/webhooks.go,Modeled component responsibility,firefly.fabconnect.events,https://github.com/hyperledger-firefly/fabconnect/blob/efab8a2b0ff11863bbd9c5eb8a566820f560546b/internal/events/webhooks.go
fabconnect,internal/events/websockets.go,Modeled component responsibility,firefly.fabconnect.events,https://github.com/hyperledger-firefly/fabconnect/blob/efab8a2b0ff11863bbd9c5eb8a566820f560546b/internal/events/websockets.go
fabconnect,internal/fabric/client/api.go,Modeled component responsibility,firefly.fabconnect.client,https://github.com/hyperledger-firefly/fabconnect/blob/efab8a2b0ff11863bbd9c5eb8a566820f560546b/internal/fabric/client/api.go
fabconnect,internal/fabric/client/client_ccp.go,Modeled component responsibility,firefly.fabconnect.client,https://github.com/hyperledger-firefly/fabconnect/blob/efab8a2b0ff11863bbd9c5eb8a566820f560546b/internal/fabric/client/client_ccp.go
fabconnect,internal/fabric/client/client_common.go,Modeled component responsibility,firefly.fabconnect.client,https://github.com/hyperledger-firefly/fabconnect/blob/efab8a2b0ff11863bbd9c5eb8a566820f560546b/internal/fabric/client/client_common.go
fabconnect,internal/fabric/client/client_gateway_clientside.go,Modeled component responsibility,firefly.fabconnect.client,https://github.com/hyperledger-firefly/fabconnect/blob/efab8a2b0ff11863bbd9c5eb8a566820f560546b/internal/fabric/client/client_gateway_clientside.go
fabconnect,internal/fabric/client/eventsubscriber.go,Modeled component responsibility,firefly.fabconnect.client,https://github.com/hyperledger-firefly/fabconnect/blob/efab8a2b0ff11863bbd9c5eb8a566820f560546b/internal/fabric/client/eventsubscriber.go
fabconnect,internal/fabric/client/identity.go,Modeled component responsibility,firefly.fabconnect.client,https://github.com/hyperledger-firefly/fabconnect/blob/efab8a2b0ff11863bbd9c5eb8a566820f560546b/internal/fabric/client/identity.go
fabconnect,internal/fabric/client/invokehandler.go,Modeled component responsibility,firefly.fabconnect.client,https://github.com/hyperledger-firefly/fabconnect/blob/efab8a2b0ff11863bbd9c5eb8a566820f560546b/internal/fabric/client/invokehandler.go
fabconnect,internal/fabric/client/ledger.go,Modeled component responsibility,firefly.fabconnect.client,https://github.com/hyperledger-firefly/fabconnect/blob/efab8a2b0ff11863bbd9c5eb8a566820f560546b/internal/fabric/client/ledger.go
fabconnect,internal/fabric/client/rpc.go,Modeled component responsibility,firefly.fabconnect.client,https://github.com/hyperledger-firefly/fabconnect/blob/efab8a2b0ff11863bbd9c5eb8a566820f560546b/internal/fabric/client/rpc.go
fabconnect,internal/fabric/client/rpc_test.go,Test or generated test support,,https://github.com/hyperledger-firefly/fabconnect/blob/efab8a2b0ff11863bbd9c5eb8a566820f560546b/internal/fabric/client/rpc_test.go
fabconnect,internal/fabric/client/store.go,Modeled component responsibility,firefly.fabconnect.client,https://github.com/hyperledger-firefly/fabconnect/blob/efab8a2b0ff11863bbd9c5eb8a566820f560546b/internal/fabric/client/store.go
fabconnect,internal/fabric/dep/api.go,Fabric client support,firefly.fabconnect.client,https://github.com/hyperledger-firefly/fabconnect/blob/efab8a2b0ff11863bbd9c5eb8a566820f560546b/internal/fabric/dep/api.go
fabconnect,internal/fabric/test/helper.go,Test or generated test support,,https://github.com/hyperledger-firefly/fabconnect/blob/efab8a2b0ff11863bbd9c5eb8a566820f560546b/internal/fabric/test/helper.go
fabconnect,internal/fabric/tx.go,Fabric client support,firefly.fabconnect.client,https://github.com/hyperledger-firefly/fabconnect/blob/efab8a2b0ff11863bbd9c5eb8a566820f560546b/internal/fabric/tx.go
fabconnect,internal/fabric/utils/block.go,Fabric client support,firefly.fabconnect.client,https://github.com/hyperledger-firefly/fabconnect/blob/efab8a2b0ff11863bbd9c5eb8a566820f560546b/internal/fabric/utils/block.go
fabconnect,internal/fabric/utils/blockdecoder.go,Fabric client support,firefly.fabconnect.client,https://github.com/hyperledger-firefly/fabconnect/blob/efab8a2b0ff11863bbd9c5eb8a566820f560546b/internal/fabric/utils/blockdecoder.go
fabconnect,internal/fabric/utils/blockdecoder_test.go,Test or generated test support,,https://github.com/hyperledger-firefly/fabconnect/blob/efab8a2b0ff11863bbd9c5eb8a566820f560546b/internal/fabric/utils/blockdecoder_test.go
fabconnect,internal/fabric/utils/rawblock.go,Fabric client support,firefly.fabconnect.client,https://github.com/hyperledger-firefly/fabconnect/blob/efab8a2b0ff11863bbd9c5eb8a566820f560546b/internal/fabric/utils/rawblock.go
fabconnect,internal/kafka/client.go,Modeled component responsibility,firefly.fabconnect.kafka,https://github.com/hyperledger-firefly/fabconnect/blob/efab8a2b0ff11863bbd9c5eb8a566820f560546b/internal/kafka/client.go
fabconnect,internal/kafka/common.go,Modeled component responsibility,firefly.fabconnect.kafka,https://github.com/hyperledger-firefly/fabconnect/blob/efab8a2b0ff11863bbd9c5eb8a566820f560546b/internal/kafka/common.go
fabconnect,internal/kvstore/kvstore.go,Modeled component responsibility,firefly.fabconnect.kv,https://github.com/hyperledger-firefly/fabconnect/blob/efab8a2b0ff11863bbd9c5eb8a566820f560546b/internal/kvstore/kvstore.go
fabconnect,internal/kvstore/kvstore_test.go,Test or generated test support,,https://github.com/hyperledger-firefly/fabconnect/blob/efab8a2b0ff11863bbd9c5eb8a566820f560546b/internal/kvstore/kvstore_test.go
fabconnect,internal/messages/messages.go,Wire-message types,firefly.fabconnect.rest,https://github.com/hyperledger-firefly/fabconnect/blob/efab8a2b0ff11863bbd9c5eb8a566820f560546b/internal/messages/messages.go
fabconnect,internal/rest/async/asyncdispatcher.go,Modeled component responsibility,firefly.fabconnect.rest,https://github.com/hyperledger-firefly/fabconnect/blob/efab8a2b0ff11863bbd9c5eb8a566820f560546b/internal/rest/async/asyncdispatcher.go
fabconnect,internal/rest/async/asyncdispatcher_test.go,Test or generated test support,,https://github.com/hyperledger-firefly/fabconnect/blob/efab8a2b0ff11863bbd9c5eb8a566820f560546b/internal/rest/async/asyncdispatcher_test.go
fabconnect,internal/rest/async/directhandler.go,Modeled component responsibility,firefly.fabconnect.rest,https://github.com/hyperledger-firefly/fabconnect/blob/efab8a2b0ff11863bbd9c5eb8a566820f560546b/internal/rest/async/directhandler.go
fabconnect,internal/rest/async/kafkahandler.go,Modeled component responsibility,firefly.fabconnect.rest,https://github.com/hyperledger-firefly/fabconnect/blob/efab8a2b0ff11863bbd9c5eb8a566820f560546b/internal/rest/async/kafkahandler.go
fabconnect,internal/rest/identity/identity.go,Modeled component responsibility,firefly.fabconnect.identity,https://github.com/hyperledger-firefly/fabconnect/blob/efab8a2b0ff11863bbd9c5eb8a566820f560546b/internal/rest/identity/identity.go
fabconnect,internal/rest/receipt/api/persistence.go,Modeled component responsibility,firefly.fabconnect.receipts,https://github.com/hyperledger-firefly/fabconnect/blob/efab8a2b0ff11863bbd9c5eb8a566820f560546b/internal/rest/receipt/api/persistence.go
fabconnect,internal/rest/receipt/leveldb.go,Modeled component responsibility,firefly.fabconnect.receipts,https://github.com/hyperledger-firefly/fabconnect/blob/efab8a2b0ff11863bbd9c5eb8a566820f560546b/internal/rest/receipt/leveldb.go
fabconnect,internal/rest/receipt/leveldb_test.go,Test or generated test support,,https://github.com/hyperledger-firefly/fabconnect/blob/efab8a2b0ff11863bbd9c5eb8a566820f560546b/internal/rest/receipt/leveldb_test.go
fabconnect,internal/rest/receipt/memdb.go,Modeled component responsibility,firefly.fabconnect.receipts,https://github.com/hyperledger-firefly/fabconnect/blob/efab8a2b0ff11863bbd9c5eb8a566820f560546b/internal/rest/receipt/memdb.go
fabconnect,internal/rest/receipt/mongodb.go,Modeled component responsibility,firefly.fabconnect.receipts,https://github.com/hyperledger-firefly/fabconnect/blob/efab8a2b0ff11863bbd9c5eb8a566820f560546b/internal/rest/receipt/mongodb.go
fabconnect,internal/rest/receipt/mongodb_test.go,Test or generated test support,,https://github.com/hyperledger-firefly/fabconnect/blob/efab8a2b0ff11863bbd9c5eb8a566820f560546b/internal/rest/receipt/mongodb_test.go
fabconnect,internal/rest/receipt/receiptstore.go,Modeled component responsibility,firefly.fabconnect.receipts,https://github.com/hyperledger-firefly/fabconnect/blob/efab8a2b0ff11863bbd9c5eb8a566820f560546b/internal/rest/receipt/receiptstore.go
fabconnect,internal/rest/receipt/receiptstore_test.go,Test or generated test support,,https://github.com/hyperledger-firefly/fabconnect/blob/efab8a2b0ff11863bbd9c5eb8a566820f560546b/internal/rest/receipt/receiptstore_test.go
fabconnect,internal/rest/restgateway.go,Modeled component responsibility,firefly.fabconnect.rest,https://github.com/hyperledger-firefly/fabconnect/blob/efab8a2b0ff11863bbd9c5eb8a566820f560546b/internal/rest/restgateway.go
fabconnect,internal/rest/restgateway_test.go,Test or generated test support,,https://github.com/hyperledger-firefly/fabconnect/blob/efab8a2b0ff11863bbd9c5eb8a566820f560546b/internal/rest/restgateway_test.go
fabconnect,internal/rest/router.go,Modeled component responsibility,firefly.fabconnect.rest,https://github.com/hyperledger-firefly/fabconnect/blob/efab8a2b0ff11863bbd9c5eb8a566820f560546b/internal/rest/router.go
fabconnect,internal/rest/sync/syncdispatcher.go,Modeled component responsibility,firefly.fabconnect.rest,https://github.com/hyperledger-firefly/fabconnect/blob/efab8a2b0ff11863bbd9c5eb8a566820f560546b/internal/rest/sync/syncdispatcher.go
fabconnect,internal/rest/test/util.go,Test or generated test support,,https://github.com/hyperledger-firefly/fabconnect/blob/efab8a2b0ff11863bbd9c5eb8a566820f560546b/internal/rest/test/util.go
fabconnect,internal/rest/utils/params.go,Modeled component responsibility,firefly.fabconnect.rest,https://github.com/hyperledger-firefly/fabconnect/blob/efab8a2b0ff11863bbd9c5eb8a566820f560546b/internal/rest/utils/params.go
fabconnect,internal/rest/utils/params_test.go,Test or generated test support,,https://github.com/hyperledger-firefly/fabconnect/blob/efab8a2b0ff11863bbd9c5eb8a566820f560546b/internal/rest/utils/params_test.go
fabconnect,internal/rest/utils/resterror.go,Modeled component responsibility,firefly.fabconnect.rest,https://github.com/hyperledger-firefly/fabconnect/blob/efab8a2b0ff11863bbd9c5eb8a566820f560546b/internal/rest/utils/resterror.go
fabconnect,internal/tx/txcontext.go,Modeled component responsibility,firefly.fabconnect.transactions,https://github.com/hyperledger-firefly/fabconnect/blob/efab8a2b0ff11863bbd9c5eb8a566820f560546b/internal/tx/txcontext.go
fabconnect,internal/tx/txprocessor.go,Modeled component responsibility,firefly.fabconnect.transactions,https://github.com/hyperledger-firefly/fabconnect/blob/efab8a2b0ff11863bbd9c5eb8a566820f560546b/internal/tx/txprocessor.go
fabconnect,internal/utils/payload_decoder.go,Shared helpers,firefly.fabconnect.rest,https://github.com/hyperledger-firefly/fabconnect/blob/efab8a2b0ff11863bbd9c5eb8a566820f560546b/internal/utils/payload_decoder.go
fabconnect,internal/utils/payload_decoder_test.go,Test or generated test support,,https://github.com/hyperledger-firefly/fabconnect/blob/efab8a2b0ff11863bbd9c5eb8a566820f560546b/internal/utils/payload_decoder_test.go
fabconnect,internal/utils/swagger-ui.go,Shared helpers,firefly.fabconnect.rest,https://github.com/hyperledger-firefly/fabconnect/blob/efab8a2b0ff11863bbd9c5eb8a566820f560546b/internal/utils/swagger-ui.go
fabconnect,internal/utils/tlsutils.go,Shared helpers,firefly.fabconnect.rest,https://github.com/hyperledger-firefly/fabconnect/blob/efab8a2b0ff11863bbd9c5eb8a566820f560546b/internal/utils/tlsutils.go
fabconnect,internal/utils/utils.go,Shared helpers,firefly.fabconnect.rest,https://github.com/hyperledger-firefly/fabconnect/blob/efab8a2b0ff11863bbd9c5eb8a566820f560546b/internal/utils/utils.go
fabconnect,internal/ws/wsconn.go,Modeled component responsibility,firefly.fabconnect.websockets,https://github.com/hyperledger-firefly/fabconnect/blob/efab8a2b0ff11863bbd9c5eb8a566820f560546b/internal/ws/wsconn.go
fabconnect,internal/ws/wsserver.go,Modeled component responsibility,firefly.fabconnect.websockets,https://github.com/hyperledger-firefly/fabconnect/blob/efab8a2b0ff11863bbd9c5eb8a566820f560546b/internal/ws/wsserver.go
fabconnect,internal/ws/wsserver_test.go,Test or generated test support,,https://github.com/hyperledger-firefly/fabconnect/blob/efab8a2b0ff11863bbd9c5eb8a566820f560546b/internal/ws/wsserver_test.go
fabconnect,main.go,Root executable/bootstrap,firefly.fabconnect,https://github.com/hyperledger-firefly/fabconnect/blob/efab8a2b0ff11863bbd9c5eb8a566820f560546b/main.go
fabconnect,mocks/events/subscription_manager.go,Test or generated test support,,https://github.com/hyperledger-firefly/fabconnect/blob/efab8a2b0ff11863bbd9c5eb8a566820f560546b/mocks/events/subscription_manager.go
fabconnect,mocks/fabric/client/identity_client.go,Test or generated test support,,https://github.com/hyperledger-firefly/fabconnect/blob/efab8a2b0ff11863bbd9c5eb8a566820f560546b/mocks/fabric/client/identity_client.go
fabconnect,mocks/fabric/client/rpc_client.go,Test or generated test support,,https://github.com/hyperledger-firefly/fabconnect/blob/efab8a2b0ff11863bbd9c5eb8a566820f560546b/mocks/fabric/client/rpc_client.go
fabconnect,mocks/fabric/dep/ca_client.go,Test or generated test support,,https://github.com/hyperledger-firefly/fabconnect/blob/efab8a2b0ff11863bbd9c5eb8a566820f560546b/mocks/fabric/dep/ca_client.go
fabconnect,mocks/kvstore/kv_iterator.go,Test or generated test support,,https://github.com/hyperledger-firefly/fabconnect/blob/efab8a2b0ff11863bbd9c5eb8a566820f560546b/mocks/kvstore/kv_iterator.go
fabconnect,mocks/kvstore/kv_store.go,Test or generated test support,,https://github.com/hyperledger-firefly/fabconnect/blob/efab8a2b0ff11863bbd9c5eb8a566820f560546b/mocks/kvstore/kv_store.go
fabconnect,mocks/rest/async/async_dispatcher.go,Test or generated test support,,https://github.com/hyperledger-firefly/fabconnect/blob/efab8a2b0ff11863bbd9c5eb8a566820f560546b/mocks/rest/async/async_dispatcher.go
fabconnect,mocks/rest/async/dispatcher.go,Test or generated test support,,https://github.com/hyperledger-firefly/fabconnect/blob/efab8a2b0ff11863bbd9c5eb8a566820f560546b/mocks/rest/async/dispatcher.go
fabconnect,mocks/rest/identity/client.go,Test or generated test support,,https://github.com/hyperledger-firefly/fabconnect/blob/efab8a2b0ff11863bbd9c5eb8a566820f560546b/mocks/rest/identity/client.go
fabconnect,mocks/rest/identity/identity_client.go,Test or generated test support,,https://github.com/hyperledger-firefly/fabconnect/blob/efab8a2b0ff11863bbd9c5eb8a566820f560546b/mocks/rest/identity/identity_client.go
fabconnect,mocks/rest/receipt/api/receipt_store_persistence.go,Test or generated test support,,https://github.com/hyperledger-firefly/fabconnect/blob/efab8a2b0ff11863bbd9c5eb8a566820f560546b/mocks/rest/receipt/api/receipt_store_persistence.go
fabconnect,mocks/rest/receipt/receipt_store.go,Test or generated test support,,https://github.com/hyperledger-firefly/fabconnect/blob/efab8a2b0ff11863bbd9c5eb8a566820f560546b/mocks/rest/receipt/receipt_store.go
fabconnect,mocks/rest/receipt/receipt_store_persistence.go,Test or generated test support,,https://github.com/hyperledger-firefly/fabconnect/blob/efab8a2b0ff11863bbd9c5eb8a566820f560546b/mocks/rest/receipt/receipt_store_persistence.go
fabconnect,mocks/rest/receipt/store.go,Test or generated test support,,https://github.com/hyperledger-firefly/fabconnect/blob/efab8a2b0ff11863bbd9c5eb8a566820f560546b/mocks/rest/receipt/store.go
fabconnect,mocks/rest/sync/dispatcher.go,Test or generated test support,,https://github.com/hyperledger-firefly/fabconnect/blob/efab8a2b0ff11863bbd9c5eb8a566820f560546b/mocks/rest/sync/dispatcher.go
fabconnect,mocks/rest/sync/sync_dispatcher.go,Test or generated test support,,https://github.com/hyperledger-firefly/fabconnect/blob/efab8a2b0ff11863bbd9c5eb8a566820f560546b/mocks/rest/sync/sync_dispatcher.go
fabconnect,mocks/tx/processor.go,Test or generated test support,,https://github.com/hyperledger-firefly/fabconnect/blob/efab8a2b0ff11863bbd9c5eb8a566820f560546b/mocks/tx/processor.go
fabconnect,mocks/tx/tx_processor.go,Test or generated test support,,https://github.com/hyperledger-firefly/fabconnect/blob/efab8a2b0ff11863bbd9c5eb8a566820f560546b/mocks/tx/tx_processor.go
fabconnect,mocks/ws/web_socket_channels.go,Test or generated test support,,https://github.com/hyperledger-firefly/fabconnect/blob/efab8a2b0ff11863bbd9c5eb8a566820f560546b/mocks/ws/web_socket_channels.go
fabconnect,mocks/ws/web_socket_server.go,Test or generated test support,,https://github.com/hyperledger-firefly/fabconnect/blob/efab8a2b0ff11863bbd9c5eb8a566820f560546b/mocks/ws/web_socket_server.go
fabconnect,pkg/plugins/securitymodule.go,Public plugin interface,firefly.fabconnect.auth,https://github.com/hyperledger-firefly/fabconnect/blob/efab8a2b0ff11863bbd9c5eb8a566820f560546b/pkg/plugins/securitymodule.go
fabconnect,test/integration/kafka/kafka_test.go,Test or generated test support,,https://github.com/hyperledger-firefly/fabconnect/blob/efab8a2b0ff11863bbd9c5eb8a566820f560546b/test/integration/kafka/kafka_test.go
tezosconnect,cmd/config.go,Process entrypoint,firefly.tezosconnect.api,https://github.com/hyperledger-firefly/tezosconnect/blob/508ec1e8bb8b671c1eb6e9c090a1d219043dbd8b/cmd/config.go
tezosconnect,cmd/config_docs_generate_test.go,Test or generated test support,,https://github.com/hyperledger-firefly/tezosconnect/blob/508ec1e8bb8b671c1eb6e9c090a1d219043dbd8b/cmd/config_docs_generate_test.go
tezosconnect,cmd/config_docs_test.go,Test or generated test support,,https://github.com/hyperledger-firefly/tezosconnect/blob/508ec1e8bb8b671c1eb6e9c090a1d219043dbd8b/cmd/config_docs_test.go
tezosconnect,cmd/config_test.go,Test or generated test support,,https://github.com/hyperledger-firefly/tezosconnect/blob/508ec1e8bb8b671c1eb6e9c090a1d219043dbd8b/cmd/config_test.go
tezosconnect,cmd/tezosconnect.go,Process entrypoint,firefly.tezosconnect.api,https://github.com/hyperledger-firefly/tezosconnect/blob/508ec1e8bb8b671c1eb6e9c090a1d219043dbd8b/cmd/tezosconnect.go
tezosconnect,cmd/tezosconnect_test.go,Test or generated test support,,https://github.com/hyperledger-firefly/tezosconnect/blob/508ec1e8bb8b671c1eb6e9c090a1d219043dbd8b/cmd/tezosconnect_test.go
tezosconnect,cmd/version.go,Process entrypoint,firefly.tezosconnect.api,https://github.com/hyperledger-firefly/tezosconnect/blob/508ec1e8bb8b671c1eb6e9c090a1d219043dbd8b/cmd/version.go
tezosconnect,cmd/version_test.go,Test or generated test support,,https://github.com/hyperledger-firefly/tezosconnect/blob/508ec1e8bb8b671c1eb6e9c090a1d219043dbd8b/cmd/version_test.go
tezosconnect,internal/msgs/en_config_descriptions.go,Messages and descriptions,firefly.tezosconnect.adapter,https://github.com/hyperledger-firefly/tezosconnect/blob/508ec1e8bb8b671c1eb6e9c090a1d219043dbd8b/internal/msgs/en_config_descriptions.go
tezosconnect,internal/msgs/en_error_messages.go,Messages and descriptions,firefly.tezosconnect.adapter,https://github.com/hyperledger-firefly/tezosconnect/blob/508ec1e8bb8b671c1eb6e9c090a1d219043dbd8b/internal/msgs/en_error_messages.go
tezosconnect,internal/tezos/blocklistener.go,Modeled component responsibility,firefly.tezosconnect.blocks,https://github.com/hyperledger-firefly/tezosconnect/blob/508ec1e8bb8b671c1eb6e9c090a1d219043dbd8b/internal/tezos/blocklistener.go
tezosconnect,internal/tezos/blocklistener_test.go,Test or generated test support,,https://github.com/hyperledger-firefly/tezosconnect/blob/508ec1e8bb8b671c1eb6e9c090a1d219043dbd8b/internal/tezos/blocklistener_test.go
tezosconnect,internal/tezos/config.go,Modeled component responsibility,firefly.tezosconnect.adapter,https://github.com/hyperledger-firefly/tezosconnect/blob/508ec1e8bb8b671c1eb6e9c090a1d219043dbd8b/internal/tezos/config.go
tezosconnect,internal/tezos/deploy_contract_prepare.go,Modeled component responsibility,firefly.tezosconnect.adapter,https://github.com/hyperledger-firefly/tezosconnect/blob/508ec1e8bb8b671c1eb6e9c090a1d219043dbd8b/internal/tezos/deploy_contract_prepare.go
tezosconnect,internal/tezos/deploy_contract_prepare_test.go,Test or generated test support,,https://github.com/hyperledger-firefly/tezosconnect/blob/508ec1e8bb8b671c1eb6e9c090a1d219043dbd8b/internal/tezos/deploy_contract_prepare_test.go
tezosconnect,internal/tezos/error_mapping.go,Modeled component responsibility,firefly.tezosconnect.adapter,https://github.com/hyperledger-firefly/tezosconnect/blob/508ec1e8bb8b671c1eb6e9c090a1d219043dbd8b/internal/tezos/error_mapping.go
tezosconnect,internal/tezos/error_mapping_test.go,Test or generated test support,,https://github.com/hyperledger-firefly/tezosconnect/blob/508ec1e8bb8b671c1eb6e9c090a1d219043dbd8b/internal/tezos/error_mapping_test.go
tezosconnect,internal/tezos/estimate_gas.go,Modeled component responsibility,firefly.tezosconnect.adapter,https://github.com/hyperledger-firefly/tezosconnect/blob/508ec1e8bb8b671c1eb6e9c090a1d219043dbd8b/internal/tezos/estimate_gas.go
tezosconnect,internal/tezos/estimate_gas_test.go,Test or generated test support,,https://github.com/hyperledger-firefly/tezosconnect/blob/508ec1e8bb8b671c1eb6e9c090a1d219043dbd8b/internal/tezos/estimate_gas_test.go
tezosconnect,internal/tezos/event_actions.go,Modeled component responsibility,firefly.tezosconnect.adapter,https://github.com/hyperledger-firefly/tezosconnect/blob/508ec1e8bb8b671c1eb6e9c090a1d219043dbd8b/internal/tezos/event_actions.go
tezosconnect,internal/tezos/event_listener.go,Modeled component responsibility,firefly.tezosconnect.adapter,https://github.com/hyperledger-firefly/tezosconnect/blob/508ec1e8bb8b671c1eb6e9c090a1d219043dbd8b/internal/tezos/event_listener.go
tezosconnect,internal/tezos/event_stream.go,Modeled component responsibility,firefly.tezosconnect.events,https://github.com/hyperledger-firefly/tezosconnect/blob/508ec1e8bb8b671c1eb6e9c090a1d219043dbd8b/internal/tezos/event_stream.go
tezosconnect,internal/tezos/exec_query.go,Modeled component responsibility,firefly.tezosconnect.adapter,https://github.com/hyperledger-firefly/tezosconnect/blob/508ec1e8bb8b671c1eb6e9c090a1d219043dbd8b/internal/tezos/exec_query.go
tezosconnect,internal/tezos/exec_query_test.go,Test or generated test support,,https://github.com/hyperledger-firefly/tezosconnect/blob/508ec1e8bb8b671c1eb6e9c090a1d219043dbd8b/internal/tezos/exec_query_test.go
tezosconnect,internal/tezos/get_address_balance.go,Modeled component responsibility,firefly.tezosconnect.adapter,https://github.com/hyperledger-firefly/tezosconnect/blob/508ec1e8bb8b671c1eb6e9c090a1d219043dbd8b/internal/tezos/get_address_balance.go
tezosconnect,internal/tezos/get_address_balance_test.go,Test or generated test support,,https://github.com/hyperledger-firefly/tezosconnect/blob/508ec1e8bb8b671c1eb6e9c090a1d219043dbd8b/internal/tezos/get_address_balance_test.go
tezosconnect,internal/tezos/get_block_info.go,Modeled component responsibility,firefly.tezosconnect.adapter,https://github.com/hyperledger-firefly/tezosconnect/blob/508ec1e8bb8b671c1eb6e9c090a1d219043dbd8b/internal/tezos/get_block_info.go
tezosconnect,internal/tezos/get_block_info_test.go,Test or generated test support,,https://github.com/hyperledger-firefly/tezosconnect/blob/508ec1e8bb8b671c1eb6e9c090a1d219043dbd8b/internal/tezos/get_block_info_test.go
tezosconnect,internal/tezos/get_gas_price.go,Modeled component responsibility,firefly.tezosconnect.adapter,https://github.com/hyperledger-firefly/tezosconnect/blob/508ec1e8bb8b671c1eb6e9c090a1d219043dbd8b/internal/tezos/get_gas_price.go
tezosconnect,internal/tezos/get_gas_price_test.go,Test or generated test support,,https://github.com/hyperledger-firefly/tezosconnect/blob/508ec1e8bb8b671c1eb6e9c090a1d219043dbd8b/internal/tezos/get_gas_price_test.go
tezosconnect,internal/tezos/get_next_nonce.go,Modeled component responsibility,firefly.tezosconnect.adapter,https://github.com/hyperledger-firefly/tezosconnect/blob/508ec1e8bb8b671c1eb6e9c090a1d219043dbd8b/internal/tezos/get_next_nonce.go
tezosconnect,internal/tezos/get_next_nonce_test.go,Test or generated test support,,https://github.com/hyperledger-firefly/tezosconnect/blob/508ec1e8bb8b671c1eb6e9c090a1d219043dbd8b/internal/tezos/get_next_nonce_test.go
tezosconnect,internal/tezos/get_receipt.go,Modeled component responsibility,firefly.tezosconnect.adapter,https://github.com/hyperledger-firefly/tezosconnect/blob/508ec1e8bb8b671c1eb6e9c090a1d219043dbd8b/internal/tezos/get_receipt.go
tezosconnect,internal/tezos/new_block_listener.go,Modeled component responsibility,firefly.tezosconnect.adapter,https://github.com/hyperledger-firefly/tezosconnect/blob/508ec1e8bb8b671c1eb6e9c090a1d219043dbd8b/internal/tezos/new_block_listener.go
tezosconnect,internal/tezos/new_block_listener_test.go,Test or generated test support,,https://github.com/hyperledger-firefly/tezosconnect/blob/508ec1e8bb8b671c1eb6e9c090a1d219043dbd8b/internal/tezos/new_block_listener_test.go
tezosconnect,internal/tezos/prepare_transaction.go,Modeled component responsibility,firefly.tezosconnect.adapter,https://github.com/hyperledger-firefly/tezosconnect/blob/508ec1e8bb8b671c1eb6e9c090a1d219043dbd8b/internal/tezos/prepare_transaction.go
tezosconnect,internal/tezos/prepare_transaction_test.go,Test or generated test support,,https://github.com/hyperledger-firefly/tezosconnect/blob/508ec1e8bb8b671c1eb6e9c090a1d219043dbd8b/internal/tezos/prepare_transaction_test.go
tezosconnect,internal/tezos/retry_delay.go,Modeled component responsibility,firefly.tezosconnect.adapter,https://github.com/hyperledger-firefly/tezosconnect/blob/508ec1e8bb8b671c1eb6e9c090a1d219043dbd8b/internal/tezos/retry_delay.go
tezosconnect,internal/tezos/retry_delay_test.go,Test or generated test support,,https://github.com/hyperledger-firefly/tezosconnect/blob/508ec1e8bb8b671c1eb6e9c090a1d219043dbd8b/internal/tezos/retry_delay_test.go
tezosconnect,internal/tezos/send_transaction.go,Modeled component responsibility,firefly.tezosconnect.signing,https://github.com/hyperledger-firefly/tezosconnect/blob/508ec1e8bb8b671c1eb6e9c090a1d219043dbd8b/internal/tezos/send_transaction.go
tezosconnect,internal/tezos/send_transaction_test.go,Test or generated test support,,https://github.com/hyperledger-firefly/tezosconnect/blob/508ec1e8bb8b671c1eb6e9c090a1d219043dbd8b/internal/tezos/send_transaction_test.go
tezosconnect,internal/tezos/statuses.go,Modeled component responsibility,firefly.tezosconnect.adapter,https://github.com/hyperledger-firefly/tezosconnect/blob/508ec1e8bb8b671c1eb6e9c090a1d219043dbd8b/internal/tezos/statuses.go
tezosconnect,internal/tezos/statuses_test.go,Test or generated test support,,https://github.com/hyperledger-firefly/tezosconnect/blob/508ec1e8bb8b671c1eb6e9c090a1d219043dbd8b/internal/tezos/statuses_test.go
tezosconnect,internal/tezos/tezos.go,Modeled component responsibility,firefly.tezosconnect.adapter,https://github.com/hyperledger-firefly/tezosconnect/blob/508ec1e8bb8b671c1eb6e9c090a1d219043dbd8b/internal/tezos/tezos.go
tezosconnect,internal/tezos/tezos_test.go,Test or generated test support,,https://github.com/hyperledger-firefly/tezosconnect/blob/508ec1e8bb8b671c1eb6e9c090a1d219043dbd8b/internal/tezos/tezos_test.go
tezosconnect,mocks/fftmmocks/manager.go,Test or generated test support,,https://github.com/hyperledger-firefly/tezosconnect/blob/508ec1e8bb8b671c1eb6e9c090a1d219043dbd8b/mocks/fftmmocks/manager.go
tezosconnect,mocks/tzrpcbackendmocks/rpc_client.go,Test or generated test support,,https://github.com/hyperledger-firefly/tezosconnect/blob/508ec1e8bb8b671c1eb6e9c090a1d219043dbd8b/mocks/tzrpcbackendmocks/rpc_client.go
tezosconnect,tezosconnect/main.go,Executable bootstrap,firefly.tezosconnect.api,https://github.com/hyperledger-firefly/tezosconnect/blob/508ec1e8bb8b671c1eb6e9c090a1d219043dbd8b/tezosconnect/main.go
cardano,firefly-balius/src/events.rs,Modeled component responsibility,firefly.cardanoconnect.balius,https://github.com/hyperledger-firefly/cardano/blob/0300bca6b0b99d2a16a81b94f65496934999346e/firefly-balius/src/events.rs
cardano,firefly-balius/src/kv.rs,Modeled component responsibility,firefly.cardanoconnect.balius,https://github.com/hyperledger-firefly/cardano/blob/0300bca6b0b99d2a16a81b94f65496934999346e/firefly-balius/src/kv.rs
cardano,firefly-balius/src/lib.rs,Modeled component responsibility,firefly.cardanoconnect.balius,https://github.com/hyperledger-firefly/cardano/blob/0300bca6b0b99d2a16a81b94f65496934999346e/firefly-balius/src/lib.rs
cardano,firefly-balius/src/logic.rs,Modeled component responsibility,firefly.cardanoconnect.balius,https://github.com/hyperledger-firefly/cardano/blob/0300bca6b0b99d2a16a81b94f65496934999346e/firefly-balius/src/logic.rs
cardano,firefly-balius/src/monitor.rs,Modeled component responsibility,firefly.cardanoconnect.balius,https://github.com/hyperledger-firefly/cardano/blob/0300bca6b0b99d2a16a81b94f65496934999346e/firefly-balius/src/monitor.rs
cardano,firefly-balius/src/worker.rs,Modeled component responsibility,firefly.cardanoconnect.balius,https://github.com/hyperledger-firefly/cardano/blob/0300bca6b0b99d2a16a81b94f65496934999346e/firefly-balius/src/worker.rs
cardano,firefly-cardanoconnect/src/blockchain.rs,Modeled component responsibility,firefly.cardanoconnect.blockchain,https://github.com/hyperledger-firefly/cardano/blob/0300bca6b0b99d2a16a81b94f65496934999346e/firefly-cardanoconnect/src/blockchain.rs
cardano,firefly-cardanoconnect/src/blockchain/blockfrost.rs,Modeled component responsibility,firefly.cardanoconnect.blockfrost,https://github.com/hyperledger-firefly/cardano/blob/0300bca6b0b99d2a16a81b94f65496934999346e/firefly-cardanoconnect/src/blockchain/blockfrost.rs
cardano,firefly-cardanoconnect/src/blockchain/blockfrost/chainsync.rs,Modeled component responsibility,firefly.cardanoconnect.blockfrost,https://github.com/hyperledger-firefly/cardano/blob/0300bca6b0b99d2a16a81b94f65496934999346e/firefly-cardanoconnect/src/blockchain/blockfrost/chainsync.rs
cardano,firefly-cardanoconnect/src/blockchain/blockfrost/client.rs,Modeled component responsibility,firefly.cardanoconnect.blockfrost,https://github.com/hyperledger-firefly/cardano/blob/0300bca6b0b99d2a16a81b94f65496934999346e/firefly-cardanoconnect/src/blockchain/blockfrost/client.rs
cardano,firefly-cardanoconnect/src/blockchain/blockfrost/ledger.rs,Modeled component responsibility,firefly.cardanoconnect.blockfrost,https://github.com/hyperledger-firefly/cardano/blob/0300bca6b0b99d2a16a81b94f65496934999346e/firefly-cardanoconnect/src/blockchain/blockfrost/ledger.rs
cardano,firefly-cardanoconnect/src/blockchain/mocks.rs,Modeled component responsibility,firefly.cardanoconnect.blockchain,https://github.com/hyperledger-firefly/cardano/blob/0300bca6b0b99d2a16a81b94f65496934999346e/firefly-cardanoconnect/src/blockchain/mocks.rs
cardano,firefly-cardanoconnect/src/blockchain/n2c.rs,Modeled component responsibility,firefly.cardanoconnect.n2c,https://github.com/hyperledger-firefly/cardano/blob/0300bca6b0b99d2a16a81b94f65496934999346e/firefly-cardanoconnect/src/blockchain/n2c.rs
cardano,firefly-cardanoconnect/src/blockchain/n2c/chainsync.rs,Modeled component responsibility,firefly.cardanoconnect.n2c,https://github.com/hyperledger-firefly/cardano/blob/0300bca6b0b99d2a16a81b94f65496934999346e/firefly-cardanoconnect/src/blockchain/n2c/chainsync.rs
cardano,firefly-cardanoconnect/src/blockchain/n2c/ledger.rs,Modeled component responsibility,firefly.cardanoconnect.n2c,https://github.com/hyperledger-firefly/cardano/blob/0300bca6b0b99d2a16a81b94f65496934999346e/firefly-cardanoconnect/src/blockchain/n2c/ledger.rs
cardano,firefly-cardanoconnect/src/config.rs,Configuration definitions,firefly.cardanoconnect.server,https://github.com/hyperledger-firefly/cardano/blob/0300bca6b0b99d2a16a81b94f65496934999346e/firefly-cardanoconnect/src/config.rs
cardano,firefly-cardanoconnect/src/contracts.rs,Modeled component responsibility,firefly.cardanoconnect.contracts,https://github.com/hyperledger-firefly/cardano/blob/0300bca6b0b99d2a16a81b94f65496934999346e/firefly-cardanoconnect/src/contracts.rs
cardano,firefly-cardanoconnect/src/contracts/kv.rs,Modeled component responsibility,firefly.cardanoconnect.contracts,https://github.com/hyperledger-firefly/cardano/blob/0300bca6b0b99d2a16a81b94f65496934999346e/firefly-cardanoconnect/src/contracts/kv.rs
cardano,firefly-cardanoconnect/src/contracts/runtime.rs,Modeled component responsibility,firefly.cardanoconnect.contracts,https://github.com/hyperledger-firefly/cardano/blob/0300bca6b0b99d2a16a81b94f65496934999346e/firefly-cardanoconnect/src/contracts/runtime.rs
cardano,firefly-cardanoconnect/src/contracts/u5c.rs,Modeled component responsibility,firefly.cardanoconnect.contracts,https://github.com/hyperledger-firefly/cardano/blob/0300bca6b0b99d2a16a81b94f65496934999346e/firefly-cardanoconnect/src/contracts/u5c.rs
cardano,firefly-cardanoconnect/src/main.rs,Runtime initialization,firefly.cardanoconnect.server,https://github.com/hyperledger-firefly/cardano/blob/0300bca6b0b99d2a16a81b94f65496934999346e/firefly-cardanoconnect/src/main.rs
cardano,firefly-cardanoconnect/src/operations.rs,Modeled component responsibility,firefly.cardanoconnect.operations,https://github.com/hyperledger-firefly/cardano/blob/0300bca6b0b99d2a16a81b94f65496934999346e/firefly-cardanoconnect/src/operations.rs
cardano,firefly-cardanoconnect/src/operations/manager.rs,Modeled component responsibility,firefly.cardanoconnect.operations,https://github.com/hyperledger-firefly/cardano/blob/0300bca6b0b99d2a16a81b94f65496934999346e/firefly-cardanoconnect/src/operations/manager.rs
cardano,firefly-cardanoconnect/src/operations/types.rs,Modeled component responsibility,firefly.cardanoconnect.operations,https://github.com/hyperledger-firefly/cardano/blob/0300bca6b0b99d2a16a81b94f65496934999346e/firefly-cardanoconnect/src/operations/types.rs
cardano,firefly-cardanoconnect/src/persistence.rs,Modeled component responsibility,firefly.cardanoconnect.persistence,https://github.com/hyperledger-firefly/cardano/blob/0300bca6b0b99d2a16a81b94f65496934999346e/firefly-cardanoconnect/src/persistence.rs
cardano,firefly-cardanoconnect/src/persistence/mocks.rs,Modeled component responsibility,firefly.cardanoconnect.persistence,https://github.com/hyperledger-firefly/cardano/blob/0300bca6b0b99d2a16a81b94f65496934999346e/firefly-cardanoconnect/src/persistence/mocks.rs
cardano,firefly-cardanoconnect/src/persistence/sqlite.rs,Modeled component responsibility,firefly.cardanoconnect.persistence,https://github.com/hyperledger-firefly/cardano/blob/0300bca6b0b99d2a16a81b94f65496934999346e/firefly-cardanoconnect/src/persistence/sqlite.rs
cardano,firefly-cardanoconnect/src/routes.rs,Modeled component responsibility,firefly.cardanoconnect.api,https://github.com/hyperledger-firefly/cardano/blob/0300bca6b0b99d2a16a81b94f65496934999346e/firefly-cardanoconnect/src/routes.rs
cardano,firefly-cardanoconnect/src/routes/chain.rs,Modeled component responsibility,firefly.cardanoconnect.api,https://github.com/hyperledger-firefly/cardano/blob/0300bca6b0b99d2a16a81b94f65496934999346e/firefly-cardanoconnect/src/routes/chain.rs
cardano,firefly-cardanoconnect/src/routes/health.rs,Modeled component responsibility,firefly.cardanoconnect.api,https://github.com/hyperledger-firefly/cardano/blob/0300bca6b0b99d2a16a81b94f65496934999346e/firefly-cardanoconnect/src/routes/health.rs
cardano,firefly-cardanoconnect/src/routes/operations.rs,Modeled component responsibility,firefly.cardanoconnect.api,https://github.com/hyperledger-firefly/cardano/blob/0300bca6b0b99d2a16a81b94f65496934999346e/firefly-cardanoconnect/src/routes/operations.rs
cardano,firefly-cardanoconnect/src/routes/streams.rs,Modeled component responsibility,firefly.cardanoconnect.api,https://github.com/hyperledger-firefly/cardano/blob/0300bca6b0b99d2a16a81b94f65496934999346e/firefly-cardanoconnect/src/routes/streams.rs
cardano,firefly-cardanoconnect/src/routes/transaction.rs,Modeled component responsibility,firefly.cardanoconnect.api,https://github.com/hyperledger-firefly/cardano/blob/0300bca6b0b99d2a16a81b94f65496934999346e/firefly-cardanoconnect/src/routes/transaction.rs
cardano,firefly-cardanoconnect/src/routes/ws.rs,Modeled component responsibility,firefly.cardanoconnect.api,https://github.com/hyperledger-firefly/cardano/blob/0300bca6b0b99d2a16a81b94f65496934999346e/firefly-cardanoconnect/src/routes/ws.rs
cardano,firefly-cardanoconnect/src/signer.rs,Modeled component responsibility,firefly.cardanoconnect.signer,https://github.com/hyperledger-firefly/cardano/blob/0300bca6b0b99d2a16a81b94f65496934999346e/firefly-cardanoconnect/src/signer.rs
cardano,firefly-cardanoconnect/src/streams.rs,Modeled component responsibility,firefly.cardanoconnect.streams,https://github.com/hyperledger-firefly/cardano/blob/0300bca6b0b99d2a16a81b94f65496934999346e/firefly-cardanoconnect/src/streams.rs
cardano,firefly-cardanoconnect/src/streams/blockchain.rs,Modeled component responsibility,firefly.cardanoconnect.streams,https://github.com/hyperledger-firefly/cardano/blob/0300bca6b0b99d2a16a81b94f65496934999346e/firefly-cardanoconnect/src/streams/blockchain.rs
cardano,firefly-cardanoconnect/src/streams/events.rs,Modeled component responsibility,firefly.cardanoconnect.streams,https://github.com/hyperledger-firefly/cardano/blob/0300bca6b0b99d2a16a81b94f65496934999346e/firefly-cardanoconnect/src/streams/events.rs
cardano,firefly-cardanoconnect/src/streams/manager.rs,Modeled component responsibility,firefly.cardanoconnect.streams,https://github.com/hyperledger-firefly/cardano/blob/0300bca6b0b99d2a16a81b94f65496934999346e/firefly-cardanoconnect/src/streams/manager.rs
cardano,firefly-cardanoconnect/src/streams/mux.rs,Modeled component responsibility,firefly.cardanoconnect.streams,https://github.com/hyperledger-firefly/cardano/blob/0300bca6b0b99d2a16a81b94f65496934999346e/firefly-cardanoconnect/src/streams/mux.rs
cardano,firefly-cardanoconnect/src/streams/types.rs,Modeled component responsibility,firefly.cardanoconnect.streams,https://github.com/hyperledger-firefly/cardano/blob/0300bca6b0b99d2a16a81b94f65496934999346e/firefly-cardanoconnect/src/streams/types.rs
cardano,firefly-cardanoconnect/src/utils.rs,Shared helpers,firefly.cardanoconnect.server,https://github.com/hyperledger-firefly/cardano/blob/0300bca6b0b99d2a16a81b94f65496934999346e/firefly-cardanoconnect/src/utils.rs
cardano,firefly-cardanosigner/src/config.rs,Configuration definitions,firefly.cardanosigner.server,https://github.com/hyperledger-firefly/cardano/blob/0300bca6b0b99d2a16a81b94f65496934999346e/firefly-cardanosigner/src/config.rs
cardano,firefly-cardanosigner/src/keys.rs,Modeled component responsibility,firefly.cardanosigner.keys,https://github.com/hyperledger-firefly/cardano/blob/0300bca6b0b99d2a16a81b94f65496934999346e/firefly-cardanosigner/src/keys.rs
cardano,firefly-cardanosigner/src/main.rs,Runtime initialization,firefly.cardanosigner.server,https://github.com/hyperledger-firefly/cardano/blob/0300bca6b0b99d2a16a81b94f65496934999346e/firefly-cardanosigner/src/main.rs
cardano,firefly-cardanosigner/src/private_key.rs,Modeled component responsibility,firefly.cardanosigner.crypto,https://github.com/hyperledger-firefly/cardano/blob/0300bca6b0b99d2a16a81b94f65496934999346e/firefly-cardanosigner/src/private_key.rs
cardano,firefly-cardanosigner/src/routes.rs,Modeled component responsibility,firefly.cardanosigner.api,https://github.com/hyperledger-firefly/cardano/blob/0300bca6b0b99d2a16a81b94f65496934999346e/firefly-cardanosigner/src/routes.rs
cardano,firefly-server/src/apitypes.rs,Modeled component responsibility,firefly.cardanoconnect.server;firefly.cardanosigner.server,https://github.com/hyperledger-firefly/cardano/blob/0300bca6b0b99d2a16a81b94f65496934999346e/firefly-server/src/apitypes.rs
cardano,firefly-server/src/apitypes/error.rs,Modeled component responsibility,firefly.cardanoconnect.server;firefly.cardanosigner.server,https://github.com/hyperledger-firefly/cardano/blob/0300bca6b0b99d2a16a81b94f65496934999346e/firefly-server/src/apitypes/error.rs
cardano,firefly-server/src/apitypes/no_content.rs,Modeled component responsibility,firefly.cardanoconnect.server;firefly.cardanosigner.server,https://github.com/hyperledger-firefly/cardano/blob/0300bca6b0b99d2a16a81b94f65496934999346e/firefly-server/src/apitypes/no_content.rs
cardano,firefly-server/src/config.rs,Modeled component responsibility,firefly.cardanoconnect.server;firefly.cardanosigner.server,https://github.com/hyperledger-firefly/cardano/blob/0300bca6b0b99d2a16a81b94f65496934999346e/firefly-server/src/config.rs
cardano,firefly-server/src/http.rs,Modeled component responsibility,firefly.cardanoconnect.server;firefly.cardanosigner.server,https://github.com/hyperledger-firefly/cardano/blob/0300bca6b0b99d2a16a81b94f65496934999346e/firefly-server/src/http.rs
cardano,firefly-server/src/instrumentation.rs,Modeled component responsibility,firefly.cardanoconnect.server;firefly.cardanosigner.server,https://github.com/hyperledger-firefly/cardano/blob/0300bca6b0b99d2a16a81b94f65496934999346e/firefly-server/src/instrumentation.rs
cardano,firefly-server/src/lib.rs,Modeled component responsibility,firefly.cardanoconnect.server;firefly.cardanosigner.server,https://github.com/hyperledger-firefly/cardano/blob/0300bca6b0b99d2a16a81b94f65496934999346e/firefly-server/src/lib.rs
cardano,firefly-server/src/server.rs,Modeled component responsibility,firefly.cardanoconnect.server;firefly.cardanosigner.server,https://github.com/hyperledger-firefly/cardano/blob/0300bca6b0b99d2a16a81b94f65496934999346e/firefly-server/src/server.rs
cardano,scripts/demo/src/firefly.rs,"Example, deployment and key-generation tooling",firefly.cardanosigner,https://github.com/hyperledger-firefly/cardano/blob/0300bca6b0b99d2a16a81b94f65496934999346e/scripts/demo/src/firefly.rs
cardano,scripts/demo/src/main.rs,"Example, deployment and key-generation tooling",firefly.cardanosigner,https://github.com/hyperledger-firefly/cardano/blob/0300bca6b0b99d2a16a81b94f65496934999346e/scripts/demo/src/main.rs
cardano,scripts/deploy-contract/src/firefly.rs,"Example, deployment and key-generation tooling",firefly.cardanosigner,https://github.com/hyperledger-firefly/cardano/blob/0300bca6b0b99d2a16a81b94f65496934999346e/scripts/deploy-contract/src/firefly.rs
cardano,scripts/deploy-contract/src/main.rs,"Example, deployment and key-generation tooling",firefly.cardanosigner,https://github.com/hyperledger-firefly/cardano/blob/0300bca6b0b99d2a16a81b94f65496934999346e/scripts/deploy-contract/src/main.rs
cardano,scripts/deploy/src/clients.rs,"Example, deployment and key-generation tooling",firefly.cardanosigner,https://github.com/hyperledger-firefly/cardano/blob/0300bca6b0b99d2a16a81b94f65496934999346e/scripts/deploy/src/clients.rs
cardano,scripts/deploy/src/clients/firefly.rs,"Example, deployment and key-generation tooling",firefly.cardanosigner,https://github.com/hyperledger-firefly/cardano/blob/0300bca6b0b99d2a16a81b94f65496934999346e/scripts/deploy/src/clients/firefly.rs
cardano,scripts/deploy/src/contracts.rs,"Example, deployment and key-generation tooling",firefly.cardanosigner,https://github.com/hyperledger-firefly/cardano/blob/0300bca6b0b99d2a16a81b94f65496934999346e/scripts/deploy/src/contracts.rs
cardano,scripts/deploy/src/main.rs,"Example, deployment and key-generation tooling",firefly.cardanosigner,https://github.com/hyperledger-firefly/cardano/blob/0300bca6b0b99d2a16a81b94f65496934999346e/scripts/deploy/src/main.rs
cardano,scripts/generate-key/src/main.rs,"Example, deployment and key-generation tooling",firefly.cardanosigner,https://github.com/hyperledger-firefly/cardano/blob/0300bca6b0b99d2a16a81b94f65496934999346e/scripts/generate-key/src/main.rs
cardano,wasm/simple-tx/src/lib.rs,Example application contract worker,firefly.cardanoconnect.balius,https://github.com/hyperledger-firefly/cardano/blob/0300bca6b0b99d2a16a81b94f65496934999346e/wasm/simple-tx/src/lib.rs
cordaconnect,connector/src/main/java/io/kaleido/cordaconnector/Server.java,Process entrypoint,firefly.cordaconnect.api,https://github.com/hyperledger-firefly/cordaconnect/blob/6579ca46e0d46c9c330c8b2b95f1dd83f0804640/connector/src/main/java/io/kaleido/cordaconnector/Server.java
cordaconnect,connector/src/main/java/io/kaleido/cordaconnector/config/CordaRPCConfig.java,Connector configuration,firefly.cordaconnect.api,https://github.com/hyperledger-firefly/cordaconnect/blob/6579ca46e0d46c9c330c8b2b95f1dd83f0804640/connector/src/main/java/io/kaleido/cordaconnector/config/CordaRPCConfig.java
cordaconnect,connector/src/main/java/io/kaleido/cordaconnector/config/DataSourceConfig.java,Connector configuration,firefly.cordaconnect.api,https://github.com/hyperledger-firefly/cordaconnect/blob/6579ca46e0d46c9c330c8b2b95f1dd83f0804640/connector/src/main/java/io/kaleido/cordaconnector/config/DataSourceConfig.java
cordaconnect,connector/src/main/java/io/kaleido/cordaconnector/config/EventStreamConfig.java,Connector configuration,firefly.cordaconnect.api,https://github.com/hyperledger-firefly/cordaconnect/blob/6579ca46e0d46c9c330c8b2b95f1dd83f0804640/connector/src/main/java/io/kaleido/cordaconnector/config/EventStreamConfig.java
cordaconnect,connector/src/main/java/io/kaleido/cordaconnector/config/SpringContext.java,Connector configuration,firefly.cordaconnect.api,https://github.com/hyperledger-firefly/cordaconnect/blob/6579ca46e0d46c9c330c8b2b95f1dd83f0804640/connector/src/main/java/io/kaleido/cordaconnector/config/SpringContext.java
cordaconnect,connector/src/main/java/io/kaleido/cordaconnector/config/WebsocketConfig.java,Connector configuration,firefly.cordaconnect.api,https://github.com/hyperledger-firefly/cordaconnect/blob/6579ca46e0d46c9c330c8b2b95f1dd83f0804640/connector/src/main/java/io/kaleido/cordaconnector/config/WebsocketConfig.java
cordaconnect,connector/src/main/java/io/kaleido/cordaconnector/controller/EventStreamController.java,Modeled component responsibility,firefly.cordaconnect.api,https://github.com/hyperledger-firefly/cordaconnect/blob/6579ca46e0d46c9c330c8b2b95f1dd83f0804640/connector/src/main/java/io/kaleido/cordaconnector/controller/EventStreamController.java
cordaconnect,connector/src/main/java/io/kaleido/cordaconnector/controller/FireFlyController.java,Modeled component responsibility,firefly.cordaconnect.api,https://github.com/hyperledger-firefly/cordaconnect/blob/6579ca46e0d46c9c330c8b2b95f1dd83f0804640/connector/src/main/java/io/kaleido/cordaconnector/controller/FireFlyController.java
cordaconnect,connector/src/main/java/io/kaleido/cordaconnector/db/IEventStreamRepository.java,Modeled component responsibility,firefly.cordaconnect.persistence,https://github.com/hyperledger-firefly/cordaconnect/blob/6579ca46e0d46c9c330c8b2b95f1dd83f0804640/connector/src/main/java/io/kaleido/cordaconnector/db/IEventStreamRepository.java
cordaconnect,connector/src/main/java/io/kaleido/cordaconnector/db/ISubscriptionRepository.java,Modeled component responsibility,firefly.cordaconnect.persistence,https://github.com/hyperledger-firefly/cordaconnect/blob/6579ca46e0d46c9c330c8b2b95f1dd83f0804640/connector/src/main/java/io/kaleido/cordaconnector/db/ISubscriptionRepository.java
cordaconnect,connector/src/main/java/io/kaleido/cordaconnector/db/entity/EventStreamInfo.java,Modeled component responsibility,firefly.cordaconnect.persistence,https://github.com/hyperledger-firefly/cordaconnect/blob/6579ca46e0d46c9c330c8b2b95f1dd83f0804640/connector/src/main/java/io/kaleido/cordaconnector/db/entity/EventStreamInfo.java
cordaconnect,connector/src/main/java/io/kaleido/cordaconnector/db/entity/SubscriptionInfo.java,Modeled component responsibility,firefly.cordaconnect.persistence,https://github.com/hyperledger-firefly/cordaconnect/blob/6579ca46e0d46c9c330c8b2b95f1dd83f0804640/connector/src/main/java/io/kaleido/cordaconnector/db/entity/SubscriptionInfo.java
cordaconnect,connector/src/main/java/io/kaleido/cordaconnector/exception/ConnectionExceptionHandler.java,Connector errors,firefly.cordaconnect.flows,https://github.com/hyperledger-firefly/cordaconnect/blob/6579ca46e0d46c9c330c8b2b95f1dd83f0804640/connector/src/main/java/io/kaleido/cordaconnector/exception/ConnectionExceptionHandler.java
cordaconnect,connector/src/main/java/io/kaleido/cordaconnector/exception/CordaConnectionException.java,Connector errors,firefly.cordaconnect.flows,https://github.com/hyperledger-firefly/cordaconnect/blob/6579ca46e0d46c9c330c8b2b95f1dd83f0804640/connector/src/main/java/io/kaleido/cordaconnector/exception/CordaConnectionException.java
cordaconnect,connector/src/main/java/io/kaleido/cordaconnector/model/common/BroadcastBatchData.java,Public request and event types,firefly.cordaconnect.api,https://github.com/hyperledger-firefly/cordaconnect/blob/6579ca46e0d46c9c330c8b2b95f1dd83f0804640/connector/src/main/java/io/kaleido/cordaconnector/model/common/BroadcastBatchData.java
cordaconnect,connector/src/main/java/io/kaleido/cordaconnector/model/common/ErrorHandling.java,Public request and event types,firefly.cordaconnect.api,https://github.com/hyperledger-firefly/cordaconnect/blob/6579ca46e0d46c9c330c8b2b95f1dd83f0804640/connector/src/main/java/io/kaleido/cordaconnector/model/common/ErrorHandling.java
cordaconnect,connector/src/main/java/io/kaleido/cordaconnector/model/common/Event.java,Public request and event types,firefly.cordaconnect.api,https://github.com/hyperledger-firefly/cordaconnect/blob/6579ca46e0d46c9c330c8b2b95f1dd83f0804640/connector/src/main/java/io/kaleido/cordaconnector/model/common/Event.java
cordaconnect,connector/src/main/java/io/kaleido/cordaconnector/model/common/EventStreamData.java,Public request and event types,firefly.cordaconnect.api,https://github.com/hyperledger-firefly/cordaconnect/blob/6579ca46e0d46c9c330c8b2b95f1dd83f0804640/connector/src/main/java/io/kaleido/cordaconnector/model/common/EventStreamData.java
cordaconnect,connector/src/main/java/io/kaleido/cordaconnector/model/common/StateFilter.java,Public request and event types,firefly.cordaconnect.api,https://github.com/hyperledger-firefly/cordaconnect/blob/6579ca46e0d46c9c330c8b2b95f1dd83f0804640/connector/src/main/java/io/kaleido/cordaconnector/model/common/StateFilter.java
cordaconnect,connector/src/main/java/io/kaleido/cordaconnector/model/common/SubscriptionData.java,Public request and event types,firefly.cordaconnect.api,https://github.com/hyperledger-firefly/cordaconnect/blob/6579ca46e0d46c9c330c8b2b95f1dd83f0804640/connector/src/main/java/io/kaleido/cordaconnector/model/common/SubscriptionData.java
cordaconnect,connector/src/main/java/io/kaleido/cordaconnector/model/common/WebsocketData.java,Public request and event types,firefly.cordaconnect.api,https://github.com/hyperledger-firefly/cordaconnect/blob/6579ca46e0d46c9c330c8b2b95f1dd83f0804640/connector/src/main/java/io/kaleido/cordaconnector/model/common/WebsocketData.java
cordaconnect,connector/src/main/java/io/kaleido/cordaconnector/model/request/ConnectorRequest.java,Public request and event types,firefly.cordaconnect.api,https://github.com/hyperledger-firefly/cordaconnect/blob/6579ca46e0d46c9c330c8b2b95f1dd83f0804640/connector/src/main/java/io/kaleido/cordaconnector/model/request/ConnectorRequest.java
cordaconnect,connector/src/main/java/io/kaleido/cordaconnector/model/response/ConnectorResponse.java,Public request and event types,firefly.cordaconnect.api,https://github.com/hyperledger-firefly/cordaconnect/blob/6579ca46e0d46c9c330c8b2b95f1dd83f0804640/connector/src/main/java/io/kaleido/cordaconnector/model/response/ConnectorResponse.java
cordaconnect,connector/src/main/java/io/kaleido/cordaconnector/rpc/NodeRPCClient.java,Modeled component responsibility,firefly.cordaconnect.flows,https://github.com/hyperledger-firefly/cordaconnect/blob/6579ca46e0d46c9c330c8b2b95f1dd83f0804640/connector/src/main/java/io/kaleido/cordaconnector/rpc/NodeRPCClient.java
cordaconnect,connector/src/main/java/io/kaleido/cordaconnector/service/EventStream.java,Modeled component responsibility,firefly.cordaconnect.events,https://github.com/hyperledger-firefly/cordaconnect/blob/6579ca46e0d46c9c330c8b2b95f1dd83f0804640/connector/src/main/java/io/kaleido/cordaconnector/service/EventStream.java
cordaconnect,connector/src/main/java/io/kaleido/cordaconnector/service/EventStreamService.java,Modeled component responsibility,firefly.cordaconnect.events,https://github.com/hyperledger-firefly/cordaconnect/blob/6579ca46e0d46c9c330c8b2b95f1dd83f0804640/connector/src/main/java/io/kaleido/cordaconnector/service/EventStreamService.java
cordaconnect,connector/src/main/java/io/kaleido/cordaconnector/service/FireFlyService.java,Modeled component responsibility,firefly.cordaconnect.events,https://github.com/hyperledger-firefly/cordaconnect/blob/6579ca46e0d46c9c330c8b2b95f1dd83f0804640/connector/src/main/java/io/kaleido/cordaconnector/service/FireFlyService.java
cordaconnect,connector/src/main/java/io/kaleido/cordaconnector/service/Subscription.java,Modeled component responsibility,firefly.cordaconnect.events,https://github.com/hyperledger-firefly/cordaconnect/blob/6579ca46e0d46c9c330c8b2b95f1dd83f0804640/connector/src/main/java/io/kaleido/cordaconnector/service/Subscription.java
cordaconnect,connector/src/main/java/io/kaleido/cordaconnector/service/data/BroadcastBatchResponse.java,Modeled component responsibility,firefly.cordaconnect.events,https://github.com/hyperledger-firefly/cordaconnect/blob/6579ca46e0d46c9c330c8b2b95f1dd83f0804640/connector/src/main/java/io/kaleido/cordaconnector/service/data/BroadcastBatchResponse.java
cordaconnect,connector/src/main/java/io/kaleido/cordaconnector/ws/ClientMessage.java,Modeled component responsibility,firefly.cordaconnect.websockets,https://github.com/hyperledger-firefly/cordaconnect/blob/6579ca46e0d46c9c330c8b2b95f1dd83f0804640/connector/src/main/java/io/kaleido/cordaconnector/ws/ClientMessage.java
cordaconnect,connector/src/main/java/io/kaleido/cordaconnector/ws/ClientMessageDecoder.java,Modeled component responsibility,firefly.cordaconnect.websockets,https://github.com/hyperledger-firefly/cordaconnect/blob/6579ca46e0d46c9c330c8b2b95f1dd83f0804640/connector/src/main/java/io/kaleido/cordaconnector/ws/ClientMessageDecoder.java
cordaconnect,connector/src/main/java/io/kaleido/cordaconnector/ws/ClientMessageType.java,Modeled component responsibility,firefly.cordaconnect.websockets,https://github.com/hyperledger-firefly/cordaconnect/blob/6579ca46e0d46c9c330c8b2b95f1dd83f0804640/connector/src/main/java/io/kaleido/cordaconnector/ws/ClientMessageType.java
cordaconnect,connector/src/main/java/io/kaleido/cordaconnector/ws/EventServerSocket.java,Modeled component responsibility,firefly.cordaconnect.websockets,https://github.com/hyperledger-firefly/cordaconnect/blob/6579ca46e0d46c9c330c8b2b95f1dd83f0804640/connector/src/main/java/io/kaleido/cordaconnector/ws/EventServerSocket.java
cordaconnect,connector/src/main/java/io/kaleido/cordaconnector/ws/GenericEncoder.java,Modeled component responsibility,firefly.cordaconnect.websockets,https://github.com/hyperledger-firefly/cordaconnect/blob/6579ca46e0d46c9c330c8b2b95f1dd83f0804640/connector/src/main/java/io/kaleido/cordaconnector/ws/GenericEncoder.java
cordaconnect,connector/src/main/java/io/kaleido/cordaconnector/ws/WebSocketConnection.java,Modeled component responsibility,firefly.cordaconnect.websockets,https://github.com/hyperledger-firefly/cordaconnect/blob/6579ca46e0d46c9c330c8b2b95f1dd83f0804640/connector/src/main/java/io/kaleido/cordaconnector/ws/WebSocketConnection.java
cordaconnect,cordapp/firefly-contracts/src/main/java/io/kaleido/firefly/cordapp/contracts/FireflyContract.java,Custom CorDapp starter code,corda,https://github.com/hyperledger-firefly/cordaconnect/blob/6579ca46e0d46c9c330c8b2b95f1dd83f0804640/cordapp/firefly-contracts/src/main/java/io/kaleido/firefly/cordapp/contracts/FireflyContract.java
cordaconnect,cordapp/firefly-contracts/src/main/java/io/kaleido/firefly/cordapp/states/BroadcastBatch.java,Custom CorDapp starter code,corda,https://github.com/hyperledger-firefly/cordaconnect/blob/6579ca46e0d46c9c330c8b2b95f1dd83f0804640/cordapp/firefly-contracts/src/main/java/io/kaleido/firefly/cordapp/states/BroadcastBatch.java
cordaconnect,cordapp/firefly-contracts/src/main/java/io/kaleido/firefly/cordapp/states/FireflyEvent.java,Custom CorDapp starter code,corda,https://github.com/hyperledger-firefly/cordaconnect/blob/6579ca46e0d46c9c330c8b2b95f1dd83f0804640/cordapp/firefly-contracts/src/main/java/io/kaleido/firefly/cordapp/states/FireflyEvent.java
cordaconnect,cordapp/firefly-contracts/src/main/java/io/kaleido/firefly/cordapp/states/FireflyGroupNonce.java,Custom CorDapp starter code,corda,https://github.com/hyperledger-firefly/cordaconnect/blob/6579ca46e0d46c9c330c8b2b95f1dd83f0804640/cordapp/firefly-contracts/src/main/java/io/kaleido/firefly/cordapp/states/FireflyGroupNonce.java
cordaconnect,cordapp/firefly-flows/src/main/java/io/kaleido/firefly/cordapp/flows/CreateBroacastBatchFlow.java,Custom CorDapp starter code,corda,https://github.com/hyperledger-firefly/cordaconnect/blob/6579ca46e0d46c9c330c8b2b95f1dd83f0804640/cordapp/firefly-flows/src/main/java/io/kaleido/firefly/cordapp/flows/CreateBroacastBatchFlow.java
cordaconnect,cordapp/firefly-flows/src/main/java/io/kaleido/firefly/cordapp/flows/CreateFireflyEventFlow.java,Custom CorDapp starter code,corda,https://github.com/hyperledger-firefly/cordaconnect/blob/6579ca46e0d46c9c330c8b2b95f1dd83f0804640/cordapp/firefly-flows/src/main/java/io/kaleido/firefly/cordapp/flows/CreateFireflyEventFlow.java
cordaconnect,cordapp/firefly-flows/src/main/java/io/kaleido/firefly/cordapp/flows/CreateGroupNonceFlow.java,Custom CorDapp starter code,corda,https://github.com/hyperledger-firefly/cordaconnect/blob/6579ca46e0d46c9c330c8b2b95f1dd83f0804640/cordapp/firefly-flows/src/main/java/io/kaleido/firefly/cordapp/flows/CreateGroupNonceFlow.java
cordaconnect,cordapp/firefly-flows/src/main/java/io/kaleido/firefly/cordapp/flows/ReceiveBroadcastBatchFlow.java,Custom CorDapp starter code,corda,https://github.com/hyperledger-firefly/cordaconnect/blob/6579ca46e0d46c9c330c8b2b95f1dd83f0804640/cordapp/firefly-flows/src/main/java/io/kaleido/firefly/cordapp/flows/ReceiveBroadcastBatchFlow.java
cordaconnect,cordapp/firefly-flows/src/main/java/io/kaleido/firefly/cordapp/flows/ReceiveFireflyEventFlow.java,Custom CorDapp starter code,corda,https://github.com/hyperledger-firefly/cordaconnect/blob/6579ca46e0d46c9c330c8b2b95f1dd83f0804640/cordapp/firefly-flows/src/main/java/io/kaleido/firefly/cordapp/flows/ReceiveFireflyEventFlow.java
cordaconnect,cordapp/firefly-flows/src/main/java/io/kaleido/firefly/cordapp/flows/ReceiveGroupNonceFlow.java,Custom CorDapp starter code,corda,https://github.com/hyperledger-firefly/cordaconnect/blob/6579ca46e0d46c9c330c8b2b95f1dd83f0804640/cordapp/firefly-flows/src/main/java/io/kaleido/firefly/cordapp/flows/ReceiveGroupNonceFlow.java
cli,cmd/accounts.go,Modeled component responsibility,tools.cli.commands,https://github.com/hyperledger-firefly/cli/blob/9b868d3326ba4fbadd01c74a36c7e5a92a8c2609/cmd/accounts.go
cli,cmd/accounts_create.go,Modeled component responsibility,tools.cli.commands,https://github.com/hyperledger-firefly/cli/blob/9b868d3326ba4fbadd01c74a36c7e5a92a8c2609/cmd/accounts_create.go
cli,cmd/accounts_create_test.go,Test or generated test support,,https://github.com/hyperledger-firefly/cli/blob/9b868d3326ba4fbadd01c74a36c7e5a92a8c2609/cmd/accounts_create_test.go
cli,cmd/accounts_list.go,Modeled component responsibility,tools.cli.commands,https://github.com/hyperledger-firefly/cli/blob/9b868d3326ba4fbadd01c74a36c7e5a92a8c2609/cmd/accounts_list.go
cli,cmd/accounts_list_test.go,Test or generated test support,,https://github.com/hyperledger-firefly/cli/blob/9b868d3326ba4fbadd01c74a36c7e5a92a8c2609/cmd/accounts_list_test.go
cli,cmd/deploy.go,Modeled component responsibility,tools.cli.commands,https://github.com/hyperledger-firefly/cli/blob/9b868d3326ba4fbadd01c74a36c7e5a92a8c2609/cmd/deploy.go
cli,cmd/deploy_ethereum.go,Modeled component responsibility,tools.cli.commands,https://github.com/hyperledger-firefly/cli/blob/9b868d3326ba4fbadd01c74a36c7e5a92a8c2609/cmd/deploy_ethereum.go
cli,cmd/deploy_ethereum_test.go,Test or generated test support,,https://github.com/hyperledger-firefly/cli/blob/9b868d3326ba4fbadd01c74a36c7e5a92a8c2609/cmd/deploy_ethereum_test.go
cli,cmd/deploy_fabric.go,Modeled component responsibility,tools.cli.commands,https://github.com/hyperledger-firefly/cli/blob/9b868d3326ba4fbadd01c74a36c7e5a92a8c2609/cmd/deploy_fabric.go
cli,cmd/deploy_fabric_test.go,Test or generated test support,,https://github.com/hyperledger-firefly/cli/blob/9b868d3326ba4fbadd01c74a36c7e5a92a8c2609/cmd/deploy_fabric_test.go
cli,cmd/docs.go,Modeled component responsibility,tools.cli.commands,https://github.com/hyperledger-firefly/cli/blob/9b868d3326ba4fbadd01c74a36c7e5a92a8c2609/cmd/docs.go
cli,cmd/info.go,Modeled component responsibility,tools.cli.commands,https://github.com/hyperledger-firefly/cli/blob/9b868d3326ba4fbadd01c74a36c7e5a92a8c2609/cmd/info.go
cli,cmd/info_test.go,Test or generated test support,,https://github.com/hyperledger-firefly/cli/blob/9b868d3326ba4fbadd01c74a36c7e5a92a8c2609/cmd/info_test.go
cli,cmd/init.go,Modeled component responsibility,tools.cli.commands,https://github.com/hyperledger-firefly/cli/blob/9b868d3326ba4fbadd01c74a36c7e5a92a8c2609/cmd/init.go
cli,cmd/init_cardano.go,Modeled component responsibility,tools.cli.commands,https://github.com/hyperledger-firefly/cli/blob/9b868d3326ba4fbadd01c74a36c7e5a92a8c2609/cmd/init_cardano.go
cli,cmd/init_ethereum.go,Modeled component responsibility,tools.cli.commands,https://github.com/hyperledger-firefly/cli/blob/9b868d3326ba4fbadd01c74a36c7e5a92a8c2609/cmd/init_ethereum.go
cli,cmd/init_fabric.go,Modeled component responsibility,tools.cli.commands,https://github.com/hyperledger-firefly/cli/blob/9b868d3326ba4fbadd01c74a36c7e5a92a8c2609/cmd/init_fabric.go
cli,cmd/init_tezos.go,Modeled component responsibility,tools.cli.commands,https://github.com/hyperledger-firefly/cli/blob/9b868d3326ba4fbadd01c74a36c7e5a92a8c2609/cmd/init_tezos.go
cli,cmd/list.go,Modeled component responsibility,tools.cli.commands,https://github.com/hyperledger-firefly/cli/blob/9b868d3326ba4fbadd01c74a36c7e5a92a8c2609/cmd/list.go
cli,cmd/logs.go,Modeled component responsibility,tools.cli.commands,https://github.com/hyperledger-firefly/cli/blob/9b868d3326ba4fbadd01c74a36c7e5a92a8c2609/cmd/logs.go
cli,cmd/prompt.go,Modeled component responsibility,tools.cli.commands,https://github.com/hyperledger-firefly/cli/blob/9b868d3326ba4fbadd01c74a36c7e5a92a8c2609/cmd/prompt.go
cli,cmd/ps.go,Modeled component responsibility,tools.cli.commands,https://github.com/hyperledger-firefly/cli/blob/9b868d3326ba4fbadd01c74a36c7e5a92a8c2609/cmd/ps.go
cli,cmd/pull.go,Modeled component responsibility,tools.cli.commands,https://github.com/hyperledger-firefly/cli/blob/9b868d3326ba4fbadd01c74a36c7e5a92a8c2609/cmd/pull.go
cli,cmd/remove.go,Modeled component responsibility,tools.cli.commands,https://github.com/hyperledger-firefly/cli/blob/9b868d3326ba4fbadd01c74a36c7e5a92a8c2609/cmd/remove.go
cli,cmd/reset.go,Modeled component responsibility,tools.cli.commands,https://github.com/hyperledger-firefly/cli/blob/9b868d3326ba4fbadd01c74a36c7e5a92a8c2609/cmd/reset.go
cli,cmd/root.go,Modeled component responsibility,tools.cli.commands,https://github.com/hyperledger-firefly/cli/blob/9b868d3326ba4fbadd01c74a36c7e5a92a8c2609/cmd/root.go
cli,cmd/start.go,Modeled component responsibility,tools.cli.commands,https://github.com/hyperledger-firefly/cli/blob/9b868d3326ba4fbadd01c74a36c7e5a92a8c2609/cmd/start.go
cli,cmd/stop.go,Modeled component responsibility,tools.cli.commands,https://github.com/hyperledger-firefly/cli/blob/9b868d3326ba4fbadd01c74a36c7e5a92a8c2609/cmd/stop.go
cli,cmd/upgrade.go,Modeled component responsibility,tools.cli.commands,https://github.com/hyperledger-firefly/cli/blob/9b868d3326ba4fbadd01c74a36c7e5a92a8c2609/cmd/upgrade.go
cli,cmd/version.go,Modeled component responsibility,tools.cli.commands,https://github.com/hyperledger-firefly/cli/blob/9b868d3326ba4fbadd01c74a36c7e5a92a8c2609/cmd/version.go
cli,ff/main.go,Executable bootstrap,tools.cli.commands,https://github.com/hyperledger-firefly/cli/blob/9b868d3326ba4fbadd01c74a36c7e5a92a8c2609/ff/main.go
cli,internal/blockchain/blockchain_provider.go,Modeled component responsibility,tools.cli.blockchains,https://github.com/hyperledger-firefly/cli/blob/9b868d3326ba4fbadd01c74a36c7e5a92a8c2609/internal/blockchain/blockchain_provider.go
cli,internal/blockchain/cardano/cardano.go,Modeled component responsibility,tools.cli.blockchains,https://github.com/hyperledger-firefly/cli/blob/9b868d3326ba4fbadd01c74a36c7e5a92a8c2609/internal/blockchain/cardano/cardano.go
cli,internal/blockchain/cardano/cardanosigner/cardanosigner.go,Modeled component responsibility,tools.cli.blockchains,https://github.com/hyperledger-firefly/cli/blob/9b868d3326ba4fbadd01c74a36c7e5a92a8c2609/internal/blockchain/cardano/cardanosigner/cardanosigner.go
cli,internal/blockchain/cardano/cardanosigner/config.go,Modeled component responsibility,tools.cli.blockchains,https://github.com/hyperledger-firefly/cli/blob/9b868d3326ba4fbadd01c74a36c7e5a92a8c2609/internal/blockchain/cardano/cardanosigner/config.go
cli,internal/blockchain/cardano/connector/cardanoconnect/client.go,Modeled component responsibility,tools.cli.blockchains,https://github.com/hyperledger-firefly/cli/blob/9b868d3326ba4fbadd01c74a36c7e5a92a8c2609/internal/blockchain/cardano/connector/cardanoconnect/client.go
cli,internal/blockchain/cardano/connector/cardanoconnect/config.go,Modeled component responsibility,tools.cli.blockchains,https://github.com/hyperledger-firefly/cli/blob/9b868d3326ba4fbadd01c74a36c7e5a92a8c2609/internal/blockchain/cardano/connector/cardanoconnect/config.go
cli,internal/blockchain/cardano/connector/cardanoconnect/docker.go,Modeled component responsibility,tools.cli.blockchains,https://github.com/hyperledger-firefly/cli/blob/9b868d3326ba4fbadd01c74a36c7e5a92a8c2609/internal/blockchain/cardano/connector/cardanoconnect/docker.go
cli,internal/blockchain/cardano/connector/connector_interface.go,Modeled component responsibility,tools.cli.blockchains,https://github.com/hyperledger-firefly/cli/blob/9b868d3326ba4fbadd01c74a36c7e5a92a8c2609/internal/blockchain/cardano/connector/connector_interface.go
cli,internal/blockchain/cardano/remoterpc/remoterpc_provider.go,Modeled component responsibility,tools.cli.blockchains,https://github.com/hyperledger-firefly/cli/blob/9b868d3326ba4fbadd01c74a36c7e5a92a8c2609/internal/blockchain/cardano/remoterpc/remoterpc_provider.go
cli,internal/blockchain/ethereum/accounts.go,Modeled component responsibility,tools.cli.blockchains,https://github.com/hyperledger-firefly/cli/blob/9b868d3326ba4fbadd01c74a36c7e5a92a8c2609/internal/blockchain/ethereum/accounts.go
cli,internal/blockchain/ethereum/accounts_test.go,Test or generated test support,,https://github.com/hyperledger-firefly/cli/blob/9b868d3326ba4fbadd01c74a36c7e5a92a8c2609/internal/blockchain/ethereum/accounts_test.go
cli,internal/blockchain/ethereum/besu/besu_provider.go,Modeled component responsibility,tools.cli.blockchains,https://github.com/hyperledger-firefly/cli/blob/9b868d3326ba4fbadd01c74a36c7e5a92a8c2609/internal/blockchain/ethereum/besu/besu_provider.go
cli,internal/blockchain/ethereum/besu/besu_provider_test.go,Test or generated test support,,https://github.com/hyperledger-firefly/cli/blob/9b868d3326ba4fbadd01c74a36c7e5a92a8c2609/internal/blockchain/ethereum/besu/besu_provider_test.go
cli,internal/blockchain/ethereum/besu/genesis.go,Modeled component responsibility,tools.cli.blockchains,https://github.com/hyperledger-firefly/cli/blob/9b868d3326ba4fbadd01c74a36c7e5a92a8c2609/internal/blockchain/ethereum/besu/genesis.go
cli,internal/blockchain/ethereum/besu/genesis_test.go,Test or generated test support,,https://github.com/hyperledger-firefly/cli/blob/9b868d3326ba4fbadd01c74a36c7e5a92a8c2609/internal/blockchain/ethereum/besu/genesis_test.go
cli,internal/blockchain/ethereum/connector/connector_interface.go,Modeled component responsibility,tools.cli.blockchains,https://github.com/hyperledger-firefly/cli/blob/9b868d3326ba4fbadd01c74a36c7e5a92a8c2609/internal/blockchain/ethereum/connector/connector_interface.go
cli,internal/blockchain/ethereum/connector/ethconnect/client.go,Modeled component responsibility,tools.cli.blockchains,https://github.com/hyperledger-firefly/cli/blob/9b868d3326ba4fbadd01c74a36c7e5a92a8c2609/internal/blockchain/ethereum/connector/ethconnect/client.go
cli,internal/blockchain/ethereum/connector/ethconnect/client_test.go,Test or generated test support,,https://github.com/hyperledger-firefly/cli/blob/9b868d3326ba4fbadd01c74a36c7e5a92a8c2609/internal/blockchain/ethereum/connector/ethconnect/client_test.go
cli,internal/blockchain/ethereum/connector/ethconnect/config.go,Modeled component responsibility,tools.cli.blockchains,https://github.com/hyperledger-firefly/cli/blob/9b868d3326ba4fbadd01c74a36c7e5a92a8c2609/internal/blockchain/ethereum/connector/ethconnect/config.go
cli,internal/blockchain/ethereum/connector/ethconnect/config_test.go,Test or generated test support,,https://github.com/hyperledger-firefly/cli/blob/9b868d3326ba4fbadd01c74a36c7e5a92a8c2609/internal/blockchain/ethereum/connector/ethconnect/config_test.go
cli,internal/blockchain/ethereum/connector/ethconnect/docker.go,Modeled component responsibility,tools.cli.blockchains,https://github.com/hyperledger-firefly/cli/blob/9b868d3326ba4fbadd01c74a36c7e5a92a8c2609/internal/blockchain/ethereum/connector/ethconnect/docker.go
cli,internal/blockchain/ethereum/connector/ethconnect/docker_test.go,Test or generated test support,,https://github.com/hyperledger-firefly/cli/blob/9b868d3326ba4fbadd01c74a36c7e5a92a8c2609/internal/blockchain/ethereum/connector/ethconnect/docker_test.go
cli,internal/blockchain/ethereum/connector/evmconnect/client.go,Modeled component responsibility,tools.cli.blockchains,https://github.com/hyperledger-firefly/cli/blob/9b868d3326ba4fbadd01c74a36c7e5a92a8c2609/internal/blockchain/ethereum/connector/evmconnect/client.go
cli,internal/blockchain/ethereum/connector/evmconnect/client_test.go,Test or generated test support,,https://github.com/hyperledger-firefly/cli/blob/9b868d3326ba4fbadd01c74a36c7e5a92a8c2609/internal/blockchain/ethereum/connector/evmconnect/client_test.go
cli,internal/blockchain/ethereum/connector/evmconnect/config.go,Modeled component responsibility,tools.cli.blockchains,https://github.com/hyperledger-firefly/cli/blob/9b868d3326ba4fbadd01c74a36c7e5a92a8c2609/internal/blockchain/ethereum/connector/evmconnect/config.go
cli,internal/blockchain/ethereum/connector/evmconnect/config_test.go,Test or generated test support,,https://github.com/hyperledger-firefly/cli/blob/9b868d3326ba4fbadd01c74a36c7e5a92a8c2609/internal/blockchain/ethereum/connector/evmconnect/config_test.go
cli,internal/blockchain/ethereum/connector/evmconnect/docker.go,Modeled component responsibility,tools.cli.blockchains,https://github.com/hyperledger-firefly/cli/blob/9b868d3326ba4fbadd01c74a36c7e5a92a8c2609/internal/blockchain/ethereum/connector/evmconnect/docker.go
cli,internal/blockchain/ethereum/connector/evmconnect/docker_test.go,Test or generated test support,,https://github.com/hyperledger-firefly/cli/blob/9b868d3326ba4fbadd01c74a36c7e5a92a8c2609/internal/blockchain/ethereum/connector/evmconnect/docker_test.go
cli,internal/blockchain/ethereum/contracts.go,Modeled component responsibility,tools.cli.blockchains,https://github.com/hyperledger-firefly/cli/blob/9b868d3326ba4fbadd01c74a36c7e5a92a8c2609/internal/blockchain/ethereum/contracts.go
cli,internal/blockchain/ethereum/contracts_test.go,Test or generated test support,,https://github.com/hyperledger-firefly/cli/blob/9b868d3326ba4fbadd01c74a36c7e5a92a8c2609/internal/blockchain/ethereum/contracts_test.go
cli,internal/blockchain/ethereum/ethereum.go,Modeled component responsibility,tools.cli.blockchains,https://github.com/hyperledger-firefly/cli/blob/9b868d3326ba4fbadd01c74a36c7e5a92a8c2609/internal/blockchain/ethereum/ethereum.go
cli,internal/blockchain/ethereum/ethereum_test.go,Test or generated test support,,https://github.com/hyperledger-firefly/cli/blob/9b868d3326ba4fbadd01c74a36c7e5a92a8c2609/internal/blockchain/ethereum/ethereum_test.go
cli,internal/blockchain/ethereum/ethsigner/accounts.go,Modeled component responsibility,tools.cli.blockchains,https://github.com/hyperledger-firefly/cli/blob/9b868d3326ba4fbadd01c74a36c7e5a92a8c2609/internal/blockchain/ethereum/ethsigner/accounts.go
cli,internal/blockchain/ethereum/ethsigner/accounts_test.go,Test or generated test support,,https://github.com/hyperledger-firefly/cli/blob/9b868d3326ba4fbadd01c74a36c7e5a92a8c2609/internal/blockchain/ethereum/ethsigner/accounts_test.go
cli,internal/blockchain/ethereum/ethsigner/config.go,Modeled component responsibility,tools.cli.blockchains,https://github.com/hyperledger-firefly/cli/blob/9b868d3326ba4fbadd01c74a36c7e5a92a8c2609/internal/blockchain/ethereum/ethsigner/config.go
cli,internal/blockchain/ethereum/ethsigner/config_test.go,Test or generated test support,,https://github.com/hyperledger-firefly/cli/blob/9b868d3326ba4fbadd01c74a36c7e5a92a8c2609/internal/blockchain/ethereum/ethsigner/config_test.go
cli,internal/blockchain/ethereum/ethsigner/ethsigner.go,Modeled component responsibility,tools.cli.blockchains,https://github.com/hyperledger-firefly/cli/blob/9b868d3326ba4fbadd01c74a36c7e5a92a8c2609/internal/blockchain/ethereum/ethsigner/ethsigner.go
cli,internal/blockchain/ethereum/ethsigner/ethsigner_test.go,Test or generated test support,,https://github.com/hyperledger-firefly/cli/blob/9b868d3326ba4fbadd01c74a36c7e5a92a8c2609/internal/blockchain/ethereum/ethsigner/ethsigner_test.go
cli,internal/blockchain/ethereum/ethtypes/types.go,Modeled component responsibility,tools.cli.blockchains,https://github.com/hyperledger-firefly/cli/blob/9b868d3326ba4fbadd01c74a36c7e5a92a8c2609/internal/blockchain/ethereum/ethtypes/types.go
cli,internal/blockchain/ethereum/geth/client.go,Modeled component responsibility,tools.cli.blockchains,https://github.com/hyperledger-firefly/cli/blob/9b868d3326ba4fbadd01c74a36c7e5a92a8c2609/internal/blockchain/ethereum/geth/client.go
cli,internal/blockchain/ethereum/geth/genesis.go,Modeled component responsibility,tools.cli.blockchains,https://github.com/hyperledger-firefly/cli/blob/9b868d3326ba4fbadd01c74a36c7e5a92a8c2609/internal/blockchain/ethereum/geth/genesis.go
cli,internal/blockchain/ethereum/geth/genesis_test.go,Test or generated test support,,https://github.com/hyperledger-firefly/cli/blob/9b868d3326ba4fbadd01c74a36c7e5a92a8c2609/internal/blockchain/ethereum/geth/genesis_test.go
cli,internal/blockchain/ethereum/geth/geth_provider.go,Modeled component responsibility,tools.cli.blockchains,https://github.com/hyperledger-firefly/cli/blob/9b868d3326ba4fbadd01c74a36c7e5a92a8c2609/internal/blockchain/ethereum/geth/geth_provider.go
cli,internal/blockchain/ethereum/geth/geth_provider_test.go,Test or generated test support,,https://github.com/hyperledger-firefly/cli/blob/9b868d3326ba4fbadd01c74a36c7e5a92a8c2609/internal/blockchain/ethereum/geth/geth_provider_test.go
cli,internal/blockchain/ethereum/quorum/client.go,Modeled component responsibility,tools.cli.blockchains,https://github.com/hyperledger-firefly/cli/blob/9b868d3326ba4fbadd01c74a36c7e5a92a8c2609/internal/blockchain/ethereum/quorum/client.go
cli,internal/blockchain/ethereum/quorum/client_test.go,Test or generated test support,,https://github.com/hyperledger-firefly/cli/blob/9b868d3326ba4fbadd01c74a36c7e5a92a8c2609/internal/blockchain/ethereum/quorum/client_test.go
cli,internal/blockchain/ethereum/quorum/genesis.go,Modeled component responsibility,tools.cli.blockchains,https://github.com/hyperledger-firefly/cli/blob/9b868d3326ba4fbadd01c74a36c7e5a92a8c2609/internal/blockchain/ethereum/quorum/genesis.go
cli,internal/blockchain/ethereum/quorum/genesis_test.go,Test or generated test support,,https://github.com/hyperledger-firefly/cli/blob/9b868d3326ba4fbadd01c74a36c7e5a92a8c2609/internal/blockchain/ethereum/quorum/genesis_test.go
cli,internal/blockchain/ethereum/quorum/quorum.go,Modeled component responsibility,tools.cli.blockchains,https://github.com/hyperledger-firefly/cli/blob/9b868d3326ba4fbadd01c74a36c7e5a92a8c2609/internal/blockchain/ethereum/quorum/quorum.go
cli,internal/blockchain/ethereum/quorum/quorum_provider.go,Modeled component responsibility,tools.cli.blockchains,https://github.com/hyperledger-firefly/cli/blob/9b868d3326ba4fbadd01c74a36c7e5a92a8c2609/internal/blockchain/ethereum/quorum/quorum_provider.go
cli,internal/blockchain/ethereum/quorum/quorum_provider_test.go,Test or generated test support,,https://github.com/hyperledger-firefly/cli/blob/9b868d3326ba4fbadd01c74a36c7e5a92a8c2609/internal/blockchain/ethereum/quorum/quorum_provider_test.go
cli,internal/blockchain/ethereum/quorum/quorum_test.go,Test or generated test support,,https://github.com/hyperledger-firefly/cli/blob/9b868d3326ba4fbadd01c74a36c7e5a92a8c2609/internal/blockchain/ethereum/quorum/quorum_test.go
cli,internal/blockchain/ethereum/remoterpc/remoterpc_provider.go,Modeled component responsibility,tools.cli.blockchains,https://github.com/hyperledger-firefly/cli/blob/9b868d3326ba4fbadd01c74a36c7e5a92a8c2609/internal/blockchain/ethereum/remoterpc/remoterpc_provider.go
cli,internal/blockchain/ethereum/remoterpc/remoterpc_provider_test.go,Test or generated test support,,https://github.com/hyperledger-firefly/cli/blob/9b868d3326ba4fbadd01c74a36c7e5a92a8c2609/internal/blockchain/ethereum/remoterpc/remoterpc_provider_test.go
cli,internal/blockchain/ethereum/tessera/tessera.go,Modeled component responsibility,tools.cli.blockchains,https://github.com/hyperledger-firefly/cli/blob/9b868d3326ba4fbadd01c74a36c7e5a92a8c2609/internal/blockchain/ethereum/tessera/tessera.go
cli,internal/blockchain/ethereum/tessera/tessera_test.go,Test or generated test support,,https://github.com/hyperledger-firefly/cli/blob/9b868d3326ba4fbadd01c74a36c7e5a92a8c2609/internal/blockchain/ethereum/tessera/tessera_test.go
cli,internal/blockchain/fabric/constants.go,Modeled component responsibility,tools.cli.blockchains,https://github.com/hyperledger-firefly/cli/blob/9b868d3326ba4fbadd01c74a36c7e5a92a8c2609/internal/blockchain/fabric/constants.go
cli,internal/blockchain/fabric/contracts.go,Modeled component responsibility,tools.cli.blockchains,https://github.com/hyperledger-firefly/cli/blob/9b868d3326ba4fbadd01c74a36c7e5a92a8c2609/internal/blockchain/fabric/contracts.go
cli,internal/blockchain/fabric/cryptogen_config.go,Modeled component responsibility,tools.cli.blockchains,https://github.com/hyperledger-firefly/cli/blob/9b868d3326ba4fbadd01c74a36c7e5a92a8c2609/internal/blockchain/fabric/cryptogen_config.go
cli,internal/blockchain/fabric/fabconnect/client.go,Modeled component responsibility,tools.cli.blockchains,https://github.com/hyperledger-firefly/cli/blob/9b868d3326ba4fbadd01c74a36c7e5a92a8c2609/internal/blockchain/fabric/fabconnect/client.go
cli,internal/blockchain/fabric/fabconnect/client_test.go,Test or generated test support,,https://github.com/hyperledger-firefly/cli/blob/9b868d3326ba4fbadd01c74a36c7e5a92a8c2609/internal/blockchain/fabric/fabconnect/client_test.go
cli,internal/blockchain/fabric/fabconnect/fabconnect_config.go,Modeled component responsibility,tools.cli.blockchains,https://github.com/hyperledger-firefly/cli/blob/9b868d3326ba4fbadd01c74a36c7e5a92a8c2609/internal/blockchain/fabric/fabconnect/fabconnect_config.go
cli,internal/blockchain/fabric/fabconnect/fabconnect_config_test.go,Test or generated test support,,https://github.com/hyperledger-firefly/cli/blob/9b868d3326ba4fbadd01c74a36c7e5a92a8c2609/internal/blockchain/fabric/fabconnect/fabconnect_config_test.go
cli,internal/blockchain/fabric/fabric_docker.go,Modeled component responsibility,tools.cli.blockchains,https://github.com/hyperledger-firefly/cli/blob/9b868d3326ba4fbadd01c74a36c7e5a92a8c2609/internal/blockchain/fabric/fabric_docker.go
cli,internal/blockchain/fabric/fabric_docker_test.go,Test or generated test support,,https://github.com/hyperledger-firefly/cli/blob/9b868d3326ba4fbadd01c74a36c7e5a92a8c2609/internal/blockchain/fabric/fabric_docker_test.go
cli,internal/blockchain/fabric/fabric_provider.go,Modeled component responsibility,tools.cli.blockchains,https://github.com/hyperledger-firefly/cli/blob/9b868d3326ba4fbadd01c74a36c7e5a92a8c2609/internal/blockchain/fabric/fabric_provider.go
cli,internal/blockchain/fabric/fabric_provider_test.go,Test or generated test support,,https://github.com/hyperledger-firefly/cli/blob/9b868d3326ba4fbadd01c74a36c7e5a92a8c2609/internal/blockchain/fabric/fabric_provider_test.go
cli,internal/blockchain/fabric/network_config.go,Modeled component responsibility,tools.cli.blockchains,https://github.com/hyperledger-firefly/cli/blob/9b868d3326ba4fbadd01c74a36c7e5a92a8c2609/internal/blockchain/fabric/network_config.go
cli,internal/blockchain/tezos/connector/connector_interface.go,Modeled component responsibility,tools.cli.blockchains,https://github.com/hyperledger-firefly/cli/blob/9b868d3326ba4fbadd01c74a36c7e5a92a8c2609/internal/blockchain/tezos/connector/connector_interface.go
cli,internal/blockchain/tezos/connector/tezosconnect/client.go,Modeled component responsibility,tools.cli.blockchains,https://github.com/hyperledger-firefly/cli/blob/9b868d3326ba4fbadd01c74a36c7e5a92a8c2609/internal/blockchain/tezos/connector/tezosconnect/client.go
cli,internal/blockchain/tezos/connector/tezosconnect/client_test.go,Test or generated test support,,https://github.com/hyperledger-firefly/cli/blob/9b868d3326ba4fbadd01c74a36c7e5a92a8c2609/internal/blockchain/tezos/connector/tezosconnect/client_test.go
cli,internal/blockchain/tezos/connector/tezosconnect/config.go,Modeled component responsibility,tools.cli.blockchains,https://github.com/hyperledger-firefly/cli/blob/9b868d3326ba4fbadd01c74a36c7e5a92a8c2609/internal/blockchain/tezos/connector/tezosconnect/config.go
cli,internal/blockchain/tezos/connector/tezosconnect/config_test.go,Test or generated test support,,https://github.com/hyperledger-firefly/cli/blob/9b868d3326ba4fbadd01c74a36c7e5a92a8c2609/internal/blockchain/tezos/connector/tezosconnect/config_test.go
cli,internal/blockchain/tezos/connector/tezosconnect/docker.go,Modeled component responsibility,tools.cli.blockchains,https://github.com/hyperledger-firefly/cli/blob/9b868d3326ba4fbadd01c74a36c7e5a92a8c2609/internal/blockchain/tezos/connector/tezosconnect/docker.go
cli,internal/blockchain/tezos/connector/tezosconnect/docker_test.go,Test or generated test support,,https://github.com/hyperledger-firefly/cli/blob/9b868d3326ba4fbadd01c74a36c7e5a92a8c2609/internal/blockchain/tezos/connector/tezosconnect/docker_test.go
cli,internal/blockchain/tezos/remoterpc/remoterpc_provider.go,Modeled component responsibility,tools.cli.blockchains,https://github.com/hyperledger-firefly/cli/blob/9b868d3326ba4fbadd01c74a36c7e5a92a8c2609/internal/blockchain/tezos/remoterpc/remoterpc_provider.go
cli,internal/blockchain/tezos/remoterpc/remoterpc_provider_test.go,Test or generated test support,,https://github.com/hyperledger-firefly/cli/blob/9b868d3326ba4fbadd01c74a36c7e5a92a8c2609/internal/blockchain/tezos/remoterpc/remoterpc_provider_test.go
cli,internal/blockchain/tezos/tezos.go,Modeled component responsibility,tools.cli.blockchains,https://github.com/hyperledger-firefly/cli/blob/9b868d3326ba4fbadd01c74a36c7e5a92a8c2609/internal/blockchain/tezos/tezos.go
cli,internal/blockchain/tezos/tezossigner/config.go,Modeled component responsibility,tools.cli.blockchains,https://github.com/hyperledger-firefly/cli/blob/9b868d3326ba4fbadd01c74a36c7e5a92a8c2609/internal/blockchain/tezos/tezossigner/config.go
cli,internal/blockchain/tezos/tezossigner/config_test.go,Test or generated test support,,https://github.com/hyperledger-firefly/cli/blob/9b868d3326ba4fbadd01c74a36c7e5a92a8c2609/internal/blockchain/tezos/tezossigner/config_test.go
cli,internal/blockchain/tezos/tezossigner/tezossigner.go,Modeled component responsibility,tools.cli.blockchains,https://github.com/hyperledger-firefly/cli/blob/9b868d3326ba4fbadd01c74a36c7e5a92a8c2609/internal/blockchain/tezos/tezossigner/tezossigner.go
cli,internal/constants/constants.go,Configuration constants,tools.cli.stacks,https://github.com/hyperledger-firefly/cli/blob/9b868d3326ba4fbadd01c74a36c7e5a92a8c2609/internal/constants/constants.go
cli,internal/core/config.go,Modeled component responsibility,tools.cli.core,https://github.com/hyperledger-firefly/cli/blob/9b868d3326ba4fbadd01c74a36c7e5a92a8c2609/internal/core/config.go
cli,internal/core/http.go,Modeled component responsibility,tools.cli.core,https://github.com/hyperledger-firefly/cli/blob/9b868d3326ba4fbadd01c74a36c7e5a92a8c2609/internal/core/http.go
cli,internal/core/manifest.go,Modeled component responsibility,tools.cli.core,https://github.com/hyperledger-firefly/cli/blob/9b868d3326ba4fbadd01c74a36c7e5a92a8c2609/internal/core/manifest.go
cli,internal/core/manifest_test.go,Test or generated test support,,https://github.com/hyperledger-firefly/cli/blob/9b868d3326ba4fbadd01c74a36c7e5a92a8c2609/internal/core/manifest_test.go
cli,internal/docker/docker.go,Modeled component responsibility,tools.cli.docker,https://github.com/hyperledger-firefly/cli/blob/9b868d3326ba4fbadd01c74a36c7e5a92a8c2609/internal/docker/docker.go
cli,internal/docker/docker_checks.go,Modeled component responsibility,tools.cli.docker,https://github.com/hyperledger-firefly/cli/blob/9b868d3326ba4fbadd01c74a36c7e5a92a8c2609/internal/docker/docker_checks.go
cli,internal/docker/docker_config.go,Modeled component responsibility,tools.cli.docker,https://github.com/hyperledger-firefly/cli/blob/9b868d3326ba4fbadd01c74a36c7e5a92a8c2609/internal/docker/docker_config.go
cli,internal/docker/docker_config_test.go,Test or generated test support,,https://github.com/hyperledger-firefly/cli/blob/9b868d3326ba4fbadd01c74a36c7e5a92a8c2609/internal/docker/docker_config_test.go
cli,internal/docker/docker_manager.go,Modeled component responsibility,tools.cli.docker,https://github.com/hyperledger-firefly/cli/blob/9b868d3326ba4fbadd01c74a36c7e5a92a8c2609/internal/docker/docker_manager.go
cli,internal/docker/mocks/docker_manager.go,Test or generated test support,,https://github.com/hyperledger-firefly/cli/blob/9b868d3326ba4fbadd01c74a36c7e5a92a8c2609/internal/docker/mocks/docker_manager.go
cli,internal/log/log.go,Logging support,tools.cli.stacks,https://github.com/hyperledger-firefly/cli/blob/9b868d3326ba4fbadd01c74a36c7e5a92a8c2609/internal/log/log.go
cli,internal/log/spin.go,Logging support,tools.cli.stacks,https://github.com/hyperledger-firefly/cli/blob/9b868d3326ba4fbadd01c74a36c7e5a92a8c2609/internal/log/spin.go
cli,internal/log/stdout.go,Logging support,tools.cli.stacks,https://github.com/hyperledger-firefly/cli/blob/9b868d3326ba4fbadd01c74a36c7e5a92a8c2609/internal/log/stdout.go
cli,internal/stacks/data_exchange.go,Modeled component responsibility,tools.cli.stacks,https://github.com/hyperledger-firefly/cli/blob/9b868d3326ba4fbadd01c74a36c7e5a92a8c2609/internal/stacks/data_exchange.go
cli,internal/stacks/firefly_identity.go,Modeled component responsibility,tools.cli.stacks,https://github.com/hyperledger-firefly/cli/blob/9b868d3326ba4fbadd01c74a36c7e5a92a8c2609/internal/stacks/firefly_identity.go
cli,internal/stacks/ipfs_config.go,Modeled component responsibility,tools.cli.stacks,https://github.com/hyperledger-firefly/cli/blob/9b868d3326ba4fbadd01c74a36c7e5a92a8c2609/internal/stacks/ipfs_config.go
cli,internal/stacks/prometheus_config.go,Modeled component responsibility,tools.cli.stacks,https://github.com/hyperledger-firefly/cli/blob/9b868d3326ba4fbadd01c74a36c7e5a92a8c2609/internal/stacks/prometheus_config.go
cli,internal/stacks/stack_manager.go,Modeled component responsibility,tools.cli.stacks,https://github.com/hyperledger-firefly/cli/blob/9b868d3326ba4fbadd01c74a36c7e5a92a8c2609/internal/stacks/stack_manager.go
cli,internal/tokens/erc1155/erc1155_provider.go,Modeled component responsibility,tools.cli.tokens,https://github.com/hyperledger-firefly/cli/blob/9b868d3326ba4fbadd01c74a36c7e5a92a8c2609/internal/tokens/erc1155/erc1155_provider.go
cli,internal/tokens/erc20erc721/erc20_erc721_provider.go,Modeled component responsibility,tools.cli.tokens,https://github.com/hyperledger-firefly/cli/blob/9b868d3326ba4fbadd01c74a36c7e5a92a8c2609/internal/tokens/erc20erc721/erc20_erc721_provider.go
cli,internal/tokens/tokens_provider.go,Modeled component responsibility,tools.cli.tokens,https://github.com/hyperledger-firefly/cli/blob/9b868d3326ba4fbadd01c74a36c7e5a92a8c2609/internal/tokens/tokens_provider.go
cli,internal/utils/testing.go,Shared helpers,tools.cli.stacks,https://github.com/hyperledger-firefly/cli/blob/9b868d3326ba4fbadd01c74a36c7e5a92a8c2609/internal/utils/testing.go
cli,pkg/types/contracts.go,CLI manifest types,tools.cli.stacks,https://github.com/hyperledger-firefly/cli/blob/9b868d3326ba4fbadd01c74a36c7e5a92a8c2609/pkg/types/contracts.go
cli,pkg/types/firefly_config.go,CLI manifest types,tools.cli.stacks,https://github.com/hyperledger-firefly/cli/blob/9b868d3326ba4fbadd01c74a36c7e5a92a8c2609/pkg/types/firefly_config.go
cli,pkg/types/hex_address.go,CLI manifest types,tools.cli.stacks,https://github.com/hyperledger-firefly/cli/blob/9b868d3326ba4fbadd01c74a36c7e5a92a8c2609/pkg/types/hex_address.go
cli,pkg/types/manifest.go,CLI manifest types,tools.cli.stacks,https://github.com/hyperledger-firefly/cli/blob/9b868d3326ba4fbadd01c74a36c7e5a92a8c2609/pkg/types/manifest.go
cli,pkg/types/namespace.go,CLI manifest types,tools.cli.stacks,https://github.com/hyperledger-firefly/cli/blob/9b868d3326ba4fbadd01c74a36c7e5a92a8c2609/pkg/types/namespace.go
cli,pkg/types/options.go,CLI manifest types,tools.cli.stacks,https://github.com/hyperledger-firefly/cli/blob/9b868d3326ba4fbadd01c74a36c7e5a92a8c2609/pkg/types/options.go
cli,pkg/types/organization.go,CLI manifest types,tools.cli.stacks,https://github.com/hyperledger-firefly/cli/blob/9b868d3326ba4fbadd01c74a36c7e5a92a8c2609/pkg/types/organization.go
cli,pkg/types/stack.go,CLI manifest types,tools.cli.stacks,https://github.com/hyperledger-firefly/cli/blob/9b868d3326ba4fbadd01c74a36c7e5a92a8c2609/pkg/types/stack.go
cli,pkg/types/stackState.go,CLI manifest types,tools.cli.stacks,https://github.com/hyperledger-firefly/cli/blob/9b868d3326ba4fbadd01c74a36c7e5a92a8c2609/pkg/types/stackState.go
perf,cmd/root.go,Modeled component responsibility,tools.perf.commands,https://github.com/hyperledger-firefly/perf-cli/blob/3d3ec0242b23b30fea41362eb60f0c190dfedde9/cmd/root.go
perf,cmd/run.go,Modeled component responsibility,tools.perf.commands,https://github.com/hyperledger-firefly/perf-cli/blob/3d3ec0242b23b30fea41362eb60f0c190dfedde9/cmd/run.go
perf,cmd/version.go,Modeled component responsibility,tools.perf.commands,https://github.com/hyperledger-firefly/perf-cli/blob/3d3ec0242b23b30fea41362eb60f0c190dfedde9/cmd/version.go
perf,ffperf/main.go,Executable bootstrap,tools.perf.commands,https://github.com/hyperledger-firefly/perf-cli/blob/3d3ec0242b23b30fea41362eb60f0c190dfedde9/ffperf/main.go
perf,internal/conf/conf.go,Workload configuration,tools.perf.runner,https://github.com/hyperledger-firefly/perf-cli/blob/3d3ec0242b23b30fea41362eb60f0c190dfedde9/internal/conf/conf.go
perf,internal/perf/blob_broadcast_msg.go,Modeled component responsibility,tools.perf.runner,https://github.com/hyperledger-firefly/perf-cli/blob/3d3ec0242b23b30fea41362eb60f0c190dfedde9/internal/perf/blob_broadcast_msg.go
perf,internal/perf/blob_private_msg.go,Modeled component responsibility,tools.perf.runner,https://github.com/hyperledger-firefly/perf-cli/blob/3d3ec0242b23b30fea41362eb60f0c190dfedde9/internal/perf/blob_private_msg.go
perf,internal/perf/broadcast_msg.go,Modeled component responsibility,tools.perf.runner,https://github.com/hyperledger-firefly/perf-cli/blob/3d3ec0242b23b30fea41362eb60f0c190dfedde9/internal/perf/broadcast_msg.go
perf,internal/perf/custom_ethereum_contract.go,Modeled component responsibility,tools.perf.runner,https://github.com/hyperledger-firefly/perf-cli/blob/3d3ec0242b23b30fea41362eb60f0c190dfedde9/internal/perf/custom_ethereum_contract.go
perf,internal/perf/custom_fabric_contract.go,Modeled component responsibility,tools.perf.runner,https://github.com/hyperledger-firefly/perf-cli/blob/3d3ec0242b23b30fea41362eb60f0c190dfedde9/internal/perf/custom_fabric_contract.go
perf,internal/perf/erc20transfer.go,Modeled component responsibility,tools.perf.runner,https://github.com/hyperledger-firefly/perf-cli/blob/3d3ec0242b23b30fea41362eb60f0c190dfedde9/internal/perf/erc20transfer.go
perf,internal/perf/perf.go,Modeled component responsibility,tools.perf.runner,https://github.com/hyperledger-firefly/perf-cli/blob/3d3ec0242b23b30fea41362eb60f0c190dfedde9/internal/perf/perf.go
perf,internal/perf/private_msg.go,Modeled component responsibility,tools.perf.runner,https://github.com/hyperledger-firefly/perf-cli/blob/3d3ec0242b23b30fea41362eb60f0c190dfedde9/internal/perf/private_msg.go
perf,internal/perf/test_base.go,Modeled component responsibility,tools.perf.runner,https://github.com/hyperledger-firefly/perf-cli/blob/3d3ec0242b23b30fea41362eb60f0c190dfedde9/internal/perf/test_base.go
perf,internal/perf/token_mint.go,Modeled component responsibility,tools.perf.runner,https://github.com/hyperledger-firefly/perf-cli/blob/3d3ec0242b23b30fea41362eb60f0c190dfedde9/internal/perf/token_mint.go
perf,internal/perf/token_pool.go,Modeled component responsibility,tools.perf.runner,https://github.com/hyperledger-firefly/perf-cli/blob/3d3ec0242b23b30fea41362eb60f0c190dfedde9/internal/perf/token_pool.go
perf,internal/server/server.go,Modeled component responsibility,tools.perf.server,https://github.com/hyperledger-firefly/perf-cli/blob/3d3ec0242b23b30fea41362eb60f0c190dfedde9/internal/server/server.go
perf,internal/types/manifest.go,Workload types,tools.perf.runner,https://github.com/hyperledger-firefly/perf-cli/blob/3d3ec0242b23b30fea41362eb60f0c190dfedde9/internal/types/manifest.go
perf,internal/types/stack.go,Workload types,tools.perf.runner,https://github.com/hyperledger-firefly/perf-cli/blob/3d3ec0242b23b30fea41362eb60f0c190dfedde9/internal/types/stack.go
perf,internal/util/report_builder.go,Modeled component responsibility,tools.perf.report,https://github.com/hyperledger-firefly/perf-cli/blob/3d3ec0242b23b30fea41362eb60f0c190dfedde9/internal/util/report_builder.go
perf,internal/version/version.go,Build metadata,tools.perf.commands,https://github.com/hyperledger-firefly/perf-cli/blob/3d3ec0242b23b30fea41362eb60f0c190dfedde9/internal/version/version.go
perf,smart_contracts/fabric/chaincode-typescript/src/asset.ts,Benchmark contracts,tools.perf.runner,https://github.com/hyperledger-firefly/perf-cli/blob/3d3ec0242b23b30fea41362eb60f0c190dfedde9/smart_contracts/fabric/chaincode-typescript/src/asset.ts
perf,smart_contracts/fabric/chaincode-typescript/src/assetTransfer.ts,Benchmark contracts,tools.perf.runner,https://github.com/hyperledger-firefly/perf-cli/blob/3d3ec0242b23b30fea41362eb60f0c190dfedde9/smart_contracts/fabric/chaincode-typescript/src/assetTransfer.ts
perf,smart_contracts/fabric/chaincode-typescript/src/index.ts,Benchmark contracts,tools.perf.runner,https://github.com/hyperledger-firefly/perf-cli/blob/3d3ec0242b23b30fea41362eb60f0c190dfedde9/smart_contracts/fabric/chaincode-typescript/src/index.ts
sdk,examples/datatypes/index.ts,SDK examples,tools.sandbox.sdk,https://github.com/hyperledger-firefly/sdk-nodejs/blob/c4e813bc611ff2c6222ff84adf1cceabfd929172/examples/datatypes/index.ts
sdk,examples/messages/index.ts,SDK examples,tools.sandbox.sdk,https://github.com/hyperledger-firefly/sdk-nodejs/blob/c4e813bc611ff2c6222ff84adf1cceabfd929172/examples/messages/index.ts
sdk,examples/websocket/index.ts,SDK examples,tools.sandbox.sdk,https://github.com/hyperledger-firefly/sdk-nodejs/blob/c4e813bc611ff2c6222ff84adf1cceabfd929172/examples/websocket/index.ts
sdk,lib/firefly.ts,Modeled component responsibility,tools.sandbox.sdk,https://github.com/hyperledger-firefly/sdk-nodejs/blob/c4e813bc611ff2c6222ff84adf1cceabfd929172/lib/firefly.ts
sdk,lib/http.ts,Modeled component responsibility,tools.sandbox.sdkHttp,https://github.com/hyperledger-firefly/sdk-nodejs/blob/c4e813bc611ff2c6222ff84adf1cceabfd929172/lib/http.ts
sdk,lib/index.ts,"Embedded SDK interfaces, validation and logging",tools.sandbox.sdk,https://github.com/hyperledger-firefly/sdk-nodejs/blob/c4e813bc611ff2c6222ff84adf1cceabfd929172/lib/index.ts
sdk,lib/interfaces.ts,"Embedded SDK interfaces, validation and logging",tools.sandbox.sdk,https://github.com/hyperledger-firefly/sdk-nodejs/blob/c4e813bc611ff2c6222ff84adf1cceabfd929172/lib/interfaces.ts
sdk,lib/logger.ts,"Embedded SDK interfaces, validation and logging",tools.sandbox.sdk,https://github.com/hyperledger-firefly/sdk-nodejs/blob/c4e813bc611ff2c6222ff84adf1cceabfd929172/lib/logger.ts
sdk,lib/schema.ts,"Embedded SDK interfaces, validation and logging",tools.sandbox.sdk,https://github.com/hyperledger-firefly/sdk-nodejs/blob/c4e813bc611ff2c6222ff84adf1cceabfd929172/lib/schema.ts
sdk,lib/websocket.ts,Modeled component responsibility,tools.sandbox.sdkEvents,https://github.com/hyperledger-firefly/sdk-nodejs/blob/c4e813bc611ff2c6222ff84adf1cceabfd929172/lib/websocket.ts
sdk,test/logger.ts,Test or generated test support,,https://github.com/hyperledger-firefly/sdk-nodejs/blob/c4e813bc611ff2c6222ff84adf1cceabfd929172/test/logger.ts
dx,src/app.ts,Runtime initialization,firefly.dx.api,https://github.com/hyperledger-firefly/dataexchange-https/blob/b6a212d531da1ff1c24e762e7156e2593c73d052/src/app.ts
dx,src/custom.d.ts,Type declarations,firefly.dx.api,https://github.com/hyperledger-firefly/dataexchange-https/blob/b6a212d531da1ff1c24e762e7156e2593c73d052/src/custom.d.ts
dx,src/handlers/blobs.ts,Modeled component responsibility,firefly.dx.blobs,https://github.com/hyperledger-firefly/dataexchange-https/blob/b6a212d531da1ff1c24e762e7156e2593c73d052/src/handlers/blobs.ts
dx,src/handlers/events.ts,Modeled component responsibility,firefly.dx.events,https://github.com/hyperledger-firefly/dataexchange-https/blob/b6a212d531da1ff1c24e762e7156e2593c73d052/src/handlers/events.ts
dx,src/handlers/messages.ts,Modeled component responsibility,firefly.dx.messages,https://github.com/hyperledger-firefly/dataexchange-https/blob/b6a212d531da1ff1c24e762e7156e2593c73d052/src/handlers/messages.ts
dx,src/index.ts,Process entrypoint,firefly.dx.api,https://github.com/hyperledger-firefly/dataexchange-https/blob/b6a212d531da1ff1c24e762e7156e2593c73d052/src/index.ts
dx,src/lib/cert.ts,Modeled component responsibility,firefly.dx.peers,https://github.com/hyperledger-firefly/dataexchange-https/blob/b6a212d531da1ff1c24e762e7156e2593c73d052/src/lib/cert.ts
dx,src/lib/config.ts,Modeled component responsibility,firefly.dx.peers,https://github.com/hyperledger-firefly/dataexchange-https/blob/b6a212d531da1ff1c24e762e7156e2593c73d052/src/lib/config.ts
dx,src/lib/interfaces.ts,Modeled component responsibility,firefly.dx.peers,https://github.com/hyperledger-firefly/dataexchange-https/blob/b6a212d531da1ff1c24e762e7156e2593c73d052/src/lib/interfaces.ts
dx,src/lib/logger.ts,Modeled component responsibility,firefly.dx.peers,https://github.com/hyperledger-firefly/dataexchange-https/blob/b6a212d531da1ff1c24e762e7156e2593c73d052/src/lib/logger.ts
dx,src/lib/request-error.ts,Modeled component responsibility,firefly.dx.peers,https://github.com/hyperledger-firefly/dataexchange-https/blob/b6a212d531da1ff1c24e762e7156e2593c73d052/src/lib/request-error.ts
dx,src/lib/utils.ts,Modeled component responsibility,firefly.dx.peers,https://github.com/hyperledger-firefly/dataexchange-https/blob/b6a212d531da1ff1c24e762e7156e2593c73d052/src/lib/utils.ts
dx,src/routers/api.ts,Modeled component responsibility,firefly.dx.api,https://github.com/hyperledger-firefly/dataexchange-https/blob/b6a212d531da1ff1c24e762e7156e2593c73d052/src/routers/api.ts
dx,src/routers/p2p.ts,Modeled component responsibility,firefly.dx.p2p,https://github.com/hyperledger-firefly/dataexchange-https/blob/b6a212d531da1ff1c24e762e7156e2593c73d052/src/routers/p2p.ts
dx,test/app.test.ts,Test or generated test support,,https://github.com/hyperledger-firefly/dataexchange-https/blob/b6a212d531da1ff1c24e762e7156e2593c73d052/test/app.test.ts
dx,test/handlers/events.test.ts,Test or generated test support,,https://github.com/hyperledger-firefly/dataexchange-https/blob/b6a212d531da1ff1c24e762e7156e2593c73d052/test/handlers/events.test.ts
sandbox,server/jest.config.ts,Build/test configuration,,https://github.com/hyperledger-firefly/sandbox/blob/ef7f240b8acf9c79c8fdf5a8bccb73e9de482069/server/jest.config.ts
sandbox,server/src/clients/fireflySDKWrapper.ts,Modeled component responsibility,tools.sandbox.backend,https://github.com/hyperledger-firefly/sandbox/blob/ef7f240b8acf9c79c8fdf5a8bccb73e9de482069/server/src/clients/fireflySDKWrapper.ts
sandbox,server/src/controllers/common.ts,Modeled component responsibility,tools.sandbox.backend,https://github.com/hyperledger-firefly/sandbox/blob/ef7f240b8acf9c79c8fdf5a8bccb73e9de482069/server/src/controllers/common.ts
sandbox,server/src/controllers/contracts.ts,Modeled component responsibility,tools.sandbox.backend,https://github.com/hyperledger-firefly/sandbox/blob/ef7f240b8acf9c79c8fdf5a8bccb73e9de482069/server/src/controllers/contracts.ts
sandbox,server/src/controllers/datatypes.ts,Modeled component responsibility,tools.sandbox.backend,https://github.com/hyperledger-firefly/sandbox/blob/ef7f240b8acf9c79c8fdf5a8bccb73e9de482069/server/src/controllers/datatypes.ts
sandbox,server/src/controllers/messages.ts,Modeled component responsibility,tools.sandbox.backend,https://github.com/hyperledger-firefly/sandbox/blob/ef7f240b8acf9c79c8fdf5a8bccb73e9de482069/server/src/controllers/messages.ts
sandbox,server/src/controllers/tokens.ts,Modeled component responsibility,tools.sandbox.backend,https://github.com/hyperledger-firefly/sandbox/blob/ef7f240b8acf9c79c8fdf5a8bccb73e9de482069/server/src/controllers/tokens.ts
sandbox,server/src/controllers/websocket.ts,Modeled component responsibility,tools.sandbox.backend,https://github.com/hyperledger-firefly/sandbox/blob/ef7f240b8acf9c79c8fdf5a8bccb73e9de482069/server/src/controllers/websocket.ts
sandbox,server/src/enums.ts,Modeled component responsibility,tools.sandbox.backend,https://github.com/hyperledger-firefly/sandbox/blob/ef7f240b8acf9c79c8fdf5a8bccb73e9de482069/server/src/enums.ts
sandbox,server/src/index.ts,Modeled component responsibility,tools.sandbox.backend,https://github.com/hyperledger-firefly/sandbox/blob/ef7f240b8acf9c79c8fdf5a8bccb73e9de482069/server/src/index.ts
sandbox,server/src/interfaces.ts,Modeled component responsibility,tools.sandbox.backend,https://github.com/hyperledger-firefly/sandbox/blob/ef7f240b8acf9c79c8fdf5a8bccb73e9de482069/server/src/interfaces.ts
sandbox,server/src/logger.ts,Modeled component responsibility,tools.sandbox.backend,https://github.com/hyperledger-firefly/sandbox/blob/ef7f240b8acf9c79c8fdf5a8bccb73e9de482069/server/src/logger.ts
sandbox,server/src/server.ts,Modeled component responsibility,tools.sandbox.backend,https://github.com/hyperledger-firefly/sandbox/blob/ef7f240b8acf9c79c8fdf5a8bccb73e9de482069/server/src/server.ts
sandbox,server/src/utils.ts,Modeled component responsibility,tools.sandbox.backend,https://github.com/hyperledger-firefly/sandbox/blob/ef7f240b8acf9c79c8fdf5a8bccb73e9de482069/server/src/utils.ts
sandbox,server/test/common.test.ts,Test or generated test support,,https://github.com/hyperledger-firefly/sandbox/blob/ef7f240b8acf9c79c8fdf5a8bccb73e9de482069/server/test/common.test.ts
sandbox,server/test/contracts.template.test.ts,Test or generated test support,,https://github.com/hyperledger-firefly/sandbox/blob/ef7f240b8acf9c79c8fdf5a8bccb73e9de482069/server/test/contracts.template.test.ts
sandbox,server/test/contracts.test.ts,Test or generated test support,,https://github.com/hyperledger-firefly/sandbox/blob/ef7f240b8acf9c79c8fdf5a8bccb73e9de482069/server/test/contracts.test.ts
sandbox,server/test/datatypes.template.test.ts,Test or generated test support,,https://github.com/hyperledger-firefly/sandbox/blob/ef7f240b8acf9c79c8fdf5a8bccb73e9de482069/server/test/datatypes.template.test.ts
sandbox,server/test/datatypes.test.ts,Test or generated test support,,https://github.com/hyperledger-firefly/sandbox/blob/ef7f240b8acf9c79c8fdf5a8bccb73e9de482069/server/test/datatypes.test.ts
sandbox,server/test/messages.template.test.ts,Test or generated test support,,https://github.com/hyperledger-firefly/sandbox/blob/ef7f240b8acf9c79c8fdf5a8bccb73e9de482069/server/test/messages.template.test.ts
sandbox,server/test/messages.test.ts,Test or generated test support,,https://github.com/hyperledger-firefly/sandbox/blob/ef7f240b8acf9c79c8fdf5a8bccb73e9de482069/server/test/messages.test.ts
sandbox,server/test/tokens.template.test.ts,Test or generated test support,,https://github.com/hyperledger-firefly/sandbox/blob/ef7f240b8acf9c79c8fdf5a8bccb73e9de482069/server/test/tokens.template.test.ts
sandbox,server/test/tokens.test.ts,Test or generated test support,,https://github.com/hyperledger-firefly/sandbox/blob/ef7f240b8acf9c79c8fdf5a8bccb73e9de482069/server/test/tokens.test.ts
sandbox,ui/jest.config.ts,Build/test configuration,,https://github.com/hyperledger-firefly/sandbox/blob/ef7f240b8acf9c79c8fdf5a8bccb73e9de482069/ui/jest.config.ts
sandbox,ui/src/App.tsx,Modeled component responsibility,tools.sandboxUi.app,https://github.com/hyperledger-firefly/sandbox/blob/ef7f240b8acf9c79c8fdf5a8bccb73e9de482069/ui/src/App.tsx
sandbox,ui/src/AppWrapper.tsx,Modeled component responsibility,tools.sandboxUi.app,https://github.com/hyperledger-firefly/sandbox/blob/ef7f240b8acf9c79c8fdf5a8bccb73e9de482069/ui/src/AppWrapper.tsx
sandbox,ui/src/components/Accordion/EventAccordionHeader.tsx,Modeled component responsibility,tools.sandboxUi.app,https://github.com/hyperledger-firefly/sandbox/blob/ef7f240b8acf9c79c8fdf5a8bccb73e9de482069/ui/src/components/Accordion/EventAccordionHeader.tsx
sandbox,ui/src/components/Accordion/FFAccordionHeader.tsx,Modeled component responsibility,tools.sandboxUi.app,https://github.com/hyperledger-firefly/sandbox/blob/ef7f240b8acf9c79c8fdf5a8bccb73e9de482069/ui/src/components/Accordion/FFAccordionHeader.tsx
sandbox,ui/src/components/Accordion/FFAccordionText.tsx,Modeled component responsibility,tools.sandboxUi.app,https://github.com/hyperledger-firefly/sandbox/blob/ef7f240b8acf9c79c8fdf5a8bccb73e9de482069/ui/src/components/Accordion/FFAccordionText.tsx
sandbox,ui/src/components/Accordion/TransactionAccordion.tsx,Modeled component responsibility,tools.sandboxUi.app,https://github.com/hyperledger-firefly/sandbox/blob/ef7f240b8acf9c79c8fdf5a8bccb73e9de482069/ui/src/components/Accordion/TransactionAccordion.tsx
sandbox,ui/src/components/Boxes/ContractStateBox.tsx,Modeled component responsibility,tools.sandboxUi.app,https://github.com/hyperledger-firefly/sandbox/blob/ef7f240b8acf9c79c8fdf5a8bccb73e9de482069/ui/src/components/Boxes/ContractStateBox.tsx
sandbox,ui/src/components/Boxes/FFCodeSnippet.tsx,Modeled component responsibility,tools.sandboxUi.app,https://github.com/hyperledger-firefly/sandbox/blob/ef7f240b8acf9c79c8fdf5a8bccb73e9de482069/ui/src/components/Boxes/FFCodeSnippet.tsx
sandbox,ui/src/components/Boxes/FFStateBox.tsx,Modeled component responsibility,tools.sandboxUi.app,https://github.com/hyperledger-firefly/sandbox/blob/ef7f240b8acf9c79c8fdf5a8bccb73e9de482069/ui/src/components/Boxes/FFStateBox.tsx
sandbox,ui/src/components/Boxes/TokenStateBox.tsx,Modeled component responsibility,tools.sandboxUi.app,https://github.com/hyperledger-firefly/sandbox/blob/ef7f240b8acf9c79c8fdf5a8bccb73e9de482069/ui/src/components/Boxes/TokenStateBox.tsx
sandbox,ui/src/components/Buttons/DownloadButton.tsx,Modeled component responsibility,tools.sandboxUi.app,https://github.com/hyperledger-firefly/sandbox/blob/ef7f240b8acf9c79c8fdf5a8bccb73e9de482069/ui/src/components/Buttons/DownloadButton.tsx
sandbox,ui/src/components/Buttons/MessageTypeGroup.tsx,Modeled component responsibility,tools.sandboxUi.app,https://github.com/hyperledger-firefly/sandbox/blob/ef7f240b8acf9c79c8fdf5a8bccb73e9de482069/ui/src/components/Buttons/MessageTypeGroup.tsx
sandbox,ui/src/components/Buttons/RunButton.tsx,Modeled component responsibility,tools.sandboxUi.app,https://github.com/hyperledger-firefly/sandbox/blob/ef7f240b8acf9c79c8fdf5a8bccb73e9de482069/ui/src/components/Buttons/RunButton.tsx
sandbox,ui/src/components/Forms/Contracts/DefineInterfaceForm.tsx,Modeled component responsibility,tools.sandboxUi.app,https://github.com/hyperledger-firefly/sandbox/blob/ef7f240b8acf9c79c8fdf5a8bccb73e9de482069/ui/src/components/Forms/Contracts/DefineInterfaceForm.tsx
sandbox,ui/src/components/Forms/Contracts/DefineInterfaceHelperText.tsx,Modeled component responsibility,tools.sandboxUi.app,https://github.com/hyperledger-firefly/sandbox/blob/ef7f240b8acf9c79c8fdf5a8bccb73e9de482069/ui/src/components/Forms/Contracts/DefineInterfaceHelperText.tsx
sandbox,ui/src/components/Forms/Contracts/DeployContractForm.tsx,Modeled component responsibility,tools.sandboxUi.app,https://github.com/hyperledger-firefly/sandbox/blob/ef7f240b8acf9c79c8fdf5a8bccb73e9de482069/ui/src/components/Forms/Contracts/DeployContractForm.tsx
sandbox,ui/src/components/Forms/Contracts/DeployContractStepper.tsx,Modeled component responsibility,tools.sandboxUi.app,https://github.com/hyperledger-firefly/sandbox/blob/ef7f240b8acf9c79c8fdf5a8bccb73e9de482069/ui/src/components/Forms/Contracts/DeployContractStepper.tsx
sandbox,ui/src/components/Forms/Contracts/RegisterContractApiForm.tsx,Modeled component responsibility,tools.sandboxUi.app,https://github.com/hyperledger-firefly/sandbox/blob/ef7f240b8acf9c79c8fdf5a8bccb73e9de482069/ui/src/components/Forms/Contracts/RegisterContractApiForm.tsx
sandbox,ui/src/components/Forms/Contracts/RegisterContractApiListenerForm.tsx,Modeled component responsibility,tools.sandboxUi.app,https://github.com/hyperledger-firefly/sandbox/blob/ef7f240b8acf9c79c8fdf5a8bccb73e9de482069/ui/src/components/Forms/Contracts/RegisterContractApiListenerForm.tsx
sandbox,ui/src/components/Forms/Messages/BroadcastForm.tsx,Modeled component responsibility,tools.sandboxUi.app,https://github.com/hyperledger-firefly/sandbox/blob/ef7f240b8acf9c79c8fdf5a8bccb73e9de482069/ui/src/components/Forms/Messages/BroadcastForm.tsx
sandbox,ui/src/components/Forms/Messages/DatatypeForm.tsx,Modeled component responsibility,tools.sandboxUi.app,https://github.com/hyperledger-firefly/sandbox/blob/ef7f240b8acf9c79c8fdf5a8bccb73e9de482069/ui/src/components/Forms/Messages/DatatypeForm.tsx
sandbox,ui/src/components/Forms/Messages/PrivateForm.tsx,Modeled component responsibility,tools.sandboxUi.app,https://github.com/hyperledger-firefly/sandbox/blob/ef7f240b8acf9c79c8fdf5a8bccb73e9de482069/ui/src/components/Forms/Messages/PrivateForm.tsx
sandbox,ui/src/components/Forms/Tokens/BurnForm.tsx,Modeled component responsibility,tools.sandboxUi.app,https://github.com/hyperledger-firefly/sandbox/blob/ef7f240b8acf9c79c8fdf5a8bccb73e9de482069/ui/src/components/Forms/Tokens/BurnForm.tsx
sandbox,ui/src/components/Forms/Tokens/MessageForm.tsx,Modeled component responsibility,tools.sandboxUi.app,https://github.com/hyperledger-firefly/sandbox/blob/ef7f240b8acf9c79c8fdf5a8bccb73e9de482069/ui/src/components/Forms/Tokens/MessageForm.tsx
sandbox,ui/src/components/Forms/Tokens/MintForm.tsx,Modeled component responsibility,tools.sandboxUi.app,https://github.com/hyperledger-firefly/sandbox/blob/ef7f240b8acf9c79c8fdf5a8bccb73e9de482069/ui/src/components/Forms/Tokens/MintForm.tsx
sandbox,ui/src/components/Forms/Tokens/PoolForm.tsx,Modeled component responsibility,tools.sandboxUi.app,https://github.com/hyperledger-firefly/sandbox/blob/ef7f240b8acf9c79c8fdf5a8bccb73e9de482069/ui/src/components/Forms/Tokens/PoolForm.tsx
sandbox,ui/src/components/Forms/Tokens/TransferForm.tsx,Modeled component responsibility,tools.sandboxUi.app,https://github.com/hyperledger-firefly/sandbox/blob/ef7f240b8acf9c79c8fdf5a8bccb73e9de482069/ui/src/components/Forms/Tokens/TransferForm.tsx
sandbox,ui/src/components/Header.tsx,Modeled component responsibility,tools.sandboxUi.app,https://github.com/hyperledger-firefly/sandbox/blob/ef7f240b8acf9c79c8fdf5a8bccb73e9de482069/ui/src/components/Header.tsx
sandbox,ui/src/components/Lists/FFListItem.tsx,Modeled component responsibility,tools.sandboxUi.app,https://github.com/hyperledger-firefly/sandbox/blob/ef7f240b8acf9c79c8fdf5a8bccb73e9de482069/ui/src/components/Lists/FFListItem.tsx
sandbox,ui/src/components/Lists/FFListText.tsx,Modeled component responsibility,tools.sandboxUi.app,https://github.com/hyperledger-firefly/sandbox/blob/ef7f240b8acf9c79c8fdf5a8bccb73e9de482069/ui/src/components/Lists/FFListText.tsx
sandbox,ui/src/components/Loaders/FFLinearProgress.tsx,Modeled component responsibility,tools.sandboxUi.app,https://github.com/hyperledger-firefly/sandbox/blob/ef7f240b8acf9c79c8fdf5a8bccb73e9de482069/ui/src/components/Loaders/FFLinearProgress.tsx
sandbox,ui/src/components/Loaders/FFSkeleton.tsx,Modeled component responsibility,tools.sandboxUi.app,https://github.com/hyperledger-firefly/sandbox/blob/ef7f240b8acf9c79c8fdf5a8bccb73e9de482069/ui/src/components/Loaders/FFSkeleton.tsx
sandbox,ui/src/components/Logos/MenuLogo.tsx,Modeled component responsibility,tools.sandboxUi.app,https://github.com/hyperledger-firefly/sandbox/blob/ef7f240b8acf9c79c8fdf5a8bccb73e9de482069/ui/src/components/Logos/MenuLogo.tsx
sandbox,ui/src/components/Menus/FFMenuItem.tsx,Modeled component responsibility,tools.sandboxUi.app,https://github.com/hyperledger-firefly/sandbox/blob/ef7f240b8acf9c79c8fdf5a8bccb73e9de482069/ui/src/components/Menus/FFMenuItem.tsx
sandbox,ui/src/components/Modals/InstructionModal.tsx,Modeled component responsibility,tools.sandboxUi.app,https://github.com/hyperledger-firefly/sandbox/blob/ef7f240b8acf9c79c8fdf5a8bccb73e9de482069/ui/src/components/Modals/InstructionModal.tsx
sandbox,ui/src/components/Panels/FFPanelHeader.tsx,Modeled component responsibility,tools.sandboxUi.app,https://github.com/hyperledger-firefly/sandbox/blob/ef7f240b8acf9c79c8fdf5a8bccb73e9de482069/ui/src/components/Panels/FFPanelHeader.tsx
sandbox,ui/src/components/Panels/FFVerticalPanel.tsx,Modeled component responsibility,tools.sandboxUi.app,https://github.com/hyperledger-firefly/sandbox/blob/ef7f240b8acf9c79c8fdf5a8bccb73e9de482069/ui/src/components/Panels/FFVerticalPanel.tsx
sandbox,ui/src/components/Popovers/HashPopover.tsx,Modeled component responsibility,tools.sandboxUi.app,https://github.com/hyperledger-firefly/sandbox/blob/ef7f240b8acf9c79c8fdf5a8bccb73e9de482069/ui/src/components/Popovers/HashPopover.tsx
sandbox,ui/src/components/Router.tsx,Modeled component responsibility,tools.sandboxUi.app,https://github.com/hyperledger-firefly/sandbox/blob/ef7f240b8acf9c79c8fdf5a8bccb73e9de482069/ui/src/components/Router.tsx
sandbox,ui/src/components/Snackbar/MessageSnackbar.tsx,Modeled component responsibility,tools.sandboxUi.app,https://github.com/hyperledger-firefly/sandbox/blob/ef7f240b8acf9c79c8fdf5a8bccb73e9de482069/ui/src/components/Snackbar/MessageSnackbar.tsx
sandbox,ui/src/constants/ResourceUrls.ts,Modeled component responsibility,tools.sandboxUi.app,https://github.com/hyperledger-firefly/sandbox/blob/ef7f240b8acf9c79c8fdf5a8bccb73e9de482069/ui/src/constants/ResourceUrls.ts
sandbox,ui/src/constants/SDK_PATHS.ts,Modeled component responsibility,tools.sandboxUi.app,https://github.com/hyperledger-firefly/sandbox/blob/ef7f240b8acf9c79c8fdf5a8bccb73e9de482069/ui/src/constants/SDK_PATHS.ts
sandbox,ui/src/constants/TutorialSections.tsx,Modeled component responsibility,tools.sandboxUi.app,https://github.com/hyperledger-firefly/sandbox/blob/ef7f240b8acf9c79c8fdf5a8bccb73e9de482069/ui/src/constants/TutorialSections.tsx
sandbox,ui/src/contexts/ApplicationContext.tsx,Modeled component responsibility,tools.sandboxUi.app,https://github.com/hyperledger-firefly/sandbox/blob/ef7f240b8acf9c79c8fdf5a8bccb73e9de482069/ui/src/contexts/ApplicationContext.tsx
sandbox,ui/src/contexts/EventContext.tsx,Modeled component responsibility,tools.sandboxUi.app,https://github.com/hyperledger-firefly/sandbox/blob/ef7f240b8acf9c79c8fdf5a8bccb73e9de482069/ui/src/contexts/EventContext.tsx
sandbox,ui/src/contexts/FormContext.tsx,Modeled component responsibility,tools.sandboxUi.app,https://github.com/hyperledger-firefly/sandbox/blob/ef7f240b8acf9c79c8fdf5a8bccb73e9de482069/ui/src/contexts/FormContext.tsx
sandbox,ui/src/contexts/SnackbarContext.tsx,Modeled component responsibility,tools.sandboxUi.app,https://github.com/hyperledger-firefly/sandbox/blob/ef7f240b8acf9c79c8fdf5a8bccb73e9de482069/ui/src/contexts/SnackbarContext.tsx
sandbox,ui/src/enums/enums.tsx,Modeled component responsibility,tools.sandboxUi.app,https://github.com/hyperledger-firefly/sandbox/blob/ef7f240b8acf9c79c8fdf5a8bccb73e9de482069/ui/src/enums/enums.tsx
sandbox,ui/src/ff_models/eventTypes.tsx,Modeled component responsibility,tools.sandboxUi.app,https://github.com/hyperledger-firefly/sandbox/blob/ef7f240b8acf9c79c8fdf5a8bccb73e9de482069/ui/src/ff_models/eventTypes.tsx
sandbox,ui/src/ff_models/messageTypes.ts,Modeled component responsibility,tools.sandboxUi.app,https://github.com/hyperledger-firefly/sandbox/blob/ef7f240b8acf9c79c8fdf5a8bccb73e9de482069/ui/src/ff_models/messageTypes.ts
sandbox,ui/src/ff_models/operationTypes.ts,Modeled component responsibility,tools.sandboxUi.app,https://github.com/hyperledger-firefly/sandbox/blob/ef7f240b8acf9c79c8fdf5a8bccb73e9de482069/ui/src/ff_models/operationTypes.ts
sandbox,ui/src/ff_models/transactionTypes.ts,Modeled component responsibility,tools.sandboxUi.app,https://github.com/hyperledger-firefly/sandbox/blob/ef7f240b8acf9c79c8fdf5a8bccb73e9de482069/ui/src/ff_models/transactionTypes.ts
sandbox,ui/src/ff_models/transferTypes.tsx,Modeled component responsibility,tools.sandboxUi.app,https://github.com/hyperledger-firefly/sandbox/blob/ef7f240b8acf9c79c8fdf5a8bccb73e9de482069/ui/src/ff_models/transferTypes.tsx
sandbox,ui/src/interfaces/api.ts,Modeled component responsibility,tools.sandboxUi.app,https://github.com/hyperledger-firefly/sandbox/blob/ef7f240b8acf9c79c8fdf5a8bccb73e9de482069/ui/src/interfaces/api.ts
sandbox,ui/src/interfaces/events.tsx,Modeled component responsibility,tools.sandboxUi.app,https://github.com/hyperledger-firefly/sandbox/blob/ef7f240b8acf9c79c8fdf5a8bccb73e9de482069/ui/src/interfaces/events.tsx
sandbox,ui/src/interfaces/ff.ts,Modeled component responsibility,tools.sandboxUi.app,https://github.com/hyperledger-firefly/sandbox/blob/ef7f240b8acf9c79c8fdf5a8bccb73e9de482069/ui/src/interfaces/ff.ts
sandbox,ui/src/interfaces/tutorialSection.ts,Modeled component responsibility,tools.sandboxUi.app,https://github.com/hyperledger-firefly/sandbox/blob/ef7f240b8acf9c79c8fdf5a8bccb73e9de482069/ui/src/interfaces/tutorialSection.ts
sandbox,ui/src/main.tsx,Modeled component responsibility,tools.sandboxUi.app,https://github.com/hyperledger-firefly/sandbox/blob/ef7f240b8acf9c79c8fdf5a8bccb73e9de482069/ui/src/main.tsx
sandbox,ui/src/pages/Home/Routes.tsx,Modeled component responsibility,tools.sandboxUi.app,https://github.com/hyperledger-firefly/sandbox/blob/ef7f240b8acf9c79c8fdf5a8bccb73e9de482069/ui/src/pages/Home/Routes.tsx
sandbox,ui/src/pages/Home/views/Dashboard.tsx,Modeled component responsibility,tools.sandboxUi.app,https://github.com/hyperledger-firefly/sandbox/blob/ef7f240b8acf9c79c8fdf5a8bccb73e9de482069/ui/src/pages/Home/views/Dashboard.tsx
sandbox,ui/src/pages/Home/views/LeftPane.tsx,Modeled component responsibility,tools.sandboxUi.app,https://github.com/hyperledger-firefly/sandbox/blob/ef7f240b8acf9c79c8fdf5a8bccb73e9de482069/ui/src/pages/Home/views/LeftPane.tsx
sandbox,ui/src/pages/Home/views/MiddlePane.tsx,Modeled component responsibility,tools.sandboxUi.app,https://github.com/hyperledger-firefly/sandbox/blob/ef7f240b8acf9c79c8fdf5a8bccb73e9de482069/ui/src/pages/Home/views/MiddlePane.tsx
sandbox,ui/src/pages/Home/views/RightPane.tsx,Modeled component responsibility,tools.sandboxUi.app,https://github.com/hyperledger-firefly/sandbox/blob/ef7f240b8acf9c79c8fdf5a8bccb73e9de482069/ui/src/pages/Home/views/RightPane.tsx
sandbox,ui/src/react-app-env.d.ts,Test or generated test support,,https://github.com/hyperledger-firefly/sandbox/blob/ef7f240b8acf9c79c8fdf5a8bccb73e9de482069/ui/src/react-app-env.d.ts
sandbox,ui/src/setupTests.ts,Test or generated test support,,https://github.com/hyperledger-firefly/sandbox/blob/ef7f240b8acf9c79c8fdf5a8bccb73e9de482069/ui/src/setupTests.ts
sandbox,ui/src/theme.tsx,Modeled component responsibility,tools.sandboxUi.app,https://github.com/hyperledger-firefly/sandbox/blob/ef7f240b8acf9c79c8fdf5a8bccb73e9de482069/ui/src/theme.tsx
sandbox,ui/src/utils/decimals.test.ts,Test or generated test support,,https://github.com/hyperledger-firefly/sandbox/blob/ef7f240b8acf9c79c8fdf5a8bccb73e9de482069/ui/src/utils/decimals.test.ts
sandbox,ui/src/utils/decimals.ts,Modeled component responsibility,tools.sandboxUi.app,https://github.com/hyperledger-firefly/sandbox/blob/ef7f240b8acf9c79c8fdf5a8bccb73e9de482069/ui/src/utils/decimals.ts
sandbox,ui/src/utils/fetches.ts,Modeled component responsibility,tools.sandboxUi.app,https://github.com/hyperledger-firefly/sandbox/blob/ef7f240b8acf9c79c8fdf5a8bccb73e9de482069/ui/src/utils/fetches.ts
sandbox,ui/src/utils/files.ts,Modeled component responsibility,tools.sandboxUi.app,https://github.com/hyperledger-firefly/sandbox/blob/ef7f240b8acf9c79c8fdf5a8bccb73e9de482069/ui/src/utils/files.ts
sandbox,ui/src/utils/regex.ts,Modeled component responsibility,tools.sandboxUi.app,https://github.com/hyperledger-firefly/sandbox/blob/ef7f240b8acf9c79c8fdf5a8bccb73e9de482069/ui/src/utils/regex.ts
sandbox,ui/src/utils/strings.ts,Modeled component responsibility,tools.sandboxUi.app,https://github.com/hyperledger-firefly/sandbox/blob/ef7f240b8acf9c79c8fdf5a8bccb73e9de482069/ui/src/utils/strings.ts
sandbox,ui/src/utils/time.ts,Modeled component responsibility,tools.sandboxUi.app,https://github.com/hyperledger-firefly/sandbox/blob/ef7f240b8acf9c79c8fdf5a8bccb73e9de482069/ui/src/utils/time.ts
sandbox,ui/src/vite-env.d.ts,Test or generated test support,,https://github.com/hyperledger-firefly/sandbox/blob/ef7f240b8acf9c79c8fdf5a8bccb73e9de482069/ui/src/vite-env.d.ts
sandbox,ui/vite.config.ts,Build/test configuration,,https://github.com/hyperledger-firefly/sandbox/blob/ef7f240b8acf9c79c8fdf5a8bccb73e9de482069/ui/vite.config.ts
ui,src/App.tsx,Modeled component responsibility,firefly.explorer.app,https://github.com/hyperledger-firefly/ui/blob/658bae40220f124e0e20182cc48b231473e754c5/src/App.tsx
ui,src/components/Accordions/ApiAccordion.tsx,Modeled component responsibility,firefly.explorer.app,https://github.com/hyperledger-firefly/ui/blob/658bae40220f124e0e20182cc48b231473e754c5/src/components/Accordions/ApiAccordion.tsx
ui,src/components/Accordions/BlockchainEventAccordion.tsx,Modeled component responsibility,firefly.explorer.app,https://github.com/hyperledger-firefly/ui/blob/658bae40220f124e0e20182cc48b231473e754c5/src/components/Accordions/BlockchainEventAccordion.tsx
ui,src/components/Accordions/DataViewerAccordion.tsx,Modeled component responsibility,firefly.explorer.app,https://github.com/hyperledger-firefly/ui/blob/658bae40220f124e0e20182cc48b231473e754c5/src/components/Accordions/DataViewerAccordion.tsx
ui,src/components/Accordions/FFAccordionHeader.tsx,Modeled component responsibility,firefly.explorer.app,https://github.com/hyperledger-firefly/ui/blob/658bae40220f124e0e20182cc48b231473e754c5/src/components/Accordions/FFAccordionHeader.tsx
ui,src/components/Accordions/FFAccordionLink.tsx,Modeled component responsibility,firefly.explorer.app,https://github.com/hyperledger-firefly/ui/blob/658bae40220f124e0e20182cc48b231473e754c5/src/components/Accordions/FFAccordionLink.tsx
ui,src/components/Accordions/FFAccordionText.tsx,Modeled component responsibility,firefly.explorer.app,https://github.com/hyperledger-firefly/ui/blob/658bae40220f124e0e20182cc48b231473e754c5/src/components/Accordions/FFAccordionText.tsx
ui,src/components/Accordions/JsonViewerAccordion.tsx,Modeled component responsibility,firefly.explorer.app,https://github.com/hyperledger-firefly/ui/blob/658bae40220f124e0e20182cc48b231473e754c5/src/components/Accordions/JsonViewerAccordion.tsx
ui,src/components/Accordions/ListenerAccordion.tsx,Modeled component responsibility,firefly.explorer.app,https://github.com/hyperledger-firefly/ui/blob/658bae40220f124e0e20182cc48b231473e754c5/src/components/Accordions/ListenerAccordion.tsx
ui,src/components/Accordions/MessageAccordion.tsx,Modeled component responsibility,firefly.explorer.app,https://github.com/hyperledger-firefly/ui/blob/658bae40220f124e0e20182cc48b231473e754c5/src/components/Accordions/MessageAccordion.tsx
ui,src/components/Accordions/MessageDataAccordion.tsx,Modeled component responsibility,firefly.explorer.app,https://github.com/hyperledger-firefly/ui/blob/658bae40220f124e0e20182cc48b231473e754c5/src/components/Accordions/MessageDataAccordion.tsx
ui,src/components/Accordions/OperationAccordion.tsx,Modeled component responsibility,firefly.explorer.app,https://github.com/hyperledger-firefly/ui/blob/658bae40220f124e0e20182cc48b231473e754c5/src/components/Accordions/OperationAccordion.tsx
ui,src/components/Accordions/TransactionAccordion.tsx,Modeled component responsibility,firefly.explorer.app,https://github.com/hyperledger-firefly/ui/blob/658bae40220f124e0e20182cc48b231473e754c5/src/components/Accordions/TransactionAccordion.tsx
ui,src/components/AppWrapper.tsx,Modeled component responsibility,firefly.explorer.app,https://github.com/hyperledger-firefly/ui/blob/658bae40220f124e0e20182cc48b231473e754c5/src/components/AppWrapper.tsx
ui,src/components/Breadcrumbs/FFBreadcrumb.tsx,Modeled component responsibility,firefly.explorer.app,https://github.com/hyperledger-firefly/ui/blob/658bae40220f124e0e20182cc48b231473e754c5/src/components/Breadcrumbs/FFBreadcrumb.tsx
ui,src/components/Buttons/CopyButton.tsx,Modeled component responsibility,firefly.explorer.app,https://github.com/hyperledger-firefly/ui/blob/658bae40220f124e0e20182cc48b231473e754c5/src/components/Buttons/CopyButton.tsx
ui,src/components/Buttons/DownloadButton.tsx,Modeled component responsibility,firefly.explorer.app,https://github.com/hyperledger-firefly/ui/blob/658bae40220f124e0e20182cc48b231473e754c5/src/components/Buttons/DownloadButton.tsx
ui,src/components/Buttons/DownloadJsonButton.tsx,Modeled component responsibility,firefly.explorer.app,https://github.com/hyperledger-firefly/ui/blob/658bae40220f124e0e20182cc48b231473e754c5/src/components/Buttons/DownloadJsonButton.tsx
ui,src/components/Buttons/FFArrowButton.tsx,Modeled component responsibility,firefly.explorer.app,https://github.com/hyperledger-firefly/ui/blob/658bae40220f124e0e20182cc48b231473e754c5/src/components/Buttons/FFArrowButton.tsx
ui,src/components/Buttons/IdentityButton.tsx,Modeled component responsibility,firefly.explorer.app,https://github.com/hyperledger-firefly/ui/blob/658bae40220f124e0e20182cc48b231473e754c5/src/components/Buttons/IdentityButton.tsx
ui,src/components/Buttons/InterfaceButton.tsx,Modeled component responsibility,firefly.explorer.app,https://github.com/hyperledger-firefly/ui/blob/658bae40220f124e0e20182cc48b231473e754c5/src/components/Buttons/InterfaceButton.tsx
ui,src/components/Buttons/LaunchButton.tsx,Modeled component responsibility,firefly.explorer.app,https://github.com/hyperledger-firefly/ui/blob/658bae40220f124e0e20182cc48b231473e754c5/src/components/Buttons/LaunchButton.tsx
ui,src/components/Buttons/MsgButton.tsx,Modeled component responsibility,firefly.explorer.app,https://github.com/hyperledger-firefly/ui/blob/658bae40220f124e0e20182cc48b231473e754c5/src/components/Buttons/MsgButton.tsx
ui,src/components/Buttons/OpRetryButton.tsx,Modeled component responsibility,firefly.explorer.app,https://github.com/hyperledger-firefly/ui/blob/658bae40220f124e0e20182cc48b231473e754c5/src/components/Buttons/OpRetryButton.tsx
ui,src/components/Buttons/PoolButton.tsx,Modeled component responsibility,firefly.explorer.app,https://github.com/hyperledger-firefly/ui/blob/658bae40220f124e0e20182cc48b231473e754c5/src/components/Buttons/PoolButton.tsx
ui,src/components/Buttons/TxButton.tsx,Modeled component responsibility,firefly.explorer.app,https://github.com/hyperledger-firefly/ui/blob/658bae40220f124e0e20182cc48b231473e754c5/src/components/Buttons/TxButton.tsx
ui,src/components/Cards/DetailsCard.tsx,Modeled component responsibility,firefly.explorer.app,https://github.com/hyperledger-firefly/ui/blob/658bae40220f124e0e20182cc48b231473e754c5/src/components/Cards/DetailsCard.tsx
ui,src/components/Cards/EmptyStateCard.tsx,Modeled component responsibility,firefly.explorer.app,https://github.com/hyperledger-firefly/ui/blob/658bae40220f124e0e20182cc48b231473e754c5/src/components/Cards/EmptyStateCard.tsx
ui,src/components/Cards/EventCards/BaseCard.tsx,Modeled component responsibility,firefly.explorer.app,https://github.com/hyperledger-firefly/ui/blob/658bae40220f124e0e20182cc48b231473e754c5/src/components/Cards/EventCards/BaseCard.tsx
ui,src/components/Cards/EventCards/EventCardWrapper.tsx,Modeled component responsibility,firefly.explorer.app,https://github.com/hyperledger-firefly/ui/blob/658bae40220f124e0e20182cc48b231473e754c5/src/components/Cards/EventCards/EventCardWrapper.tsx
ui,src/components/Cards/EventCards/OpCardWrapper.tsx,Modeled component responsibility,firefly.explorer.app,https://github.com/hyperledger-firefly/ui/blob/658bae40220f124e0e20182cc48b231473e754c5/src/components/Cards/EventCards/OpCardWrapper.tsx
ui,src/components/Cards/EventCards/SkeletonCard.tsx,Modeled component responsibility,firefly.explorer.app,https://github.com/hyperledger-firefly/ui/blob/658bae40220f124e0e20182cc48b231473e754c5/src/components/Cards/EventCards/SkeletonCard.tsx
ui,src/components/Cards/FireFlyCard.tsx,Modeled component responsibility,firefly.explorer.app,https://github.com/hyperledger-firefly/ui/blob/658bae40220f124e0e20182cc48b231473e754c5/src/components/Cards/FireFlyCard.tsx
ui,src/components/Cards/SmallCard.tsx,Modeled component responsibility,firefly.explorer.app,https://github.com/hyperledger-firefly/ui/blob/658bae40220f124e0e20182cc48b231473e754c5/src/components/Cards/SmallCard.tsx
ui,src/components/Charts/DiagramFireFlyNode.tsx,Modeled component responsibility,firefly.explorer.app,https://github.com/hyperledger-firefly/ui/blob/658bae40220f124e0e20182cc48b231473e754c5/src/components/Charts/DiagramFireFlyNode.tsx
ui,src/components/Charts/Histogram.tsx,Modeled component responsibility,firefly.explorer.app,https://github.com/hyperledger-firefly/ui/blob/658bae40220f124e0e20182cc48b231473e754c5/src/components/Charts/Histogram.tsx
ui,src/components/Charts/MyNodeDiagram.tsx,Modeled component responsibility,firefly.explorer.app,https://github.com/hyperledger-firefly/ui/blob/658bae40220f124e0e20182cc48b231473e754c5/src/components/Charts/MyNodeDiagram.tsx
ui,src/components/Chips/MsgStatusChip.tsx,Modeled component responsibility,firefly.explorer.app,https://github.com/hyperledger-firefly/ui/blob/658bae40220f124e0e20182cc48b231473e754c5/src/components/Chips/MsgStatusChip.tsx
ui,src/components/Chips/OpStatusChip.tsx,Modeled component responsibility,firefly.explorer.app,https://github.com/hyperledger-firefly/ui/blob/658bae40220f124e0e20182cc48b231473e754c5/src/components/Chips/OpStatusChip.tsx
ui,src/components/Chips/PoolStatusChip.tsx,Modeled component responsibility,firefly.explorer.app,https://github.com/hyperledger-firefly/ui/blob/658bae40220f124e0e20182cc48b231473e754c5/src/components/Chips/PoolStatusChip.tsx
ui,src/components/Chips/TxStatusChip.tsx,Modeled component responsibility,firefly.explorer.app,https://github.com/hyperledger-firefly/ui/blob/658bae40220f124e0e20182cc48b231473e754c5/src/components/Chips/TxStatusChip.tsx
ui,src/components/Filters/FilterButton.tsx,Modeled component responsibility,firefly.explorer.app,https://github.com/hyperledger-firefly/ui/blob/658bae40220f124e0e20182cc48b231473e754c5/src/components/Filters/FilterButton.tsx
ui,src/components/Filters/FilterDisplay.tsx,Modeled component responsibility,firefly.explorer.app,https://github.com/hyperledger-firefly/ui/blob/658bae40220f124e0e20182cc48b231473e754c5/src/components/Filters/FilterDisplay.tsx
ui,src/components/Filters/FilterModal.tsx,Modeled component responsibility,firefly.explorer.app,https://github.com/hyperledger-firefly/ui/blob/658bae40220f124e0e20182cc48b231473e754c5/src/components/Filters/FilterModal.tsx
ui,src/components/Header.tsx,Modeled component responsibility,firefly.explorer.app,https://github.com/hyperledger-firefly/ui/blob/658bae40220f124e0e20182cc48b231473e754c5/src/components/Header.tsx
ui,src/components/Headers/TimelineHeader.tsx,Modeled component responsibility,firefly.explorer.app,https://github.com/hyperledger-firefly/ui/blob/658bae40220f124e0e20182cc48b231473e754c5/src/components/Headers/TimelineHeader.tsx
ui,src/components/Inputs/FFTextField.tsx,Modeled component responsibility,firefly.explorer.app,https://github.com/hyperledger-firefly/ui/blob/658bae40220f124e0e20182cc48b231473e754c5/src/components/Inputs/FFTextField.tsx
ui,src/components/Layouts/FFDashboardRowLayout.tsx,Modeled component responsibility,firefly.explorer.app,https://github.com/hyperledger-firefly/ui/blob/658bae40220f124e0e20182cc48b231473e754c5/src/components/Layouts/FFDashboardRowLayout.tsx
ui,src/components/Layouts/FFPageLayout.tsx,Modeled component responsibility,firefly.explorer.app,https://github.com/hyperledger-firefly/ui/blob/658bae40220f124e0e20182cc48b231473e754c5/src/components/Layouts/FFPageLayout.tsx
ui,src/components/Lists/ApiList.tsx,Modeled component responsibility,firefly.explorer.app,https://github.com/hyperledger-firefly/ui/blob/658bae40220f124e0e20182cc48b231473e754c5/src/components/Lists/ApiList.tsx
ui,src/components/Lists/ApprovalList.tsx,Modeled component responsibility,firefly.explorer.app,https://github.com/hyperledger-firefly/ui/blob/658bae40220f124e0e20182cc48b231473e754c5/src/components/Lists/ApprovalList.tsx
ui,src/components/Lists/BalanceList.tsx,Modeled component responsibility,firefly.explorer.app,https://github.com/hyperledger-firefly/ui/blob/658bae40220f124e0e20182cc48b231473e754c5/src/components/Lists/BalanceList.tsx
ui,src/components/Lists/BatchList.tsx,Modeled component responsibility,firefly.explorer.app,https://github.com/hyperledger-firefly/ui/blob/658bae40220f124e0e20182cc48b231473e754c5/src/components/Lists/BatchList.tsx
ui,src/components/Lists/BlockchainEventList.tsx,Modeled component responsibility,firefly.explorer.app,https://github.com/hyperledger-firefly/ui/blob/658bae40220f124e0e20182cc48b231473e754c5/src/components/Lists/BlockchainEventList.tsx
ui,src/components/Lists/DataList.tsx,Modeled component responsibility,firefly.explorer.app,https://github.com/hyperledger-firefly/ui/blob/658bae40220f124e0e20182cc48b231473e754c5/src/components/Lists/DataList.tsx
ui,src/components/Lists/DatatypeList.tsx,Modeled component responsibility,firefly.explorer.app,https://github.com/hyperledger-firefly/ui/blob/658bae40220f124e0e20182cc48b231473e754c5/src/components/Lists/DatatypeList.tsx
ui,src/components/Lists/EventList.tsx,Modeled component responsibility,firefly.explorer.app,https://github.com/hyperledger-firefly/ui/blob/658bae40220f124e0e20182cc48b231473e754c5/src/components/Lists/EventList.tsx
ui,src/components/Lists/FFListItem.tsx,Modeled component responsibility,firefly.explorer.app,https://github.com/hyperledger-firefly/ui/blob/658bae40220f124e0e20182cc48b231473e754c5/src/components/Lists/FFListItem.tsx
ui,src/components/Lists/FFListText.tsx,Modeled component responsibility,firefly.explorer.app,https://github.com/hyperledger-firefly/ui/blob/658bae40220f124e0e20182cc48b231473e754c5/src/components/Lists/FFListText.tsx
ui,src/components/Lists/FFListTimestamp.tsx,Modeled component responsibility,firefly.explorer.app,https://github.com/hyperledger-firefly/ui/blob/658bae40220f124e0e20182cc48b231473e754c5/src/components/Lists/FFListTimestamp.tsx
ui,src/components/Lists/FFSkeletonList.tsx,Modeled component responsibility,firefly.explorer.app,https://github.com/hyperledger-firefly/ui/blob/658bae40220f124e0e20182cc48b231473e754c5/src/components/Lists/FFSkeletonList.tsx
ui,src/components/Lists/GroupList.tsx,Modeled component responsibility,firefly.explorer.app,https://github.com/hyperledger-firefly/ui/blob/658bae40220f124e0e20182cc48b231473e754c5/src/components/Lists/GroupList.tsx
ui,src/components/Lists/IdentityList.tsx,Modeled component responsibility,firefly.explorer.app,https://github.com/hyperledger-firefly/ui/blob/658bae40220f124e0e20182cc48b231473e754c5/src/components/Lists/IdentityList.tsx
ui,src/components/Lists/InterfaceList.tsx,Modeled component responsibility,firefly.explorer.app,https://github.com/hyperledger-firefly/ui/blob/658bae40220f124e0e20182cc48b231473e754c5/src/components/Lists/InterfaceList.tsx
ui,src/components/Lists/ListenerList.tsx,Modeled component responsibility,firefly.explorer.app,https://github.com/hyperledger-firefly/ui/blob/658bae40220f124e0e20182cc48b231473e754c5/src/components/Lists/ListenerList.tsx
ui,src/components/Lists/MessageList.tsx,Modeled component responsibility,firefly.explorer.app,https://github.com/hyperledger-firefly/ui/blob/658bae40220f124e0e20182cc48b231473e754c5/src/components/Lists/MessageList.tsx
ui,src/components/Lists/NamespaceList.tsx,Modeled component responsibility,firefly.explorer.app,https://github.com/hyperledger-firefly/ui/blob/658bae40220f124e0e20182cc48b231473e754c5/src/components/Lists/NamespaceList.tsx
ui,src/components/Lists/OperationList.tsx,Modeled component responsibility,firefly.explorer.app,https://github.com/hyperledger-firefly/ui/blob/658bae40220f124e0e20182cc48b231473e754c5/src/components/Lists/OperationList.tsx
ui,src/components/Lists/PoolList.tsx,Modeled component responsibility,firefly.explorer.app,https://github.com/hyperledger-firefly/ui/blob/658bae40220f124e0e20182cc48b231473e754c5/src/components/Lists/PoolList.tsx
ui,src/components/Lists/SkeletonCardList.tsx,Modeled component responsibility,firefly.explorer.app,https://github.com/hyperledger-firefly/ui/blob/658bae40220f124e0e20182cc48b231473e754c5/src/components/Lists/SkeletonCardList.tsx
ui,src/components/Lists/SubList.tsx,Modeled component responsibility,firefly.explorer.app,https://github.com/hyperledger-firefly/ui/blob/658bae40220f124e0e20182cc48b231473e754c5/src/components/Lists/SubList.tsx
ui,src/components/Lists/SubOptionsList.tsx,Modeled component responsibility,firefly.explorer.app,https://github.com/hyperledger-firefly/ui/blob/658bae40220f124e0e20182cc48b231473e754c5/src/components/Lists/SubOptionsList.tsx
ui,src/components/Lists/SubStatusList.tsx,Modeled component responsibility,firefly.explorer.app,https://github.com/hyperledger-firefly/ui/blob/658bae40220f124e0e20182cc48b231473e754c5/src/components/Lists/SubStatusList.tsx
ui,src/components/Lists/TransferList.tsx,Modeled component responsibility,firefly.explorer.app,https://github.com/hyperledger-firefly/ui/blob/658bae40220f124e0e20182cc48b231473e754c5/src/components/Lists/TransferList.tsx
ui,src/components/Lists/TxList.tsx,Modeled component responsibility,firefly.explorer.app,https://github.com/hyperledger-firefly/ui/blob/658bae40220f124e0e20182cc48b231473e754c5/src/components/Lists/TxList.tsx
ui,src/components/Lists/VerifiersList.tsx,Modeled component responsibility,firefly.explorer.app,https://github.com/hyperledger-firefly/ui/blob/658bae40220f124e0e20182cc48b231473e754c5/src/components/Lists/VerifiersList.tsx
ui,src/components/Lists/WebsocketList.tsx,Modeled component responsibility,firefly.explorer.app,https://github.com/hyperledger-firefly/ui/blob/658bae40220f124e0e20182cc48b231473e754c5/src/components/Lists/WebsocketList.tsx
ui,src/components/Loaders/FFCircleLoader.tsx,Modeled component responsibility,firefly.explorer.app,https://github.com/hyperledger-firefly/ui/blob/658bae40220f124e0e20182cc48b231473e754c5/src/components/Loaders/FFCircleLoader.tsx
ui,src/components/MenuLogo.tsx,Modeled component responsibility,firefly.explorer.app,https://github.com/hyperledger-firefly/ui/blob/658bae40220f124e0e20182cc48b231473e754c5/src/components/MenuLogo.tsx
ui,src/components/Navigation/ActivityNav.tsx,Modeled component responsibility,firefly.explorer.app,https://github.com/hyperledger-firefly/ui/blob/658bae40220f124e0e20182cc48b231473e754c5/src/components/Navigation/ActivityNav.tsx
ui,src/components/Navigation/BlockchainNav.tsx,Modeled component responsibility,firefly.explorer.app,https://github.com/hyperledger-firefly/ui/blob/658bae40220f124e0e20182cc48b231473e754c5/src/components/Navigation/BlockchainNav.tsx
ui,src/components/Navigation/MyNodeNav.tsx,Modeled component responsibility,firefly.explorer.app,https://github.com/hyperledger-firefly/ui/blob/658bae40220f124e0e20182cc48b231473e754c5/src/components/Navigation/MyNodeNav.tsx
ui,src/components/Navigation/NavItem.tsx,Modeled component responsibility,firefly.explorer.app,https://github.com/hyperledger-firefly/ui/blob/658bae40220f124e0e20182cc48b231473e754c5/src/components/Navigation/NavItem.tsx
ui,src/components/Navigation/NavSection.tsx,Modeled component responsibility,firefly.explorer.app,https://github.com/hyperledger-firefly/ui/blob/658bae40220f124e0e20182cc48b231473e754c5/src/components/Navigation/NavSection.tsx
ui,src/components/Navigation/Navigation.tsx,Modeled component responsibility,firefly.explorer.app,https://github.com/hyperledger-firefly/ui/blob/658bae40220f124e0e20182cc48b231473e754c5/src/components/Navigation/Navigation.tsx
ui,src/components/Navigation/NetworkNav.tsx,Modeled component responsibility,firefly.explorer.app,https://github.com/hyperledger-firefly/ui/blob/658bae40220f124e0e20182cc48b231473e754c5/src/components/Navigation/NetworkNav.tsx
ui,src/components/Navigation/OffChainNav.tsx,Modeled component responsibility,firefly.explorer.app,https://github.com/hyperledger-firefly/ui/blob/658bae40220f124e0e20182cc48b231473e754c5/src/components/Navigation/OffChainNav.tsx
ui,src/components/Navigation/TokensNav.tsx,Modeled component responsibility,firefly.explorer.app,https://github.com/hyperledger-firefly/ui/blob/658bae40220f124e0e20182cc48b231473e754c5/src/components/Navigation/TokensNav.tsx
ui,src/components/NetworkMap/NetworkMap.tsx,Modeled component responsibility,firefly.explorer.app,https://github.com/hyperledger-firefly/ui/blob/658bae40220f124e0e20182cc48b231473e754c5/src/components/NetworkMap/NetworkMap.tsx
ui,src/components/Pickers/DatePicker.tsx,Modeled component responsibility,firefly.explorer.app,https://github.com/hyperledger-firefly/ui/blob/658bae40220f124e0e20182cc48b231473e754c5/src/components/Pickers/DatePicker.tsx
ui,src/components/Pickers/NamespacePicker.tsx,Modeled component responsibility,firefly.explorer.app,https://github.com/hyperledger-firefly/ui/blob/658bae40220f124e0e20182cc48b231473e754c5/src/components/Pickers/NamespacePicker.tsx
ui,src/components/Popovers/HashPopover.tsx,Modeled component responsibility,firefly.explorer.app,https://github.com/hyperledger-firefly/ui/blob/658bae40220f124e0e20182cc48b231473e754c5/src/components/Popovers/HashPopover.tsx
ui,src/components/Router.tsx,Modeled component responsibility,firefly.explorer.app,https://github.com/hyperledger-firefly/ui/blob/658bae40220f124e0e20182cc48b231473e754c5/src/components/Router.tsx
ui,src/components/Slides/ApiSlide.tsx,Modeled component responsibility,firefly.explorer.app,https://github.com/hyperledger-firefly/ui/blob/658bae40220f124e0e20182cc48b231473e754c5/src/components/Slides/ApiSlide.tsx
ui,src/components/Slides/ApprovalSlide.tsx,Modeled component responsibility,firefly.explorer.app,https://github.com/hyperledger-firefly/ui/blob/658bae40220f124e0e20182cc48b231473e754c5/src/components/Slides/ApprovalSlide.tsx
ui,src/components/Slides/BalanceSlide.tsx,Modeled component responsibility,firefly.explorer.app,https://github.com/hyperledger-firefly/ui/blob/658bae40220f124e0e20182cc48b231473e754c5/src/components/Slides/BalanceSlide.tsx
ui,src/components/Slides/BatchSlide.tsx,Modeled component responsibility,firefly.explorer.app,https://github.com/hyperledger-firefly/ui/blob/658bae40220f124e0e20182cc48b231473e754c5/src/components/Slides/BatchSlide.tsx
ui,src/components/Slides/BlockchainEventSlide.tsx,Modeled component responsibility,firefly.explorer.app,https://github.com/hyperledger-firefly/ui/blob/658bae40220f124e0e20182cc48b231473e754c5/src/components/Slides/BlockchainEventSlide.tsx
ui,src/components/Slides/DataSlide.tsx,Modeled component responsibility,firefly.explorer.app,https://github.com/hyperledger-firefly/ui/blob/658bae40220f124e0e20182cc48b231473e754c5/src/components/Slides/DataSlide.tsx
ui,src/components/Slides/DatatypeSlide.tsx,Modeled component responsibility,firefly.explorer.app,https://github.com/hyperledger-firefly/ui/blob/658bae40220f124e0e20182cc48b231473e754c5/src/components/Slides/DatatypeSlide.tsx
ui,src/components/Slides/DisplaySlide.tsx,Modeled component responsibility,firefly.explorer.app,https://github.com/hyperledger-firefly/ui/blob/658bae40220f124e0e20182cc48b231473e754c5/src/components/Slides/DisplaySlide.tsx
ui,src/components/Slides/EventSlide.tsx,Modeled component responsibility,firefly.explorer.app,https://github.com/hyperledger-firefly/ui/blob/658bae40220f124e0e20182cc48b231473e754c5/src/components/Slides/EventSlide.tsx
ui,src/components/Slides/GroupSlide.tsx,Modeled component responsibility,firefly.explorer.app,https://github.com/hyperledger-firefly/ui/blob/658bae40220f124e0e20182cc48b231473e754c5/src/components/Slides/GroupSlide.tsx
ui,src/components/Slides/IdentitySlide.tsx,Modeled component responsibility,firefly.explorer.app,https://github.com/hyperledger-firefly/ui/blob/658bae40220f124e0e20182cc48b231473e754c5/src/components/Slides/IdentitySlide.tsx
ui,src/components/Slides/InterfaceSlide.tsx,Modeled component responsibility,firefly.explorer.app,https://github.com/hyperledger-firefly/ui/blob/658bae40220f124e0e20182cc48b231473e754c5/src/components/Slides/InterfaceSlide.tsx
ui,src/components/Slides/ListenerSlide.tsx,Modeled component responsibility,firefly.explorer.app,https://github.com/hyperledger-firefly/ui/blob/658bae40220f124e0e20182cc48b231473e754c5/src/components/Slides/ListenerSlide.tsx
ui,src/components/Slides/MessageSlide.tsx,Modeled component responsibility,firefly.explorer.app,https://github.com/hyperledger-firefly/ui/blob/658bae40220f124e0e20182cc48b231473e754c5/src/components/Slides/MessageSlide.tsx
ui,src/components/Slides/NamespaceSlide.tsx,Modeled component responsibility,firefly.explorer.app,https://github.com/hyperledger-firefly/ui/blob/658bae40220f124e0e20182cc48b231473e754c5/src/components/Slides/NamespaceSlide.tsx
ui,src/components/Slides/OperationSlide.tsx,Modeled component responsibility,firefly.explorer.app,https://github.com/hyperledger-firefly/ui/blob/658bae40220f124e0e20182cc48b231473e754c5/src/components/Slides/OperationSlide.tsx
ui,src/components/Slides/SlideHeader.tsx,Modeled component responsibility,firefly.explorer.app,https://github.com/hyperledger-firefly/ui/blob/658bae40220f124e0e20182cc48b231473e754c5/src/components/Slides/SlideHeader.tsx
ui,src/components/Slides/SlideSectionHeader.tsx,Modeled component responsibility,firefly.explorer.app,https://github.com/hyperledger-firefly/ui/blob/658bae40220f124e0e20182cc48b231473e754c5/src/components/Slides/SlideSectionHeader.tsx
ui,src/components/Slides/SubscriptionSlide.tsx,Modeled component responsibility,firefly.explorer.app,https://github.com/hyperledger-firefly/ui/blob/658bae40220f124e0e20182cc48b231473e754c5/src/components/Slides/SubscriptionSlide.tsx
ui,src/components/Slides/TransactionSlide.tsx,Modeled component responsibility,firefly.explorer.app,https://github.com/hyperledger-firefly/ui/blob/658bae40220f124e0e20182cc48b231473e754c5/src/components/Slides/TransactionSlide.tsx
ui,src/components/Slides/TransferSlide.tsx,Modeled component responsibility,firefly.explorer.app,https://github.com/hyperledger-firefly/ui/blob/658bae40220f124e0e20182cc48b231473e754c5/src/components/Slides/TransferSlide.tsx
ui,src/components/Slides/WebsocketSlide.tsx,Modeled component responsibility,firefly.explorer.app,https://github.com/hyperledger-firefly/ui/blob/658bae40220f124e0e20182cc48b231473e754c5/src/components/Slides/WebsocketSlide.tsx
ui,src/components/Snackbar/MessageSnackbar.tsx,Modeled component responsibility,firefly.explorer.app,https://github.com/hyperledger-firefly/ui/blob/658bae40220f124e0e20182cc48b231473e754c5/src/components/Snackbar/MessageSnackbar.tsx
ui,src/components/Stacks/MemberStack.tsx,Modeled component responsibility,firefly.explorer.app,https://github.com/hyperledger-firefly/ui/blob/658bae40220f124e0e20182cc48b231473e754c5/src/components/Stacks/MemberStack.tsx
ui,src/components/Tables/FFTableText.tsx,Modeled component responsibility,firefly.explorer.app,https://github.com/hyperledger-firefly/ui/blob/658bae40220f124e0e20182cc48b231473e754c5/src/components/Tables/FFTableText.tsx
ui,src/components/Tables/MediumCardTable.tsx,Modeled component responsibility,firefly.explorer.app,https://github.com/hyperledger-firefly/ui/blob/658bae40220f124e0e20182cc48b231473e754c5/src/components/Tables/MediumCardTable.tsx
ui,src/components/Tables/MediumCardTableRow.tsx,Modeled component responsibility,firefly.explorer.app,https://github.com/hyperledger-firefly/ui/blob/658bae40220f124e0e20182cc48b231473e754c5/src/components/Tables/MediumCardTableRow.tsx
ui,src/components/Tables/Table.tsx,Modeled component responsibility,firefly.explorer.app,https://github.com/hyperledger-firefly/ui/blob/658bae40220f124e0e20182cc48b231473e754c5/src/components/Tables/Table.tsx
ui,src/components/Tables/TableEmptyState.tsx,Modeled component responsibility,firefly.explorer.app,https://github.com/hyperledger-firefly/ui/blob/658bae40220f124e0e20182cc48b231473e754c5/src/components/Tables/TableEmptyState.tsx
ui,src/components/Tables/TableRow.tsx,Modeled component responsibility,firefly.explorer.app,https://github.com/hyperledger-firefly/ui/blob/658bae40220f124e0e20182cc48b231473e754c5/src/components/Tables/TableRow.tsx
ui,src/components/Tables/TableRowSkeleton.tsx,Modeled component responsibility,firefly.explorer.app,https://github.com/hyperledger-firefly/ui/blob/658bae40220f124e0e20182cc48b231473e754c5/src/components/Tables/TableRowSkeleton.tsx
ui,src/components/Timeline/FFTimeline.tsx,Modeled component responsibility,firefly.explorer.app,https://github.com/hyperledger-firefly/ui/blob/658bae40220f124e0e20182cc48b231473e754c5/src/components/Timeline/FFTimeline.tsx
ui,src/components/Timeline/TimelineItemWrapper.tsx,Modeled component responsibility,firefly.explorer.app,https://github.com/hyperledger-firefly/ui/blob/658bae40220f124e0e20182cc48b231473e754c5/src/components/Timeline/TimelineItemWrapper.tsx
ui,src/components/Timeline/TimelineItems/FFOppositeTimelineItem.tsx,Modeled component responsibility,firefly.explorer.app,https://github.com/hyperledger-firefly/ui/blob/658bae40220f124e0e20182cc48b231473e754c5/src/components/Timeline/TimelineItems/FFOppositeTimelineItem.tsx
ui,src/components/Timeline/TimelineItems/FFTimelineItem.tsx,Modeled component responsibility,firefly.explorer.app,https://github.com/hyperledger-firefly/ui/blob/658bae40220f124e0e20182cc48b231473e754c5/src/components/Timeline/TimelineItems/FFTimelineItem.tsx
ui,src/components/Timeline/TimelineItems/TimelineLine.tsx,Modeled component responsibility,firefly.explorer.app,https://github.com/hyperledger-firefly/ui/blob/658bae40220f124e0e20182cc48b231473e754c5/src/components/Timeline/TimelineItems/TimelineLine.tsx
ui,src/components/Viewers/FFJsonViewer.tsx,Modeled component responsibility,firefly.explorer.app,https://github.com/hyperledger-firefly/ui/blob/658bae40220f124e0e20182cc48b231473e754c5/src/components/Viewers/FFJsonViewer.tsx
ui,src/contexts/ApplicationContext.tsx,Modeled component responsibility,firefly.explorer.app,https://github.com/hyperledger-firefly/ui/blob/658bae40220f124e0e20182cc48b231473e754c5/src/contexts/ApplicationContext.tsx
ui,src/contexts/DateFilterContext.tsx,Modeled component responsibility,firefly.explorer.app,https://github.com/hyperledger-firefly/ui/blob/658bae40220f124e0e20182cc48b231473e754c5/src/contexts/DateFilterContext.tsx
ui,src/contexts/FilterContext.tsx,Modeled component responsibility,firefly.explorer.app,https://github.com/hyperledger-firefly/ui/blob/658bae40220f124e0e20182cc48b231473e754c5/src/contexts/FilterContext.tsx
ui,src/contexts/PoolContext.tsx,Modeled component responsibility,firefly.explorer.app,https://github.com/hyperledger-firefly/ui/blob/658bae40220f124e0e20182cc48b231473e754c5/src/contexts/PoolContext.tsx
ui,src/contexts/SlideContext.tsx,Modeled component responsibility,firefly.explorer.app,https://github.com/hyperledger-firefly/ui/blob/658bae40220f124e0e20182cc48b231473e754c5/src/contexts/SlideContext.tsx
ui,src/contexts/SnackbarContext.tsx,Modeled component responsibility,firefly.explorer.app,https://github.com/hyperledger-firefly/ui/blob/658bae40220f124e0e20182cc48b231473e754c5/src/contexts/SnackbarContext.tsx
ui,src/hooks/useIntersectionObserver.ts,Modeled component responsibility,firefly.explorer.app,https://github.com/hyperledger-firefly/ui/blob/658bae40220f124e0e20182cc48b231473e754c5/src/hooks/useIntersectionObserver.ts
ui,src/index.tsx,Modeled component responsibility,firefly.explorer.app,https://github.com/hyperledger-firefly/ui/blob/658bae40220f124e0e20182cc48b231473e754c5/src/index.tsx
ui,src/interfaces/api.ts,Modeled component responsibility,firefly.explorer.app,https://github.com/hyperledger-firefly/ui/blob/658bae40220f124e0e20182cc48b231473e754c5/src/interfaces/api.ts
ui,src/interfaces/breadcrumbs.ts,Modeled component responsibility,firefly.explorer.app,https://github.com/hyperledger-firefly/ui/blob/658bae40220f124e0e20182cc48b231473e754c5/src/interfaces/breadcrumbs.ts
ui,src/interfaces/cards.ts,Modeled component responsibility,firefly.explorer.app,https://github.com/hyperledger-firefly/ui/blob/658bae40220f124e0e20182cc48b231473e754c5/src/interfaces/cards.ts
ui,src/interfaces/charts.ts,Modeled component responsibility,firefly.explorer.app,https://github.com/hyperledger-firefly/ui/blob/658bae40220f124e0e20182cc48b231473e754c5/src/interfaces/charts.ts
ui,src/interfaces/constants.ts,Modeled component responsibility,firefly.explorer.app,https://github.com/hyperledger-firefly/ui/blob/658bae40220f124e0e20182cc48b231473e754c5/src/interfaces/constants.ts
ui,src/interfaces/enums/blockchainEventTypes.ts,Modeled component responsibility,firefly.explorer.app,https://github.com/hyperledger-firefly/ui/blob/658bae40220f124e0e20182cc48b231473e754c5/src/interfaces/enums/blockchainEventTypes.ts
ui,src/interfaces/enums/eventTypes.tsx,Modeled component responsibility,firefly.explorer.app,https://github.com/hyperledger-firefly/ui/blob/658bae40220f124e0e20182cc48b231473e754c5/src/interfaces/enums/eventTypes.tsx
ui,src/interfaces/enums/index.ts,Modeled component responsibility,firefly.explorer.app,https://github.com/hyperledger-firefly/ui/blob/658bae40220f124e0e20182cc48b231473e754c5/src/interfaces/enums/index.ts
ui,src/interfaces/enums/messageTypes.ts,Modeled component responsibility,firefly.explorer.app,https://github.com/hyperledger-firefly/ui/blob/658bae40220f124e0e20182cc48b231473e754c5/src/interfaces/enums/messageTypes.ts
ui,src/interfaces/enums/operationTypes.ts,Modeled component responsibility,firefly.explorer.app,https://github.com/hyperledger-firefly/ui/blob/658bae40220f124e0e20182cc48b231473e754c5/src/interfaces/enums/operationTypes.ts
ui,src/interfaces/enums/transactionTypes.ts,Modeled component responsibility,firefly.explorer.app,https://github.com/hyperledger-firefly/ui/blob/658bae40220f124e0e20182cc48b231473e754c5/src/interfaces/enums/transactionTypes.ts
ui,src/interfaces/enums/transferTypes.tsx,Modeled component responsibility,firefly.explorer.app,https://github.com/hyperledger-firefly/ui/blob/658bae40220f124e0e20182cc48b231473e754c5/src/interfaces/enums/transferTypes.tsx
ui,src/interfaces/enums/txStatusTypes.tsx,Modeled component responsibility,firefly.explorer.app,https://github.com/hyperledger-firefly/ui/blob/658bae40220f124e0e20182cc48b231473e754c5/src/interfaces/enums/txStatusTypes.tsx
ui,src/interfaces/filters.ts,Modeled component responsibility,firefly.explorer.app,https://github.com/hyperledger-firefly/ui/blob/658bae40220f124e0e20182cc48b231473e754c5/src/interfaces/filters.ts
ui,src/interfaces/index.ts,Modeled component responsibility,firefly.explorer.app,https://github.com/hyperledger-firefly/ui/blob/658bae40220f124e0e20182cc48b231473e754c5/src/interfaces/index.ts
ui,src/interfaces/lists.ts,Modeled component responsibility,firefly.explorer.app,https://github.com/hyperledger-firefly/ui/blob/658bae40220f124e0e20182cc48b231473e754c5/src/interfaces/lists.ts
ui,src/interfaces/navigation.ts,Modeled component responsibility,firefly.explorer.app,https://github.com/hyperledger-firefly/ui/blob/658bae40220f124e0e20182cc48b231473e754c5/src/interfaces/navigation.ts
ui,src/interfaces/table.ts,Modeled component responsibility,firefly.explorer.app,https://github.com/hyperledger-firefly/ui/blob/658bae40220f124e0e20182cc48b231473e754c5/src/interfaces/table.ts
ui,src/interfaces/timeline.ts,Modeled component responsibility,firefly.explorer.app,https://github.com/hyperledger-firefly/ui/blob/658bae40220f124e0e20182cc48b231473e754c5/src/interfaces/timeline.ts
ui,src/pages/Activity/Routes.tsx,Modeled component responsibility,firefly.explorer.app,https://github.com/hyperledger-firefly/ui/blob/658bae40220f124e0e20182cc48b231473e754c5/src/pages/Activity/Routes.tsx
ui,src/pages/Activity/views/Events.tsx,Modeled component responsibility,firefly.explorer.app,https://github.com/hyperledger-firefly/ui/blob/658bae40220f124e0e20182cc48b231473e754c5/src/pages/Activity/views/Events.tsx
ui,src/pages/Activity/views/Operations.tsx,Modeled component responsibility,firefly.explorer.app,https://github.com/hyperledger-firefly/ui/blob/658bae40220f124e0e20182cc48b231473e754c5/src/pages/Activity/views/Operations.tsx
ui,src/pages/Activity/views/Timeline.tsx,Modeled component responsibility,firefly.explorer.app,https://github.com/hyperledger-firefly/ui/blob/658bae40220f124e0e20182cc48b231473e754c5/src/pages/Activity/views/Timeline.tsx
ui,src/pages/Activity/views/TransactionDetails.tsx,Modeled component responsibility,firefly.explorer.app,https://github.com/hyperledger-firefly/ui/blob/658bae40220f124e0e20182cc48b231473e754c5/src/pages/Activity/views/TransactionDetails.tsx
ui,src/pages/Activity/views/Transactions.tsx,Modeled component responsibility,firefly.explorer.app,https://github.com/hyperledger-firefly/ui/blob/658bae40220f124e0e20182cc48b231473e754c5/src/pages/Activity/views/Transactions.tsx
ui,src/pages/Blockchain/Routes.tsx,Modeled component responsibility,firefly.explorer.app,https://github.com/hyperledger-firefly/ui/blob/658bae40220f124e0e20182cc48b231473e754c5/src/pages/Blockchain/Routes.tsx
ui,src/pages/Blockchain/views/Apis.tsx,Modeled component responsibility,firefly.explorer.app,https://github.com/hyperledger-firefly/ui/blob/658bae40220f124e0e20182cc48b231473e754c5/src/pages/Blockchain/views/Apis.tsx
ui,src/pages/Blockchain/views/Dashboard.tsx,Modeled component responsibility,firefly.explorer.app,https://github.com/hyperledger-firefly/ui/blob/658bae40220f124e0e20182cc48b231473e754c5/src/pages/Blockchain/views/Dashboard.tsx
ui,src/pages/Blockchain/views/Events.tsx,Modeled component responsibility,firefly.explorer.app,https://github.com/hyperledger-firefly/ui/blob/658bae40220f124e0e20182cc48b231473e754c5/src/pages/Blockchain/views/Events.tsx
ui,src/pages/Blockchain/views/Interfaces.tsx,Modeled component responsibility,firefly.explorer.app,https://github.com/hyperledger-firefly/ui/blob/658bae40220f124e0e20182cc48b231473e754c5/src/pages/Blockchain/views/Interfaces.tsx
ui,src/pages/Blockchain/views/Listeners.tsx,Modeled component responsibility,firefly.explorer.app,https://github.com/hyperledger-firefly/ui/blob/658bae40220f124e0e20182cc48b231473e754c5/src/pages/Blockchain/views/Listeners.tsx
ui,src/pages/Home/Routes.tsx,Modeled component responsibility,firefly.explorer.app,https://github.com/hyperledger-firefly/ui/blob/658bae40220f124e0e20182cc48b231473e754c5/src/pages/Home/Routes.tsx
ui,src/pages/Home/views/Dashboard.tsx,Modeled component responsibility,firefly.explorer.app,https://github.com/hyperledger-firefly/ui/blob/658bae40220f124e0e20182cc48b231473e754c5/src/pages/Home/views/Dashboard.tsx
ui,src/pages/MyNode/Routes.tsx,Modeled component responsibility,firefly.explorer.app,https://github.com/hyperledger-firefly/ui/blob/658bae40220f124e0e20182cc48b231473e754c5/src/pages/MyNode/Routes.tsx
ui,src/pages/MyNode/views/Dashboard.tsx,Modeled component responsibility,firefly.explorer.app,https://github.com/hyperledger-firefly/ui/blob/658bae40220f124e0e20182cc48b231473e754c5/src/pages/MyNode/views/Dashboard.tsx
ui,src/pages/MyNode/views/Subscriptions.tsx,Modeled component responsibility,firefly.explorer.app,https://github.com/hyperledger-firefly/ui/blob/658bae40220f124e0e20182cc48b231473e754c5/src/pages/MyNode/views/Subscriptions.tsx
ui,src/pages/MyNode/views/Websockets.tsx,Modeled component responsibility,firefly.explorer.app,https://github.com/hyperledger-firefly/ui/blob/658bae40220f124e0e20182cc48b231473e754c5/src/pages/MyNode/views/Websockets.tsx
ui,src/pages/Network/Routes.tsx,Modeled component responsibility,firefly.explorer.app,https://github.com/hyperledger-firefly/ui/blob/658bae40220f124e0e20182cc48b231473e754c5/src/pages/Network/Routes.tsx
ui,src/pages/Network/views/Dashboard.tsx,Modeled component responsibility,firefly.explorer.app,https://github.com/hyperledger-firefly/ui/blob/658bae40220f124e0e20182cc48b231473e754c5/src/pages/Network/views/Dashboard.tsx
ui,src/pages/Network/views/Identities.tsx,Modeled component responsibility,firefly.explorer.app,https://github.com/hyperledger-firefly/ui/blob/658bae40220f124e0e20182cc48b231473e754c5/src/pages/Network/views/Identities.tsx
ui,src/pages/Network/views/Namespaces.tsx,Modeled component responsibility,firefly.explorer.app,https://github.com/hyperledger-firefly/ui/blob/658bae40220f124e0e20182cc48b231473e754c5/src/pages/Network/views/Namespaces.tsx
ui,src/pages/Network/views/Nodes.tsx,Modeled component responsibility,firefly.explorer.app,https://github.com/hyperledger-firefly/ui/blob/658bae40220f124e0e20182cc48b231473e754c5/src/pages/Network/views/Nodes.tsx
ui,src/pages/Network/views/Organizations.tsx,Modeled component responsibility,firefly.explorer.app,https://github.com/hyperledger-firefly/ui/blob/658bae40220f124e0e20182cc48b231473e754c5/src/pages/Network/views/Organizations.tsx
ui,src/pages/Off-Chain/Routes.tsx,Modeled component responsibility,firefly.explorer.app,https://github.com/hyperledger-firefly/ui/blob/658bae40220f124e0e20182cc48b231473e754c5/src/pages/Off-Chain/Routes.tsx
ui,src/pages/Off-Chain/views/Batches.tsx,Modeled component responsibility,firefly.explorer.app,https://github.com/hyperledger-firefly/ui/blob/658bae40220f124e0e20182cc48b231473e754c5/src/pages/Off-Chain/views/Batches.tsx
ui,src/pages/Off-Chain/views/Dashboard.tsx,Modeled component responsibility,firefly.explorer.app,https://github.com/hyperledger-firefly/ui/blob/658bae40220f124e0e20182cc48b231473e754c5/src/pages/Off-Chain/views/Dashboard.tsx
ui,src/pages/Off-Chain/views/Data.tsx,Modeled component responsibility,firefly.explorer.app,https://github.com/hyperledger-firefly/ui/blob/658bae40220f124e0e20182cc48b231473e754c5/src/pages/Off-Chain/views/Data.tsx
ui,src/pages/Off-Chain/views/DataTypes.tsx,Modeled component responsibility,firefly.explorer.app,https://github.com/hyperledger-firefly/ui/blob/658bae40220f124e0e20182cc48b231473e754c5/src/pages/Off-Chain/views/DataTypes.tsx
ui,src/pages/Off-Chain/views/Groups.tsx,Modeled component responsibility,firefly.explorer.app,https://github.com/hyperledger-firefly/ui/blob/658bae40220f124e0e20182cc48b231473e754c5/src/pages/Off-Chain/views/Groups.tsx
ui,src/pages/Off-Chain/views/Messages.tsx,Modeled component responsibility,firefly.explorer.app,https://github.com/hyperledger-firefly/ui/blob/658bae40220f124e0e20182cc48b231473e754c5/src/pages/Off-Chain/views/Messages.tsx
ui,src/pages/Tokens/Routes.tsx,Modeled component responsibility,firefly.explorer.app,https://github.com/hyperledger-firefly/ui/blob/658bae40220f124e0e20182cc48b231473e754c5/src/pages/Tokens/Routes.tsx
ui,src/pages/Tokens/views/Approvals.tsx,Modeled component responsibility,firefly.explorer.app,https://github.com/hyperledger-firefly/ui/blob/658bae40220f124e0e20182cc48b231473e754c5/src/pages/Tokens/views/Approvals.tsx
ui,src/pages/Tokens/views/Balances.tsx,Modeled component responsibility,firefly.explorer.app,https://github.com/hyperledger-firefly/ui/blob/658bae40220f124e0e20182cc48b231473e754c5/src/pages/Tokens/views/Balances.tsx
ui,src/pages/Tokens/views/Dashboard.tsx,Modeled component responsibility,firefly.explorer.app,https://github.com/hyperledger-firefly/ui/blob/658bae40220f124e0e20182cc48b231473e754c5/src/pages/Tokens/views/Dashboard.tsx
ui,src/pages/Tokens/views/PoolDetails.tsx,Modeled component responsibility,firefly.explorer.app,https://github.com/hyperledger-firefly/ui/blob/658bae40220f124e0e20182cc48b231473e754c5/src/pages/Tokens/views/PoolDetails.tsx
ui,src/pages/Tokens/views/Pools.tsx,Modeled component responsibility,firefly.explorer.app,https://github.com/hyperledger-firefly/ui/blob/658bae40220f124e0e20182cc48b231473e754c5/src/pages/Tokens/views/Pools.tsx
ui,src/pages/Tokens/views/Transfers.tsx,Modeled component responsibility,firefly.explorer.app,https://github.com/hyperledger-firefly/ui/blob/658bae40220f124e0e20182cc48b231473e754c5/src/pages/Tokens/views/Transfers.tsx
ui,src/react-app-env.d.ts,Test or generated test support,,https://github.com/hyperledger-firefly/ui/blob/658bae40220f124e0e20182cc48b231473e754c5/src/react-app-env.d.ts
ui,src/theme.tsx,Modeled component responsibility,firefly.explorer.app,https://github.com/hyperledger-firefly/ui/blob/658bae40220f124e0e20182cc48b231473e754c5/src/theme.tsx
ui,src/utils/charts.ts,Modeled component responsibility,firefly.explorer.app,https://github.com/hyperledger-firefly/ui/blob/658bae40220f124e0e20182cc48b231473e754c5/src/utils/charts.ts
ui,src/utils/fetches.ts,Modeled component responsibility,firefly.explorer.app,https://github.com/hyperledger-firefly/ui/blob/658bae40220f124e0e20182cc48b231473e754c5/src/utils/fetches.ts
ui,src/utils/files.ts,Modeled component responsibility,firefly.explorer.app,https://github.com/hyperledger-firefly/ui/blob/658bae40220f124e0e20182cc48b231473e754c5/src/utils/files.ts
ui,src/utils/filters.ts,Modeled component responsibility,firefly.explorer.app,https://github.com/hyperledger-firefly/ui/blob/658bae40220f124e0e20182cc48b231473e754c5/src/utils/filters.ts
ui,src/utils/histograms/blockchainEventHistogram.ts,Modeled component responsibility,firefly.explorer.app,https://github.com/hyperledger-firefly/ui/blob/658bae40220f124e0e20182cc48b231473e754c5/src/utils/histograms/blockchainEventHistogram.ts
ui,src/utils/histograms/eventHistogram.ts,Modeled component responsibility,firefly.explorer.app,https://github.com/hyperledger-firefly/ui/blob/658bae40220f124e0e20182cc48b231473e754c5/src/utils/histograms/eventHistogram.ts
ui,src/utils/histograms/messageHistogram.ts,Modeled component responsibility,firefly.explorer.app,https://github.com/hyperledger-firefly/ui/blob/658bae40220f124e0e20182cc48b231473e754c5/src/utils/histograms/messageHistogram.ts
ui,src/utils/histograms/operationHistogram.ts,Modeled component responsibility,firefly.explorer.app,https://github.com/hyperledger-firefly/ui/blob/658bae40220f124e0e20182cc48b231473e754c5/src/utils/histograms/operationHistogram.ts
ui,src/utils/histograms/transactionHistogram.ts,Modeled component responsibility,firefly.explorer.app,https://github.com/hyperledger-firefly/ui/blob/658bae40220f124e0e20182cc48b231473e754c5/src/utils/histograms/transactionHistogram.ts
ui,src/utils/histograms/transferHistogram.ts,Modeled component responsibility,firefly.explorer.app,https://github.com/hyperledger-firefly/ui/blob/658bae40220f124e0e20182cc48b231473e754c5/src/utils/histograms/transferHistogram.ts
ui,src/utils/index.ts,Modeled component responsibility,firefly.explorer.app,https://github.com/hyperledger-firefly/ui/blob/658bae40220f124e0e20182cc48b231473e754c5/src/utils/index.ts
ui,src/utils/strings.ts,Modeled component responsibility,firefly.explorer.app,https://github.com/hyperledger-firefly/ui/blob/658bae40220f124e0e20182cc48b231473e754c5/src/utils/strings.ts
ui,src/utils/time.ts,Modeled component responsibility,firefly.explorer.app,https://github.com/hyperledger-firefly/ui/blob/658bae40220f124e0e20182cc48b231473e754c5/src/utils/time.ts
ui,src/utils/timeline.tsx,Modeled component responsibility,firefly.explorer.app,https://github.com/hyperledger-firefly/ui/blob/658bae40220f124e0e20182cc48b231473e754c5/src/utils/timeline.tsx
ui,src/utils/wsEvents.tsx,Modeled component responsibility,firefly.explorer.app,https://github.com/hyperledger-firefly/ui/blob/658bae40220f124e0e20182cc48b231473e754c5/src/utils/wsEvents.tsx
erc20,samples/solidity/contracts/ERC20NoData.sol,Example token contracts and deployment scripts,firefly.erc20.mapper,https://github.com/hyperledger-firefly/tokens-erc20-erc721/blob/7993b308284a396950587b5206370f7f254073d9/samples/solidity/contracts/ERC20NoData.sol
erc20,samples/solidity/contracts/ERC20WithData.sol,Example token contracts and deployment scripts,firefly.erc20.mapper,https://github.com/hyperledger-firefly/tokens-erc20-erc721/blob/7993b308284a396950587b5206370f7f254073d9/samples/solidity/contracts/ERC20WithData.sol
erc20,samples/solidity/contracts/ERC721NoData.sol,Example token contracts and deployment scripts,firefly.erc20.mapper,https://github.com/hyperledger-firefly/tokens-erc20-erc721/blob/7993b308284a396950587b5206370f7f254073d9/samples/solidity/contracts/ERC721NoData.sol
erc20,samples/solidity/contracts/ERC721URI.sol,Example token contracts and deployment scripts,firefly.erc20.mapper,https://github.com/hyperledger-firefly/tokens-erc20-erc721/blob/7993b308284a396950587b5206370f7f254073d9/samples/solidity/contracts/ERC721URI.sol
erc20,samples/solidity/contracts/ERC721WithData.sol,Example token contracts and deployment scripts,firefly.erc20.mapper,https://github.com/hyperledger-firefly/tokens-erc20-erc721/blob/7993b308284a396950587b5206370f7f254073d9/samples/solidity/contracts/ERC721WithData.sol
erc20,samples/solidity/contracts/IERC20WithData.sol,Example token contracts and deployment scripts,firefly.erc20.mapper,https://github.com/hyperledger-firefly/tokens-erc20-erc721/blob/7993b308284a396950587b5206370f7f254073d9/samples/solidity/contracts/IERC20WithData.sol
erc20,samples/solidity/contracts/IERC721WithData.sol,Example token contracts and deployment scripts,firefly.erc20.mapper,https://github.com/hyperledger-firefly/tokens-erc20-erc721/blob/7993b308284a396950587b5206370f7f254073d9/samples/solidity/contracts/IERC721WithData.sol
erc20,samples/solidity/contracts/ITokenFactory.sol,Example token contracts and deployment scripts,firefly.erc20.mapper,https://github.com/hyperledger-firefly/tokens-erc20-erc721/blob/7993b308284a396950587b5206370f7f254073d9/samples/solidity/contracts/ITokenFactory.sol
erc20,samples/solidity/contracts/InterfaceCheck.sol,Example token contracts and deployment scripts,firefly.erc20.mapper,https://github.com/hyperledger-firefly/tokens-erc20-erc721/blob/7993b308284a396950587b5206370f7f254073d9/samples/solidity/contracts/InterfaceCheck.sol
erc20,samples/solidity/contracts/TokenFactory.sol,Example token contracts and deployment scripts,firefly.erc20.mapper,https://github.com/hyperledger-firefly/tokens-erc20-erc721/blob/7993b308284a396950587b5206370f7f254073d9/samples/solidity/contracts/TokenFactory.sol
erc20,samples/solidity/hardhat.config.ts,Example token contracts and deployment scripts,firefly.erc20.mapper,https://github.com/hyperledger-firefly/tokens-erc20-erc721/blob/7993b308284a396950587b5206370f7f254073d9/samples/solidity/hardhat.config.ts
erc20,samples/solidity/scripts/deploy.ts,Example token contracts and deployment scripts,firefly.erc20.mapper,https://github.com/hyperledger-firefly/tokens-erc20-erc721/blob/7993b308284a396950587b5206370f7f254073d9/samples/solidity/scripts/deploy.ts
erc20,samples/solidity/test/ERC20NoData.ts,Test or generated test support,,https://github.com/hyperledger-firefly/tokens-erc20-erc721/blob/7993b308284a396950587b5206370f7f254073d9/samples/solidity/test/ERC20NoData.ts
erc20,samples/solidity/test/ERC20WithData.ts,Test or generated test support,,https://github.com/hyperledger-firefly/tokens-erc20-erc721/blob/7993b308284a396950587b5206370f7f254073d9/samples/solidity/test/ERC20WithData.ts
erc20,samples/solidity/test/ERC721NoData.ts,Test or generated test support,,https://github.com/hyperledger-firefly/tokens-erc20-erc721/blob/7993b308284a396950587b5206370f7f254073d9/samples/solidity/test/ERC721NoData.ts
erc20,samples/solidity/test/ERC721URI.ts,Test or generated test support,,https://github.com/hyperledger-firefly/tokens-erc20-erc721/blob/7993b308284a396950587b5206370f7f254073d9/samples/solidity/test/ERC721URI.ts
erc20,samples/solidity/test/ERC721WithData.ts,Test or generated test support,,https://github.com/hyperledger-firefly/tokens-erc20-erc721/blob/7993b308284a396950587b5206370f7f254073d9/samples/solidity/test/ERC721WithData.ts
erc20,samples/solidity/test/TokenFactory.ts,Test or generated test support,,https://github.com/hyperledger-firefly/tokens-erc20-erc721/blob/7993b308284a396950587b5206370f7f254073d9/samples/solidity/test/TokenFactory.ts
erc20,src/app.module.ts,Runtime initialization,firefly.erc20.api,https://github.com/hyperledger-firefly/tokens-erc20-erc721/blob/7993b308284a396950587b5206370f7f254073d9/src/app.module.ts
erc20,src/event-stream/event-stream.interfaces.ts,Modeled component responsibility,firefly.erc20.stream,https://github.com/hyperledger-firefly/tokens-erc20-erc721/blob/7993b308284a396950587b5206370f7f254073d9/src/event-stream/event-stream.interfaces.ts
erc20,src/event-stream/event-stream.module.ts,Modeled component responsibility,firefly.erc20.stream,https://github.com/hyperledger-firefly/tokens-erc20-erc721/blob/7993b308284a396950587b5206370f7f254073d9/src/event-stream/event-stream.module.ts
erc20,src/event-stream/event-stream.service.spec.ts,Test or generated test support,,https://github.com/hyperledger-firefly/tokens-erc20-erc721/blob/7993b308284a396950587b5206370f7f254073d9/src/event-stream/event-stream.service.spec.ts
erc20,src/event-stream/event-stream.service.ts,Modeled component responsibility,firefly.erc20.stream,https://github.com/hyperledger-firefly/tokens-erc20-erc721/blob/7993b308284a396950587b5206370f7f254073d9/src/event-stream/event-stream.service.ts
erc20,src/eventstream-proxy/eventstream-proxy.base.ts,Modeled component responsibility,firefly.erc20.proxy,https://github.com/hyperledger-firefly/tokens-erc20-erc721/blob/7993b308284a396950587b5206370f7f254073d9/src/eventstream-proxy/eventstream-proxy.base.ts
erc20,src/eventstream-proxy/eventstream-proxy.gateway.spec.ts,Test or generated test support,,https://github.com/hyperledger-firefly/tokens-erc20-erc721/blob/7993b308284a396950587b5206370f7f254073d9/src/eventstream-proxy/eventstream-proxy.gateway.spec.ts
erc20,src/eventstream-proxy/eventstream-proxy.gateway.ts,Modeled component responsibility,firefly.erc20.proxy,https://github.com/hyperledger-firefly/tokens-erc20-erc721/blob/7993b308284a396950587b5206370f7f254073d9/src/eventstream-proxy/eventstream-proxy.gateway.ts
erc20,src/eventstream-proxy/eventstream-proxy.interfaces.ts,Modeled component responsibility,firefly.erc20.proxy,https://github.com/hyperledger-firefly/tokens-erc20-erc721/blob/7993b308284a396950587b5206370f7f254073d9/src/eventstream-proxy/eventstream-proxy.interfaces.ts
erc20,src/eventstream-proxy/eventstream-proxy.module.ts,Modeled component responsibility,firefly.erc20.proxy,https://github.com/hyperledger-firefly/tokens-erc20-erc721/blob/7993b308284a396950587b5206370f7f254073d9/src/eventstream-proxy/eventstream-proxy.module.ts
erc20,src/health/health.controller.spec.ts,Test or generated test support,,https://github.com/hyperledger-firefly/tokens-erc20-erc721/blob/7993b308284a396950587b5206370f7f254073d9/src/health/health.controller.spec.ts
erc20,src/health/health.controller.ts,Health endpoint,firefly.erc20.api,https://github.com/hyperledger-firefly/tokens-erc20-erc721/blob/7993b308284a396950587b5206370f7f254073d9/src/health/health.controller.ts
erc20,src/health/health.module.ts,Health endpoint,firefly.erc20.api,https://github.com/hyperledger-firefly/tokens-erc20-erc721/blob/7993b308284a396950587b5206370f7f254073d9/src/health/health.module.ts
erc20,src/main.ts,Process entrypoint,firefly.erc20.api,https://github.com/hyperledger-firefly/tokens-erc20-erc721/blob/7993b308284a396950587b5206370f7f254073d9/src/main.ts
erc20,src/request-context/constants.ts,Request context helpers,firefly.erc20.api,https://github.com/hyperledger-firefly/tokens-erc20-erc721/blob/7993b308284a396950587b5206370f7f254073d9/src/request-context/constants.ts
erc20,src/request-context/request-context.decorator.ts,Request context helpers,firefly.erc20.api,https://github.com/hyperledger-firefly/tokens-erc20-erc721/blob/7993b308284a396950587b5206370f7f254073d9/src/request-context/request-context.decorator.ts
erc20,src/request-context/request-id.middleware.ts,Request context helpers,firefly.erc20.api,https://github.com/hyperledger-firefly/tokens-erc20-erc721/blob/7993b308284a396950587b5206370f7f254073d9/src/request-context/request-id.middleware.ts
erc20,src/request-logging.interceptor.spec.ts,Test or generated test support,,https://github.com/hyperledger-firefly/tokens-erc20-erc721/blob/7993b308284a396950587b5206370f7f254073d9/src/request-logging.interceptor.spec.ts
erc20,src/request-logging.interceptor.ts,Request logging,firefly.erc20.api,https://github.com/hyperledger-firefly/tokens-erc20-erc721/blob/7993b308284a396950587b5206370f7f254073d9/src/request-logging.interceptor.ts
erc20,src/tokens/abimapper.service.ts,Modeled component responsibility,firefly.erc20.mapper,https://github.com/hyperledger-firefly/tokens-erc20-erc721/blob/7993b308284a396950587b5206370f7f254073d9/src/tokens/abimapper.service.ts
erc20,src/tokens/blockchain.service.ts,Modeled component responsibility,firefly.erc20.blockchain,https://github.com/hyperledger-firefly/tokens-erc20-erc721/blob/7993b308284a396950587b5206370f7f254073d9/src/tokens/blockchain.service.ts
erc20,src/tokens/erc165.ts,Modeled component responsibility,firefly.erc20.mapper,https://github.com/hyperledger-firefly/tokens-erc20-erc721/blob/7993b308284a396950587b5206370f7f254073d9/src/tokens/erc165.ts
erc20,src/tokens/erc20.ts,Modeled component responsibility,firefly.erc20.mapper,https://github.com/hyperledger-firefly/tokens-erc20-erc721/blob/7993b308284a396950587b5206370f7f254073d9/src/tokens/erc20.ts
erc20,src/tokens/erc721.ts,Modeled component responsibility,firefly.erc20.mapper,https://github.com/hyperledger-firefly/tokens-erc20-erc721/blob/7993b308284a396950587b5206370f7f254073d9/src/tokens/erc721.ts
erc20,src/tokens/tokens.controller.spec.ts,Test or generated test support,,https://github.com/hyperledger-firefly/tokens-erc20-erc721/blob/7993b308284a396950587b5206370f7f254073d9/src/tokens/tokens.controller.spec.ts
erc20,src/tokens/tokens.controller.ts,Modeled component responsibility,firefly.erc20.api,https://github.com/hyperledger-firefly/tokens-erc20-erc721/blob/7993b308284a396950587b5206370f7f254073d9/src/tokens/tokens.controller.ts
erc20,src/tokens/tokens.interfaces.ts,Modeled component responsibility,firefly.erc20.mapper,https://github.com/hyperledger-firefly/tokens-erc20-erc721/blob/7993b308284a396950587b5206370f7f254073d9/src/tokens/tokens.interfaces.ts
erc20,src/tokens/tokens.listener.ts,Modeled component responsibility,firefly.erc20.listener,https://github.com/hyperledger-firefly/tokens-erc20-erc721/blob/7993b308284a396950587b5206370f7f254073d9/src/tokens/tokens.listener.ts
erc20,src/tokens/tokens.module.ts,Modeled component responsibility,firefly.erc20.mapper,https://github.com/hyperledger-firefly/tokens-erc20-erc721/blob/7993b308284a396950587b5206370f7f254073d9/src/tokens/tokens.module.ts
erc20,src/tokens/tokens.service.spec.ts,Test or generated test support,,https://github.com/hyperledger-firefly/tokens-erc20-erc721/blob/7993b308284a396950587b5206370f7f254073d9/src/tokens/tokens.service.spec.ts
erc20,src/tokens/tokens.service.ts,Modeled component responsibility,firefly.erc20.service,https://github.com/hyperledger-firefly/tokens-erc20-erc721/blob/7993b308284a396950587b5206370f7f254073d9/src/tokens/tokens.service.ts
erc20,src/tokens/tokens.util.spec.ts,Test or generated test support,,https://github.com/hyperledger-firefly/tokens-erc20-erc721/blob/7993b308284a396950587b5206370f7f254073d9/src/tokens/tokens.util.spec.ts
erc20,src/tokens/tokens.util.ts,Modeled component responsibility,firefly.erc20.mapper,https://github.com/hyperledger-firefly/tokens-erc20-erc721/blob/7993b308284a396950587b5206370f7f254073d9/src/tokens/tokens.util.ts
erc20,src/utils.ts,HTTP helpers,firefly.erc20.blockchain,https://github.com/hyperledger-firefly/tokens-erc20-erc721/blob/7993b308284a396950587b5206370f7f254073d9/src/utils.ts
erc20,src/websocket-events/websocket-events.base.ts,Shared WebSocket base,firefly.erc20.proxy,https://github.com/hyperledger-firefly/tokens-erc20-erc721/blob/7993b308284a396950587b5206370f7f254073d9/src/websocket-events/websocket-events.base.ts
erc20,test/app.e2e-context.ts,Test or generated test support,,https://github.com/hyperledger-firefly/tokens-erc20-erc721/blob/7993b308284a396950587b5206370f7f254073d9/test/app.e2e-context.ts
erc20,test/app.e2e-spec.ts,Test or generated test support,,https://github.com/hyperledger-firefly/tokens-erc20-erc721/blob/7993b308284a396950587b5206370f7f254073d9/test/app.e2e-spec.ts
erc20,test/constants.ts,Test or generated test support,,https://github.com/hyperledger-firefly/tokens-erc20-erc721/blob/7993b308284a396950587b5206370f7f254073d9/test/constants.ts
erc20,test/suites/erc20.ts,Test or generated test support,,https://github.com/hyperledger-firefly/tokens-erc20-erc721/blob/7993b308284a396950587b5206370f7f254073d9/test/suites/erc20.ts
erc20,test/suites/erc721.ts,Test or generated test support,,https://github.com/hyperledger-firefly/tokens-erc20-erc721/blob/7993b308284a396950587b5206370f7f254073d9/test/suites/erc721.ts
erc20,test/suites/websocket.ts,Test or generated test support,,https://github.com/hyperledger-firefly/tokens-erc20-erc721/blob/7993b308284a396950587b5206370f7f254073d9/test/suites/websocket.ts
erc1155,jest.config.ts,Build/test configuration,,https://github.com/hyperledger-firefly/tokens-erc1155/blob/0355a0eb11fd12e311829a41bcbfea6148e52469/jest.config.ts
erc1155,samples/solidity/contracts/ERC1155MixedFungible.sol,Example token contracts and deployment scripts,firefly.erc1155.mapper,https://github.com/hyperledger-firefly/tokens-erc1155/blob/0355a0eb11fd12e311829a41bcbfea6148e52469/samples/solidity/contracts/ERC1155MixedFungible.sol
erc1155,samples/solidity/contracts/IERC1155Factory.sol,Example token contracts and deployment scripts,firefly.erc1155.mapper,https://github.com/hyperledger-firefly/tokens-erc1155/blob/0355a0eb11fd12e311829a41bcbfea6148e52469/samples/solidity/contracts/IERC1155Factory.sol
erc1155,samples/solidity/contracts/IERC1155MixedFungible.sol,Example token contracts and deployment scripts,firefly.erc1155.mapper,https://github.com/hyperledger-firefly/tokens-erc1155/blob/0355a0eb11fd12e311829a41bcbfea6148e52469/samples/solidity/contracts/IERC1155MixedFungible.sol
erc1155,samples/solidity/contracts/InterfaceCheck.sol,Example token contracts and deployment scripts,firefly.erc1155.mapper,https://github.com/hyperledger-firefly/tokens-erc1155/blob/0355a0eb11fd12e311829a41bcbfea6148e52469/samples/solidity/contracts/InterfaceCheck.sol
erc1155,samples/solidity/hardhat.config.ts,Example token contracts and deployment scripts,firefly.erc1155.mapper,https://github.com/hyperledger-firefly/tokens-erc1155/blob/0355a0eb11fd12e311829a41bcbfea6148e52469/samples/solidity/hardhat.config.ts
erc1155,samples/solidity/test/ERC1155MixedFungible.ts,Test or generated test support,,https://github.com/hyperledger-firefly/tokens-erc1155/blob/0355a0eb11fd12e311829a41bcbfea6148e52469/samples/solidity/test/ERC1155MixedFungible.ts
erc1155,src/app.module.ts,Runtime initialization,firefly.erc1155.api,https://github.com/hyperledger-firefly/tokens-erc1155/blob/0355a0eb11fd12e311829a41bcbfea6148e52469/src/app.module.ts
erc1155,src/event-stream/event-stream.interfaces.ts,Modeled component responsibility,firefly.erc1155.stream,https://github.com/hyperledger-firefly/tokens-erc1155/blob/0355a0eb11fd12e311829a41bcbfea6148e52469/src/event-stream/event-stream.interfaces.ts
erc1155,src/event-stream/event-stream.module.ts,Modeled component responsibility,firefly.erc1155.stream,https://github.com/hyperledger-firefly/tokens-erc1155/blob/0355a0eb11fd12e311829a41bcbfea6148e52469/src/event-stream/event-stream.module.ts
erc1155,src/event-stream/event-stream.service.spec.ts,Test or generated test support,,https://github.com/hyperledger-firefly/tokens-erc1155/blob/0355a0eb11fd12e311829a41bcbfea6148e52469/src/event-stream/event-stream.service.spec.ts
erc1155,src/event-stream/event-stream.service.ts,Modeled component responsibility,firefly.erc1155.stream,https://github.com/hyperledger-firefly/tokens-erc1155/blob/0355a0eb11fd12e311829a41bcbfea6148e52469/src/event-stream/event-stream.service.ts
erc1155,src/eventstream-proxy/eventstream-proxy.base.ts,Modeled component responsibility,firefly.erc1155.proxy,https://github.com/hyperledger-firefly/tokens-erc1155/blob/0355a0eb11fd12e311829a41bcbfea6148e52469/src/eventstream-proxy/eventstream-proxy.base.ts
erc1155,src/eventstream-proxy/eventstream-proxy.gateway.spec.ts,Test or generated test support,,https://github.com/hyperledger-firefly/tokens-erc1155/blob/0355a0eb11fd12e311829a41bcbfea6148e52469/src/eventstream-proxy/eventstream-proxy.gateway.spec.ts
erc1155,src/eventstream-proxy/eventstream-proxy.gateway.ts,Modeled component responsibility,firefly.erc1155.proxy,https://github.com/hyperledger-firefly/tokens-erc1155/blob/0355a0eb11fd12e311829a41bcbfea6148e52469/src/eventstream-proxy/eventstream-proxy.gateway.ts
erc1155,src/eventstream-proxy/eventstream-proxy.interfaces.ts,Modeled component responsibility,firefly.erc1155.proxy,https://github.com/hyperledger-firefly/tokens-erc1155/blob/0355a0eb11fd12e311829a41bcbfea6148e52469/src/eventstream-proxy/eventstream-proxy.interfaces.ts
erc1155,src/eventstream-proxy/eventstream-proxy.module.ts,Modeled component responsibility,firefly.erc1155.proxy,https://github.com/hyperledger-firefly/tokens-erc1155/blob/0355a0eb11fd12e311829a41bcbfea6148e52469/src/eventstream-proxy/eventstream-proxy.module.ts
erc1155,src/health/health.controller.spec.ts,Test or generated test support,,https://github.com/hyperledger-firefly/tokens-erc1155/blob/0355a0eb11fd12e311829a41bcbfea6148e52469/src/health/health.controller.spec.ts
erc1155,src/health/health.controller.ts,Health endpoint,firefly.erc1155.api,https://github.com/hyperledger-firefly/tokens-erc1155/blob/0355a0eb11fd12e311829a41bcbfea6148e52469/src/health/health.controller.ts
erc1155,src/health/health.module.ts,Health endpoint,firefly.erc1155.api,https://github.com/hyperledger-firefly/tokens-erc1155/blob/0355a0eb11fd12e311829a41bcbfea6148e52469/src/health/health.module.ts
erc1155,src/main.ts,Process entrypoint,firefly.erc1155.api,https://github.com/hyperledger-firefly/tokens-erc1155/blob/0355a0eb11fd12e311829a41bcbfea6148e52469/src/main.ts
erc1155,src/request-context/constants.ts,Request context helpers,firefly.erc1155.api,https://github.com/hyperledger-firefly/tokens-erc1155/blob/0355a0eb11fd12e311829a41bcbfea6148e52469/src/request-context/constants.ts
erc1155,src/request-context/request-context.decorator.ts,Request context helpers,firefly.erc1155.api,https://github.com/hyperledger-firefly/tokens-erc1155/blob/0355a0eb11fd12e311829a41bcbfea6148e52469/src/request-context/request-context.decorator.ts
erc1155,src/request-context/request-id.middleware.ts,Request context helpers,firefly.erc1155.api,https://github.com/hyperledger-firefly/tokens-erc1155/blob/0355a0eb11fd12e311829a41bcbfea6148e52469/src/request-context/request-id.middleware.ts
erc1155,src/request-logging.interceptor.spec.ts,Test or generated test support,,https://github.com/hyperledger-firefly/tokens-erc1155/blob/0355a0eb11fd12e311829a41bcbfea6148e52469/src/request-logging.interceptor.spec.ts
erc1155,src/request-logging.interceptor.ts,Request logging,firefly.erc1155.api,https://github.com/hyperledger-firefly/tokens-erc1155/blob/0355a0eb11fd12e311829a41bcbfea6148e52469/src/request-logging.interceptor.ts
erc1155,src/tokens/abimapper.service.ts,Modeled component responsibility,firefly.erc1155.mapper,https://github.com/hyperledger-firefly/tokens-erc1155/blob/0355a0eb11fd12e311829a41bcbfea6148e52469/src/tokens/abimapper.service.ts
erc1155,src/tokens/blockchain.service.ts,Modeled component responsibility,firefly.erc1155.blockchain,https://github.com/hyperledger-firefly/tokens-erc1155/blob/0355a0eb11fd12e311829a41bcbfea6148e52469/src/tokens/blockchain.service.ts
erc1155,src/tokens/erc1155.ts,Modeled component responsibility,firefly.erc1155.mapper,https://github.com/hyperledger-firefly/tokens-erc1155/blob/0355a0eb11fd12e311829a41bcbfea6148e52469/src/tokens/erc1155.ts
erc1155,src/tokens/erc165.ts,Modeled component responsibility,firefly.erc1155.mapper,https://github.com/hyperledger-firefly/tokens-erc1155/blob/0355a0eb11fd12e311829a41bcbfea6148e52469/src/tokens/erc165.ts
erc1155,src/tokens/tokens.controller.spec.ts,Test or generated test support,,https://github.com/hyperledger-firefly/tokens-erc1155/blob/0355a0eb11fd12e311829a41bcbfea6148e52469/src/tokens/tokens.controller.spec.ts
erc1155,src/tokens/tokens.controller.ts,Modeled component responsibility,firefly.erc1155.api,https://github.com/hyperledger-firefly/tokens-erc1155/blob/0355a0eb11fd12e311829a41bcbfea6148e52469/src/tokens/tokens.controller.ts
erc1155,src/tokens/tokens.interfaces.ts,Modeled component responsibility,firefly.erc1155.mapper,https://github.com/hyperledger-firefly/tokens-erc1155/blob/0355a0eb11fd12e311829a41bcbfea6148e52469/src/tokens/tokens.interfaces.ts
erc1155,src/tokens/tokens.listener.ts,Modeled component responsibility,firefly.erc1155.listener,https://github.com/hyperledger-firefly/tokens-erc1155/blob/0355a0eb11fd12e311829a41bcbfea6148e52469/src/tokens/tokens.listener.ts
erc1155,src/tokens/tokens.module.ts,Modeled component responsibility,firefly.erc1155.mapper,https://github.com/hyperledger-firefly/tokens-erc1155/blob/0355a0eb11fd12e311829a41bcbfea6148e52469/src/tokens/tokens.module.ts
erc1155,src/tokens/tokens.service.spec.ts,Test or generated test support,,https://github.com/hyperledger-firefly/tokens-erc1155/blob/0355a0eb11fd12e311829a41bcbfea6148e52469/src/tokens/tokens.service.spec.ts
erc1155,src/tokens/tokens.service.ts,Modeled component responsibility,firefly.erc1155.service,https://github.com/hyperledger-firefly/tokens-erc1155/blob/0355a0eb11fd12e311829a41bcbfea6148e52469/src/tokens/tokens.service.ts
erc1155,src/tokens/tokens.util.spec.ts,Test or generated test support,,https://github.com/hyperledger-firefly/tokens-erc1155/blob/0355a0eb11fd12e311829a41bcbfea6148e52469/src/tokens/tokens.util.spec.ts
erc1155,src/tokens/tokens.util.ts,Modeled component responsibility,firefly.erc1155.mapper,https://github.com/hyperledger-firefly/tokens-erc1155/blob/0355a0eb11fd12e311829a41bcbfea6148e52469/src/tokens/tokens.util.ts
erc1155,src/utils.ts,HTTP helpers,firefly.erc1155.blockchain,https://github.com/hyperledger-firefly/tokens-erc1155/blob/0355a0eb11fd12e311829a41bcbfea6148e52469/src/utils.ts
erc1155,src/websocket-events/websocket-events.base.ts,Shared WebSocket base,firefly.erc1155.proxy,https://github.com/hyperledger-firefly/tokens-erc1155/blob/0355a0eb11fd12e311829a41bcbfea6148e52469/src/websocket-events/websocket-events.base.ts
erc1155,test/app.e2e-context.ts,Test or generated test support,,https://github.com/hyperledger-firefly/tokens-erc1155/blob/0355a0eb11fd12e311829a41bcbfea6148e52469/test/app.e2e-context.ts
erc1155,test/app.e2e-spec.ts,Test or generated test support,,https://github.com/hyperledger-firefly/tokens-erc1155/blob/0355a0eb11fd12e311829a41bcbfea6148e52469/test/app.e2e-spec.ts
erc1155,test/suites/api.ts,Test or generated test support,,https://github.com/hyperledger-firefly/tokens-erc1155/blob/0355a0eb11fd12e311829a41bcbfea6148e52469/test/suites/api.ts
erc1155,test/suites/websocket.ts,Test or generated test support,,https://github.com/hyperledger-firefly/tokens-erc1155/blob/0355a0eb11fd12e311829a41bcbfea6148e52469/test/suites/websocket.ts
